-47526.3666, 9.283091636, -22.13074303
-47519.19532, 9.276947207, -22.14752602
-47504.83631, 9.270150995, -22.16125755
-47504.82862, 9.27014988, -22.16125755
-47504.68362, 8.778810057, -23.87617393
-47497.91754, 8.771451248, -23.89905983
-47463.29792, 8.751675525, -23.94788307
-47463.27698, 8.751665744, -23.94788307
-47450.39881, 8.748036495, -23.95246025
-47437.00674, 8.745598306, -23.95246025
-47423.13555, 8.740114363, -23.96314034
-47423.12775, 8.553910258, -24.66192299
-47420.53086, 8.54935703, -24.67718025
-47403.97073, 8.542408323, -24.69243752
-47388.65632, 8.533056884, -24.71837486
-47380.94034, 8.528622628, -24.72905495
-47379.06883, 8.526924781, -24.73515785
-47324.71166, 8.504819599, -24.78245537
-47317.88232, 8.498779971, -24.80076408
-47317.68203, 8.498682053, -24.80076408
-47317.33559, 8.372414914, -25.29357368
-47306.65456, 8.363797221, -25.32103676
-47294.4633, 8.360316952, -25.32561394
-47290.91731, 8.350482806, -25.36223137
-47288.35925, 8.345991001, -25.37901436
-47278.32835, 8.340693168, -25.3927459
-47277.75379, 8.340536202, -25.3927459
-47277.74799, 8.301013443, -25.55142143
-47262.05173, 8.292372882, -25.57430733
-47249.8261, 8.286884114, -25.58803886
-47234.96118, 8.27491883, -25.62618202
-47203.87343, 8.266000558, -25.63991356
-47185.14413, 8.260609579, -25.64754219
-47185.1244, 8.169042806, -26.02134514
-47172.37249, 8.159277131, -26.05338539
-47171.96082, 8.159096202, -26.05338539
-47171.95546, 8.11956403, -26.21816383
-47158.41329, 8.109497406, -26.25020409
-47153.46491, 8.107713063, -26.25325554
-47145.30927, 8.096473863, -26.29445015
-47135.48368, 8.090234381, -26.31428459
-47124.07111, 8.085507849, -26.32496468
-47118.19303, 8.083828946, -26.32801613
-47111.93093, 8.064440359, -26.40430244
-47102.38729, 8.060924114, -26.4134568
-47089.67525, 8.052721514, -26.43786842
-47069.34569, 8.050922262, -26.43176552
-47056.43425, 8.040040558, -26.46838295
-47053.1909, 8.038051647, -26.47448586
-47039.79212, 8.034788622, -26.47753731
-47039.7426, 7.916157269, -26.98560417
-47026.25267, 7.907823577, -27.01306725
-47024.51512, 7.893557656, -27.0740963
-47023.67996, 7.891912906, -27.0801992
-47010.2401, 7.883438511, -27.10766228
-46997.96147, 7.871191102, -27.15190834
-46984.89389, 7.863573094, -27.17631996
-46977.73956, 7.859359519, -27.18852577
-46963.80867, 7.85176883, -27.21141167
-46935.97157, 7.837678999, -27.254132
-46907.10699, 7.822813988, -27.29837807
-46892.33685, 7.817877763, -27.30905815
-46892.29906, 7.690220217, -27.88120552
-46889.5667, 7.685543527, -27.90103996
-46878.95274, 7.680991561, -27.91324577
-46854.21395, 7.665124053, -27.96817192
-46838.12326, 7.660794783, -27.97580055
-46828.43396, 7.655460192, -27.99258354
-46798.54962, 7.650277418, -27.99410927
-46785.82614, 7.627527896, -28.0887043
-46782.04389, 7.622892779, -28.10853874
-46765.66617, 7.616436669, -28.12532173
-46749.29599, 7.604586282, -28.16804207
-46731.33215, 7.596585998, -28.19092796
-46720.54373, 7.594837933, -28.19092796
-46714.21061, 7.592937625, -28.19550514
-46701.04834, 7.589857532, -28.20008232
-46694.35194, 7.588513412, -28.20160805
-46634.45365, 7.583444066, -28.17872215
-46627.87541, 7.582723927, -28.17719643
-46598.10704, 7.576890568, -28.18177361
-46531.02884, 7.568613862, -28.16956779
-46519.301, 7.563805198, -28.18329933
-46498.86508, 7.55064265, -28.22907112
-46487.44454, 7.548438994, -28.23059685
-46452.72918, 7.537165409, -28.25805992
-46439.57364, 7.535841749, -28.25348274
-46434.85596, 7.514981015, -28.34807777
-46429.41594, 7.510119616, -28.36638649
-46411.2135, 7.502109193, -28.39079811
-46393.9582, 7.490463716, -28.43199272
-46355.18718, 7.480644767, -28.44877571
-46348.7595, 7.475985633, -28.46708443
-46344.62877, 7.475345269, -28.46708443
-46310.04548, 7.472757072, -28.45182716
-46291.41932, 7.468232811, -28.4594558
-46258.43973, 7.465033518, -28.44877571
-46175.95806, 7.458871495, -28.41520973
-46161.91572, 7.456586119, -28.41520973
-46111.76491, 7.453056484, -28.39384956
-46102.93974, 7.452528229, -28.38927238
-46097.85524, 7.452131712, -28.38774666
-46073.73604, 7.450843654, -28.37554085
-46025.72886, 7.449344053, -28.34502632
-45990.68519, 7.446160206, -28.33282051
-45947.67161, 7.444967526, -28.30535744
-45919.72987, 7.442750297, -28.29467735
-45904.08251, 7.441299018, -28.29010017
-45832.91559, 7.440639596, -28.23822548
-45736.4232, 7.43619309, -28.18482506
-45677.63328, 7.427896039, -28.17872215
-45604.55318, 7.421835777, -28.15125908
-45534.61955, 7.417221152, -28.11921883
-45520.30167, 7.416271112, -28.11311592
-45423.0785, 7.410840346, -28.06276695
-45374.50972, 7.408882286, -28.03530388
-45367.68842, 7.407972401, -28.03377815
-45319.61463, 7.40610341, -28.00631508
-45202.61321, 7.402832193, -27.93002876
-45111.46447, 7.402634942, -27.86137108
-45092.94063, 7.400438522, -27.8567939
-44970.35406, 7.39269123, -27.7988163
-44917.06868, 7.389829321, -27.7698275
-44825.50717, 7.384620225, -27.72405571
-44797.71819, 7.382192202, -27.71337563
-44719.06051, 7.37712519, -27.67675819
-44693.91944, 7.370631251, -27.68743828
-44693.82292, 7.241893672, -28.30535744
-44693.51704, 7.240819422, -28.30993462
-44693.06601, 7.239687675, -28.31603752
-44690.96384, 7.230177971, -28.36028358
-44685.40635, 7.228040124, -28.36638649
-44667.40108, 7.219890107, -28.39232384
-44655.03696, 7.211275382, -28.42436409
-44654.25635, 7.200101421, -28.47929024
-44654.25558, 7.200101115, -28.47929024
-44654.23647, 7.170004082, -28.62728569
-44650.5906, 7.1562069, -28.69289192
-44629.49799, 7.146545009, -28.72493217
-44617.00408, 7.13741279, -28.76002388
-44604.73473, 7.130601828, -28.7844355
-44570.20031, 7.121187436, -28.80426994
-44561.64782, 7.119676044, -28.80579567
-44561.59336, 7.038455225, -29.21621605
-44558.9754, 7.035034576, -29.23147331
-44558.82032, 7.025863183, -29.27877083
-44548.43582, 7.018667148, -29.30775963
-44548.42384, 6.989016172, -29.46033226
-44543.82025, 6.97374818, -29.53509285
-44535.2908, 6.971825681, -29.5381443
-44523.93115, 6.965240207, -29.56408165
-44507.04962, 6.947893197, -29.64036797
-44497.15545, 6.926085851, -29.74716881
-44496.90729, 6.925950648, -29.74716881
-44475.60108, 6.921388954, -29.75327171
-44442.72582, 6.902505996, -29.82650658
-44425.69275, 6.896988194, -29.84176384
-44417.25784, 6.894311049, -29.84939247
-44416.34407, 6.78569705, -30.4306942
-44416.34319, 6.785681016, -30.4306942
-44414.81003, 6.785034293, -30.43374565
-44406.71722, 6.771379525, -30.50087761
-44402.41461, 6.769474096, -30.50850624
-44400.63454, 6.762083894, -30.5466494
-44396.96592, 6.758044479, -30.56648384
-44396.91294, 6.748272476, -30.61988426
-44396.37118, 6.747797224, -30.62140999
-44372.28885, 6.72866343, -30.70685066
-44357.89255, 6.720471089, -30.74041664
-44338.59454, 6.710907688, -30.77703407
-44325.35527, 6.710889836, -30.76635399
-44323.75544, 6.701035261, -30.81975441
-44323.6884, 6.701002047, -30.81975441
-44292.97708, 6.689923961, -30.85484612
-44286.54782, 6.687198101, -30.8655262
-44268.90449, 6.677695597, -30.90366936
-44268.81942, 6.677680728, -30.90366936
-44268.72241, 6.559638165, -31.57346321
-44268.15545, 6.558345504, -31.57956612
-44259.99708, 6.54296292, -31.66195534
-44229.90504, 6.524990169, -31.73976738
-44218.8506, 6.519933035, -31.75960182
-44204.09538, 6.514640289, -31.77791054
-44170.13836, 6.510338679, -31.77485909
-44162.55036, 6.497401477, -31.84351677
-44161.55063, 6.496454165, -31.84809395
-44159.78572, 6.485240207, -31.91217445
-44152.58468, 6.480617657, -31.93353462
-44137.462, 6.475097295, -31.95336906
-44122.58737, 6.472081709, -31.95794624
-44120.57703, 6.470968363, -31.96252342
-44111.77338, 6.458013035, -32.03118111
-44051.53897, 6.44663884, -32.04643837
-44033.50481, 6.442514748, -32.05559273
-43914.8061, 6.434352666, -32.00066658
-43914.7605, 6.43431919, -32.00066658
-43905.06643, 6.429729666, -32.0189753
-43884.59889, 6.420162579, -32.05864418
-43884.54841, 6.336392239, -32.56213387
-43880.24684, 6.335406209, -32.56518532
-43878.80893, 6.32237991, -32.64299736
-43861.21303, 6.313108706, -32.68419197
-43844.84628, 6.303276824, -32.72996376
-43844.70785, 6.30284836, -32.73301521
-43825.9053, 6.294029152, -32.76963264
-43777.99248, 6.273274374, -32.85507332
-43774.44195, 6.269136392, -32.87795921
-43772.50333, 6.260189327, -32.93135963
-43764.76473, 6.256540124, -32.94814262
-43752.66705, 6.250904029, -32.97255424
-43742.27224, 6.250522465, -32.96492561
-43734.5083, 6.241198409, -33.01680031
-43729.3588, 6.239387461, -33.02290321
-43715.00064, 6.230487336, -33.06562355
-43623.60958, 6.218472463, -33.05952065
-43584.45251, 6.213814265, -33.05341774
-43550.13896, 6.208785832, -33.05494347
-43499.45825, 6.197372053, -33.08088081
-43493.80589, 6.195232146, -33.09003517
-43481.33238, 6.182616384, -33.15716713
-43443.28912, 6.172704217, -33.18615593
-43426.79547, 6.160917232, -33.24565926
-43419.74549, 6.155004123, -33.27769951
-43405.5946, 6.139024156, -33.36619164
-43401.9789, 6.137895476, -33.37076881
-43353.2392, 6.121245854, -33.43332359
-43352.49241, 6.114082791, -33.47756966
-43313.92311, 6.107477277, -33.48519829
-43283.28038, 6.104912841, -33.4745182
-43248.82253, 6.100063896, -33.4745182
-43166.61267, 6.094131649, -33.43790077
-43129.62539, 6.09025602, -33.42874641
-43128.09887, 6.090175589, -33.42874641
-43092.51206, 6.088093734, -33.40891197
-43043.0433, 6.084523777, -33.3875518
-42994.84204, 6.082190304, -33.358563
-42919.94326, 6.077940342, -33.31736839
-42843.57121, 6.073798416, -33.27464806
-42818.97827, 6.072454127, -33.26091652
-42770.00072, 6.070616807, -33.22735054
-42674.97341, 6.065020114, -33.17700157
-42654.79015, 6.062502545, -33.17395012
-42617.39335, 6.058319042, -33.16632149
-42573.29078, 6.056257592, -33.14038414
-42534.54431, 6.05425828, -33.11749825
-42525.62962, 6.053477074, -33.11444679
-42480.64995, 6.050325316, -33.09308662
-42408.14129, 6.046524198, -33.05036629
-42399.85973, 6.045441647, -33.05036629
-42307.62392, 6.040855561, -32.99544014
-42287.36162, 6.039621691, -32.98476006
-42175.94082, 6.036966321, -32.89931938
-42108.95608, 6.033964322, -32.85659904
-42057.51381, 6.033881649, -32.80930153
-42043.07557, 6.032736832, -32.80319862
-42019.79401, 6.031028263, -32.79404427
-41911.89136, 6.024862162, -32.73301521
-41855.21635, 6.02100776, -32.70555214
-41765.06598, 6.015964434, -32.65520317
-41729.66727, 6.014578858, -32.63079155
-41692.54164, 6.012694137, -32.60790565
-41583.44698, 6.007584587, -32.5407737
-41575.69359, 6.005026707, -32.54992805
-41545.09164, 6.0030914, -32.53314507
-41505.98794, 5.999271413, -32.52246498
-41454.68609, 5.997890682, -32.4827961
-41414.77379, 5.993881038, -32.47211601
-41371.26927, 5.990429266, -32.4538073
-41304.643, 5.987991575, -32.40650978
-41304.48863, 5.987987022, -32.40650978
-41268.46369, 5.985585304, -32.38820107
-41224.16366, 5.98298053, -32.36378944
-41197.58073, 5.981373794, -32.35005791
-41174.03629, 5.98052465, -32.33327492
-41152.31319, 5.979781774, -32.31801765
-41106.21257, 5.978117667, -32.2859774
-41105.70865, 5.978092593, -32.2859774
-41062.97213, 5.976782257, -32.25393715
-41027.40893, 5.975844243, -32.22647408
-40892.65513, 5.974225035, -32.11051888
-40892.11821, 5.974204245, -32.11051888
-40348.06362, 5.887506524, -32.15781639
-40347.94917, 5.886984928, -32.16086784
-40347.89767, 5.88673313, -32.16239357
-40343.41256, 5.882786269, -32.18375374
-40341.67428, 5.862744381, -32.31344048
-40332.22395, 5.858581005, -32.33174919
-40317.01856, 5.853240146, -32.35158363
-40315.5168, 5.850444956, -32.36836662
-40314.06129, 5.840255011, -32.43397285
-40311.57923, 5.83886552, -32.44160149
-40302.81974, 5.830577494, -32.48737328
-40301.47181, 5.819810574, -32.55755669
-40296.19238, 5.817545436, -32.56671104
-40267.67471, 5.801529911, -32.64604881
-40259.81613, 5.795837766, -32.67656334
-40233.52134, 5.786627703, -32.71318077
-40215.87396, 5.782772903, -32.72233513
-40215.83354, 5.684186526, -33.39212898
-40215.80849, 5.684146226, -33.39212898
-40215.80781, 5.683894597, -33.39365471
-40214.12694, 5.67352871, -33.46383812
-40210.96107, 5.662200354, -33.53859871
-40196.90262, 5.654318739, -33.57979332
-40195.78494, 5.639195157, -33.68506844
-40178.01998, 5.628623205, -33.74152031
-40169.29524, 5.616957504, -33.81475517
-40150.41894, 5.611264142, -33.83611534
-40136.64868, 5.604733565, -33.86815559
-40122.8389, 5.589131177, -33.96580208
-40102.45195, 5.585293565, -33.97343071
-40081.74644, 5.580380566, -33.98716225
-40081.10289, 5.578939577, -33.9963166
-40077.85881, 5.578838825, -33.99479088
-40069.44065, 5.566573569, -34.07412865
-40068.57005, 5.45801492, -34.86140343
-40068.56644, 5.457490654, -34.86598061
-40068.51294, 5.457340518, -34.86598061
-40068.09563, 5.457257652, -34.86750633
-40065.70103, 5.444763279, -34.95752419
-40063.47129, 5.436037847, -35.02007896
-40057.71707, 5.433933291, -35.02923332
-40043.5914, 5.424623612, -35.0856852
-40028.04124, 5.415000847, -35.14061134
-40022.69533, 5.411423873, -35.16197151
-40010.8514, 5.405648324, -35.19401176
-39980.74181, 5.398707313, -35.21537193
-39962.32161, 5.395902808, -35.21842339
-39959.98935, 5.39243769, -35.24130928
-39958.67323, 5.382543937, -35.31454414
-39952.32102, 5.380607328, -35.3236985
-39947.4973, 5.372571526, -35.38015038
-39938.37428, 5.365417291, -35.42439644
-39921.41252, 5.359993686, -35.44880806
-39921.29709, 5.359962202, -35.44880806
-39905.80902, 5.344483528, -35.55103172
-39905.12358, 5.344088976, -35.55255745
-39876.95651, 5.337776141, -35.57239189
-39823.83845, 5.330927315, -35.57086617
-39773.16472, 5.324202833, -35.57086617
-39743.05364, 5.322340591, -35.55408318
-39709.69149, 5.320359525, -35.53424873
-39684.09424, 5.308704984, -35.59832924
-39684.07446, 5.234799735, -36.17505379
-39684.03938, 5.234667971, -36.17657951
-39683.34663, 5.233642811, -36.18420815
-39681.51812, 5.231443016, -36.19946541
-39678.899, 5.229331456, -36.21319695
-39676.58436, 5.220802128, -36.27880318
-39674.52129, 5.204456497, -36.40696419
-39665.19603, 5.2001236, -36.43137581
-39657.44285, 5.184377419, -36.55038246
-39648.2557, 5.182129567, -36.55801109
-39638.56108, 5.181936541, -36.55038246
-39634.56482, 5.162467458, -36.70295509
-39622.88095, 5.154870646, -36.75177834
-39595.20918, 5.147664723, -36.78229286
-39583.96427, 5.145506155, -36.78687004
-39565.2648, 5.129437081, -36.89824806
-39557.34304, 5.116641979, -36.99589455
-39541.08646, 5.109518873, -37.03708916
-39515.10375, 5.102824571, -37.06455223
-39509.26557, 5.091353515, -37.15304436
-39491.81323, 5.086940562, -37.17135307
-39436.06762, 5.083675709, -37.13778709
-39433.50037, 5.077157562, -37.18966179
-39401.34266, 5.076116334, -37.16372444
-39372.15528, 5.074077872, -37.1499929
-39316.40324, 5.066710988, -37.15151863
-39294.39521, 5.057155724, -37.2079705
-39292.25697, 5.056940877, -37.20644478
-39291.65751, 4.982599922, -37.83656975
-39291.5162, 4.982219124, -37.8396212
-39291.40145, 4.982027764, -37.84114693
-39291.33186, 4.98181758, -37.84267265
-39291.31076, 4.981686954, -37.84267265
-39287.23734, 4.970414076, -37.93574196
-39280.34706, 4.95525596, -38.05932579
-39260.80222, 4.947497381, -38.10509758
-39240.3002, 4.933166502, -38.20732124
-39219.97756, 4.925868338, -38.25004158
-39185.52312, 4.92067798, -38.25767021
-39185.32357, 4.92046576, -38.25919594
-39185.07846, 4.919867316, -38.26377312
-39179.87311, 4.906926743, -38.37209969
-39175.71236, 4.896772104, -38.45601463
-39165.74839, 4.891369976, -38.49263206
-39152.88531, 4.885464295, -38.53077522
-39115.3334, 4.882970109, -38.51246651
-39115.14326, 4.87316296, -38.59943291
-39098.80396, 4.861753214, -38.68334785
-39090.72225, 4.859752747, -38.69097649
-39069.6314, 4.858214216, -38.68182213
-39037.82589, 4.852161922, -38.70013084
-39020.74148, 4.851353686, -38.68945076
-38993.23342, 4.850272045, -38.66809059
-38966.7928, 4.846444539, -38.67266777
-38919.52417, 4.839466615, -38.68182213
-38888.88471, 4.819930361, -38.82371468
-38860.07908, 4.812422209, -38.86033211
-38842.80074, 4.808013161, -38.88016655
-38833.47227, 4.806856601, -38.88016655
-38832.08468, 4.804353156, -38.90152672
-38829.11839, 4.795565653, -38.97781303
-38825.54177, 4.784977319, -39.07088234
-38797.52995, 4.784372162, -39.04494499
-38791.99335, 4.769896353, -39.17158028
-38780.4769, 4.757951603, -39.26922676
-38767.92824, 4.753390932, -39.29668983
-38747.61064, 4.750256268, -39.30279274
-38708.47708, 4.74356251, -39.31957573
-38696.70043, 4.741259073, -39.32873009
-38671.14163, 4.738598174, -39.32415291
-38633.59128, 4.73623331, -39.30279274
-38586.11957, 4.730922629, -39.29821556
-38550.82505, 4.728005878, -39.28448402
-38495.14817, 4.724149381, -39.25702095
-38448.85847, 4.721852708, -39.22650642
-38384.9666, 4.717278548, -39.1959919
-38302.46682, 4.711711995, -39.15327156
-38284.10942, 4.71100155, -39.1380143
-38218.59764, 4.709229931, -39.0800367
-38174.98047, 4.705846929, -39.06172798
-38156.38832, 4.705057544, -39.04799644
-38096.9572, 4.703393642, -38.99459602
-38087.33703, 4.702924045, -38.98849312
-38047.55861, 4.695917312, -39.00680183
-38006.88221, 4.692537719, -38.99154457
-37905.57402, 4.686686787, -38.93051552
-37872.36189, 4.68449878, -38.9122068
-37824.32586, 4.682248358, -38.8771151
-37737.03813, 4.677503665, -38.82066322
-37693.88676, 4.675102259, -38.79320015
-37638.53639, 4.673759624, -38.74285118
-37635.08315, 4.672970964, -38.74590263
-37588.3093, 4.670284822, -38.71691383
-37554.98125, 4.669350888, -38.68639931
-37480.17826, 4.667251282, -38.61926735
-37477.76033, 4.667077399, -38.61774162
-37415.48024, 4.665881649, -38.55671257
-37407.00286, 4.665144609, -38.55366112
-37373.69975, 4.664160301, -38.52467232
-37316.08634, 4.660798917, -38.48958061
-37265.31687, 4.656430701, -38.4712719
-37211.05896, 4.653800275, -38.43160301
-37116.51111, 4.649721473, -38.35989388
-36978.51858, 4.639319496, -38.29581337
-36948.13374, 4.639301658, -38.26072166
-36917.59546, 4.635044968, -38.26529884
-36878.72513, 4.63489659, -38.22105278
-36821.44619, 4.629412452, -38.20426979
-36797.96138, 4.628712281, -38.18443535
-36746.88417, 4.624551617, -38.16307518
-36660.03704, 4.621365297, -38.08984032
-36658.21853, 4.620708012, -38.0944175
-36556.343, 4.616221771, -38.01660545
-36545.35921, 4.615751282, -38.0074511
-36511.5513, 4.612605735, -37.99829674
-36460.3594, 4.611358797, -37.9494735
-36424.75267, 4.609878579, -37.9204847
-36404.24738, 4.609554991, -37.90065025
-36355.97957, 4.607846056, -37.85945564
-36267.29967, 4.607489007, -37.75723198
-36249.7544, 4.606728337, -37.74350044
-36220.57114, 4.606204376, -37.71451164
-34487.8749, 4.540772237, -36.25439156
-34487.83349, 4.540041034, -36.26049446
-34487.82576, 4.540020378, -36.26049446
-34480.17008, 4.534027282, -36.30626625
-34478.51242, 4.51452517, -36.4832505
-34473.8281, 4.513234938, -36.48935341
-34471.72043, 4.501778891, -36.5931028
-34452.72068, 4.492105287, -36.66023476
-34448.71761, 4.481992448, -36.75025261
-34436.86706, 4.473033658, -36.81891029
-34435.28172, 4.47179762, -36.82959038
-34434.62162, 4.459497123, -36.94401985
-34392.3017, 4.445677932, -37.02335762
-34390.02282, 4.437020378, -37.10269539
-34360.63424, 4.423839481, -37.19118752
-34355.56795, 4.337424104, -38.02575981
-34355.55417, 4.337070311, -38.02881126
-34355.55398, 4.337066487, -38.02881126
-34355.53498, 4.336896447, -38.03033699
-34349.27566, 4.311762409, -38.27292747
-34339.02592, 4.296354685, -38.41482002
-34338.24599, 4.295780726, -38.4193972
-34328.3085, 4.278359502, -38.58264992
-34312.79882, 4.268538618, -38.66351341
-34301.06753, 4.255178242, -38.78404579
-34284.39058, 4.246523826, -38.85270348
-34265.97417, 4.234363216, -38.95340141
-34265.92456, 4.234319165, -38.95492714
-34221.69027, 4.217049881, -39.07698524
-34221.68909, 4.217046294, -39.07698524
-34208.04185, 4.111529604, -40.18008537
-34208.02684, 4.111273944, -40.18313683
-34208.02647, 4.111270099, -40.18313683
-34207.94593, 4.111152577, -40.18466255
-34207.93612, 4.111143464, -40.18466255
-34207.81089, 4.111071975, -40.18466255
-34206.06648, 4.10728706, -40.22433144
-34205.8455, 4.106972038, -40.22738289
-34204.88143, 4.098180413, -40.32197792
-34203.15943, 4.096109232, -40.34181236
-34202.71935, 4.087511587, -40.43640739
-34198.0736, 4.082682349, -40.48370491
-34195.01898, 4.074426605, -40.57067131
-34187.46688, 4.069079081, -40.61949455
-34173.10021, 4.062770599, -40.66984352
-34162.19884, 4.056397924, -40.72629539
-34150.87768, 4.048286971, -40.80258171
-34138.68105, 4.043345331, -40.84072487
-34104.70149, 4.036636207, -40.8712394
-34093.55399, 4.023317993, -41.00702904
-34089.71454, 4.013980075, -41.10620125
-34085.5308, 4.008385995, -41.16417885
-34064.54516, 4.001593588, -41.21452782
-34055.44473, 3.994715235, -41.28013405
-34016.76783, 3.978622323, -41.41287224
-33995.24416, 3.974716207, -41.4281295
-33942.27663, 3.969345178, -41.41897514
-33922.86204, 3.966400119, -41.42660378
-33898.96366, 3.962673689, -41.43728386
-33858.55088, 3.961231635, -41.3991407
-33823.7114, 3.950198388, -41.4800042
-33823.29772, 3.887566143, -42.21693001
-33823.29216, 3.887550355, -42.21693001
-33823.28201, 3.887508988, -42.21693001
-33823.2808, 3.887501172, -42.21693001
-33817.54666, 3.880801885, -42.29016487
-33816.00222, 3.86395201, -42.49003502
-33815.35867, 3.858418564, -42.55564125
-33814.91228, 3.858170187, -42.5586927
-33812.37074, 3.853464142, -42.61209312
-33805.8161, 3.849217534, -42.65481346
-33805.28495, 3.848615535, -42.66091637
-33803.38691, 3.830266783, -42.88214668
-33802.77061, 3.822033689, -42.98284462
-33790.10847, 3.815149051, -43.04997658
-33776.48809, 3.809866887, -43.09574837
-33757.22709, 3.796389752, -43.23611519
-33734.3612, 3.788023612, -43.30935005
-33704.00748, 3.783189429, -43.32613304
-33699.45414, 3.770440747, -43.4802314
-33695.32104, 3.766835454, -43.51990028
-33694.35247, 3.757732782, -43.63432976
-33673.342, 3.74988966, -43.70298744
-33660.83515, 3.740635473, -43.80368538
-33659.29419, 3.740274886, -43.80673683
-33648.78292, 3.733573608, -43.87692024
-33643.08297, 3.730738554, -43.90590904
-33594.95618, 3.721027893, -43.96083519
-33516.02692, 3.711316021, -43.97456673
-33464.55502, 3.707051006, -43.95473228
-33431.62147, 3.698792381, -44.01576134
-33430.78251, 3.635322918, -44.85033363
-33430.48598, 3.634655231, -44.85796227
-33428.81423, 3.631386673, -44.89915688
-33424.69895, 3.629831661, -44.91441414
-33424.07791, 3.628158841, -44.93577431
-33423.9515, 3.619504703, -45.05172951
-33417.1058, 3.615715801, -45.09292412
-33415.13158, 3.609144287, -45.17989052
-33414.95415, 3.599160682, -45.31415443
-33414.37746, 3.597298322, -45.34009178
-33391.72432, 3.586972084, -45.44689262
-33380.71415, 3.579886768, -45.52775612
-33376.47574, 3.577158335, -45.55979637
-33365.90976, 3.569594815, -45.6482885
-33365.88268, 3.569582436, -45.6482885
-33320.15374, 3.567921656, -45.60404243
-33319.481, 3.567643226, -45.60709389
-33316.28461, 3.550088908, -45.84510719
-33311.11579, 3.54966161, -45.84358147
-33303.78991, 3.53158846, -46.08617195
-33267.84351, 3.511095279, -46.32265953
-33247.44421, 3.506108958, -46.36232841
-33213.739, 3.500056633, -46.39894585
-33182.42765, 3.495403427, -46.41725456
-33182.14896, 3.495356088, -46.41725456
-33136.9657, 3.489742462, -46.42946037
-33102.33034, 3.484852357, -46.44776909
-33058.54607, 3.481803547, -46.42488319
-33040.69689, 3.473368978, -46.51947823
-33025.82726, 3.4647097, -46.62170189
-33013.61438, 3.455770851, -46.73307991
-33013.59115, 3.455760136, -46.73307991
-32967.63345, 3.454245884, -46.68578239
-32963.63424, 3.443006362, -46.84293221
-32963.56672, 3.435443616, -46.95431023
-32957.43073, 3.423566991, -47.1206144
-32943.99485, 3.416000468, -47.21063225
-32924.96594, 3.414153289, -47.20910652
-32919.18764, 3.404258509, -47.34794762
-32917.67288, 3.400863172, -47.39677086
-32911.02549, 3.395742302, -47.46237709
-32870.97002, 3.388263436, -47.51272606
-32864.66938, 3.385847387, -47.53866341
-32845.73973, 3.381886395, -47.56917793
-32786.70462, 3.377186936, -47.54934349
-32769.59119, 3.373225824, -47.58138374
-32721.63519, 3.37061247, -47.54629204
-32713.85017, 3.368831006, -47.5615493
-32674.71698, 3.367084036, -47.5264576
-32661.9112, 3.364712433, -47.54324059
-32612.22661, 3.361604966, -47.51272606
-32587.45394, 3.360158399, -47.49594307
-32546.27562, 3.358793455, -47.45169701
-32503.69546, 3.356180666, -47.42575966
-32442.31349, 3.354285979, -47.35710197
-32394.82933, 3.3495525, -47.35557625
-32368.63999, 3.347912716, -47.33879326
-32357.7763, 3.347419605, -47.3296389
-32333.27595, 3.347060428, -47.29607292
-32260.85768, 3.343037238, -47.24419823
-32236.82764, 3.339762011, -47.25487831
-32199.44478, 3.336712196, -47.2426725
-32134.88437, 3.331684165, -47.21826088
-32069.72201, 3.330067103, -47.13892311
-32045.29029, 3.326285272, -47.15875755
-32006.4304, 3.324160155, -47.12976875
-31958.99711, 3.3216844, -47.0916256
-31884.75969, 3.317872727, -47.03212227
-31843.80998, 3.31656829, -46.98787621
-31782.49628, 3.3123311, -46.95431023
-31716.35627, 3.310342541, -46.87954964
-31663.33482, 3.307165619, -46.84445793
-31632.13522, 3.305973866, -46.81241768
-31601.23812, 3.304665105, -46.78342888
-31545.32996, 3.304044917, -46.70409111
-31529.31996, 3.30258383, -46.70103966
-31486.35901, 3.301272929, -46.65221642
-31428.99699, 3.298184637, -46.60797035
-31409.27776, 3.296319889, -46.60339317
-31379.24283, 3.294907334, -46.57745583
-31323.64947, 3.292491253, -46.52558113
-31298.75851, 3.291348998, -46.50269524
-31265.40421, 3.289207799, -46.48286079
-31187.00322, 3.285521332, -46.41267738
-31136.16622, 3.282878963, -46.37148277
-31097.79326, 3.279022208, -46.36843132
-31062.11416, 3.276585179, -46.34859688
-31019.94512, 3.27177517, -46.35317406
-30953.10619, 3.270116931, -46.27231056
-30915.71176, 3.267308769, -46.25400185
-30892.87373, 3.265691228, -46.24179604
-30848.48769, 3.262027334, -46.22653877
-30816.45508, 3.260682901, -46.19449852
-30779.30825, 3.259774248, -46.14872673
-30759.61397, 3.258453722, -46.13652092
-30721.42917, 3.255671931, -46.1182122
-30607.873, 3.252282238, -45.98547401
-30583.80349, 3.250430689, -45.97479393
-30520.12762, 3.248441533, -45.90155907
-30506.34252, 3.246658618, -45.90613625
-30460.86967, 3.24525344, -45.85426155
-30445.19149, 3.244764925, -45.83595284
-30381.78522, 3.242144815, -45.77339806
-30334.05392, 3.241026089, -45.712369
-30303.38355, 3.239859747, -45.68032875
-30233.40049, 3.239709966, -45.56895073
-30178.53357, 3.238750644, -45.49419014
-30167.02066, 3.238204482, -45.48351006
-26758.40305, 3.164875895, -40.90327965
-26758.39602, 3.164734353, -40.9063311
-26758.37202, 3.164649248, -40.9063311
-26756.27446, 3.162693935, -40.93074272
-26755.97077, 3.161142619, -40.95362862
-26755.44584, 3.1597028, -40.97346306
-26754.21189, 3.150109125, -41.1092527
-26750.27897, 3.140747064, -41.23741371
-26747.96751, 3.13673921, -41.29233986
-26744.21178, 3.127288867, -41.42355232
-26742.088, 3.125170168, -41.4510154
-26737.65104, 3.114293453, -41.60358803
-26734.63887, 3.111560342, -41.63867973
-26732.56574, 3.106097325, -41.71496605
-26727.75227, 3.094638053, -41.87669304
-26723.77729, 3.090002316, -41.93924782
-26720.5412, 3.089718317, -41.93772209
-26707.03892, 3.083233656, -42.01248268
-26702.84819, 3.082950337, -42.00943123
-26693.13944, 3.075228891, -42.10860344
-26688.74482, 3.073233127, -42.12996361
-26683.92873, 3.071217991, -42.1528495
-26649.78838, 3.059586861, -42.2688047
-26626.4459, 3.049770257, -42.378657
-26621.90759, 3.034305227, -42.60751595
-26614.92843, 3.028580522, -42.68380226
-26610.8161, 2.938918218, -44.10120201
-26610.81019, 2.938915895, -44.10120201
-26610.80972, 2.938912101, -44.10120201
-26608.66746, 2.936574019, -44.13476799
-26608.05798, 2.926832412, -44.29344353
-26603.22165, 2.921267238, -44.37735847
-26601.34931, 2.914022359, -44.49331367
-26600.86666, 2.913288628, -44.50399376
-26600.25141, 2.903975766, -44.65809212
-26596.47091, 2.901406342, -44.69470955
-26595.36458, 2.891178929, -44.86406517
-26584.95514, 2.883981517, -44.96628883
-26573.14039, 2.879538604, -45.01968925
-26559.34988, 2.869593126, -45.16310753
-26538.7132, 2.861191699, -45.26838264
-26532.86465, 2.859419024, -45.28821709
-26520.80311, 2.855313635, -45.33704033
-26493.84052, 2.840427628, -45.54301338
-26489.91353, 2.838044578, -45.57810509
-26489.54713, 2.830642558, -45.7062661
-26463.0606, 2.817159904, -45.89240471
-26454.91115, 2.810088064, -46.002257
-26448.74849, 2.806973839, -46.04497734
-26424.35685, 2.797515393, -46.16703545
-26380.3808, 2.790207851, -46.21433296
-26344.06985, 2.757759924, -46.73155418
-26343.70659, 2.75658416, -46.75138863
-26342.339, 2.75432189, -46.79105751
-26341.72584, 2.753071653, -46.81241768
-26340.10349, 2.742972157, -46.99397911
-26337.99454, 2.741466923, -47.01839073
-26331.40646, 2.720787521, -47.38914223
-26325.6557, 2.709304836, -47.59358955
-26320.55503, 2.703977838, -47.68360741
-26309.04945, 2.69990004, -47.73853355
-26303.21059, 2.69800444, -47.76294518
-26291.32871, 2.695611725, -47.78583107
-26291.28696, 2.688571573, -47.92009499
-26286.8207, 2.68474477, -47.98417549
-26270.44235, 2.68051267, -48.03299873
-26241.2315, 2.674917094, -48.0833477
-26233.40652, 2.67253771, -48.11386223
-26226.14825, 2.661077807, -48.32136101
-26221.49102, 2.649222021, -48.54259132
-26221.0652, 2.648454409, -48.55632286
-26212.55187, 2.642005789, -48.66617516
-26197.16521, 2.637505314, -48.72415276
-26187.4149, 2.635285423, -48.74856438
-26182.82664, 2.628860253, -48.86757103
-26178.51107, 2.625953819, -48.91639427
-26161.91301, 2.617344143, -49.05523537
-26138.16966, 2.607445698, -49.20628227
-26129.77043, 2.604042295, -49.25663124
-26101.50844, 2.599556725, -49.29019722
-26100.43529, 2.58913601, -49.50074745
-26095.80563, 2.578995888, -49.69756615
-26076.58049, 2.566800356, -49.90964211
-26068.45359, 2.564245249, -49.94625954
-26060.77239, 2.557210564, -50.07594627
-26036.73889, 2.553112882, -50.11256371
-26029.09437, 2.543537375, -50.29717659
-25988.05173, 2.536133607, -50.36888573
-25959.28988, 2.534527026, -50.34294838
-25959.28203, 2.534313852, -50.34752556
-25959.27065, 2.534185984, -50.35057701
-25957.61558, 2.530432415, -50.42686333
-25952.67709, 2.519514431, -50.64809364
-25951.34599, 2.505742317, -50.93950737
-25951.32959, 2.505683695, -50.9410331
-25951.31509, 2.505677879, -50.9410331
-25951.31449, 2.505396573, -50.947136
-25950.54508, 2.503199426, -50.99290779
-25949.44365, 2.494956927, -51.16989204
-25949.40947, 2.494498216, -51.1790464
-25948.24642, 2.492911329, -51.21108665
-25947.15324, 2.4904385, -51.26296135
-25943.97025, 2.48221183, -51.43536842
-25943.09955, 2.480816557, -51.46435722
-25940.9523, 2.478865938, -51.50250038
-25937.6602, 2.469176772, -51.70999916
-25934.11813, 2.465176541, -51.79086266
-25933.98662, 2.459166086, -51.92360085
-25932.37891, 2.455751699, -51.99683571
-25926.13524, 2.452524114, -52.05633904
-25899.66432, 2.438951625, -52.30503242
-25899.11403, 2.438349221, -52.31723824
-25892.33546, 2.433648012, -52.41030754
-25883.68324, 2.428844605, -52.50032539
-25869.08884, 2.42463769, -52.56593163
-25861.56097, 2.423775119, -52.56898308
-25847.32454, 2.423271486, -52.55067436
-25846.51352, 2.42060813, -52.60865196
-25833.34817, 2.417244368, -52.6574752
-25832.41178, 2.407358831, -52.8832827
-25830.94543, 2.406772137, -52.89396278
-25827.83758, 2.397553834, -53.10146156
-25819.11186, 2.393853165, -53.16859352
-25810.82636, 2.38994461, -53.24335411
-25795.03106, 2.382252708, -53.38982384
-25790.93215, 2.373743643, -53.58206535
-25785.37754, 2.370353056, -53.64919731
-25777.31595, 2.367415265, -53.70259773
-25750.64849, 2.362195617, -53.76820396
-25738.76524, 2.358746023, -53.82465584
-25713.107, 2.355993966, -53.8338102
-25709.376, 2.355495674, -53.83838737
-25704.72974, 2.350975635, -53.93603386
-25699.33015, 2.348951957, -53.97417702
-25679.26543, 2.341511674, -54.10844093
-25676.05618, 2.339379086, -54.15421272
-25674.38592, 2.335178517, -54.25185921
-25672.8957, 2.332984265, -54.30220818
-25671.40951, 2.33056116, -54.35866005
-25662.27563, 2.326435613, -54.43952354
-25637.42827, 2.319972533, -54.54327293
-25618.64109, 2.315748901, -54.60430199
-25566.60723, 2.28244545, -55.32139336
-25566.59378, 2.282382905, -55.32291908
-25566.58923, 2.28228377, -55.32597054
-25566.57686, 2.282230607, -55.32749626
-25565.20655, 2.278934924, -55.40835976
-25565.05284, 2.27890736, -55.40835976
-25563.08303, 2.277520007, -55.43887428
-25562.46937, 2.270956652, -55.60517845
-25562.34321, 2.270240742, -55.62348717
-25561.75396, 2.268622787, -55.66315605
-25560.165, 2.266530783, -55.71350502
-25558.5723, 2.264820382, -55.7531739
-25555.07074, 2.26280199, -55.79741997
-25553.07296, 2.253173404, -56.04153618
-25550.76584, 2.24614742, -56.22004616
-25548.18558, 2.244520391, -56.25666359
-25546.91671, 2.235348702, -56.4946769
-25544.96312, 2.231505108, -56.59079765
-25537.7752, 2.227584114, -56.67928978
-25531.35518, 2.224791094, -56.73726738
-25505.09881, 2.209992196, -57.07292717
-25503.65942, 2.208626075, -57.10649315
-25456.1446, 2.208488512, -56.99969231
-25456.03877, 2.195827793, -57.341455
-25445.60417, 2.190944283, -57.44978157
-25445.00859, 2.183573339, -57.64965172
-25439.10447, 2.178804085, -57.76713264
-25438.93036, 2.170951679, -57.98378578
-25436.30423, 2.169664658, -58.01430031
-25428.01314, 2.1648896, -58.12720406
-25425.24737, 2.163369928, -58.16382149
-25405.43691, 2.152056275, -58.43387505
-25397.27921, 2.147360162, -58.54677879
-25391.19692, 2.143909167, -58.63069374
-25368.44343, 2.14382155, -58.57729332
-25366.97616, 2.143016106, -58.59712776
-25364.46294, 2.138225625, -58.72834023
-25345.86614, 2.133170202, -58.82751244
-25306.10556, 2.127915025, -58.88243858
-25293.09476, 2.126088886, -58.90379875
-25264.12043, 2.123449181, -58.90837593
-25227.99285, 2.120645761, -58.90227303
-25187.13486, 2.114997124, -58.96635353
-25167.63114, 2.107545759, -59.13570915
-25157.906, 2.097736244, -59.39813408
-25143.56836, 2.091386676, -59.54918098
-25133.40698, 2.088105759, -59.62241585
-25100.45551, 2.087342229, -59.56291252
-25095.13495, 2.080675745, -59.74752541
-25094.11953, 2.070734983, -60.04199059
-25089.63974, 2.067138523, -60.13963707
-25088.70633, 2.059268955, -60.37459892
-25082.39085, 2.054784336, -60.49665703
-25080.26773, 2.053179336, -60.53937737
-25053.16093, 2.038502698, -60.92233467
-25041.44768, 2.031209446, -61.11915337
-25012.48355, 2.024437385, -61.25646873
-24998.09306, 2.020791903, -61.33428078
-24952.70238, 2.015395387, -61.38920692
-24919.9796, 2.011904438, -61.41514427
-24880.60372, 2.006973712, -61.47159615
-24850.10271, 2.004930943, -61.45786461
-24805.64852, 2.002210207, -61.43040154
-24799.95472, 2.001759523, -61.43040154
-24767.80395, 1.999938663, -61.40598991
-24728.57306, 1.996409026, -61.41667
-24682.27976, 1.995480415, -61.32817787
-24663.60702, 1.992046577, -61.38920692
-24643.51532, 1.99111714, -61.36632103
-24599.84645, 1.988821642, -61.32665215
-24540.08626, 1.985426709, -61.28088036
-24471.56869, 1.983175817, -61.17713097
-24443.61413, 1.982209135, -61.13441063
-24390.53697, 1.978422691, -61.11915337
-24358.21371, 1.974530919, -61.15882225
-24322.55545, 1.971443249, -61.16492516
-24313.13073, 1.97061746, -61.16797661
-24251.00556, 1.967169354, -61.11610191
-24214.02195, 1.965960948, -61.05812431
-24211.23479, 1.964491838, -61.09931892
-24180.06121, 1.962158623, -61.09169029
-24142.74267, 1.961618668, -61.01235252
-24127.8854, 1.959619184, -61.03828987
-24061.79286, 1.954901981, -61.0169297
-24000.54103, 1.952495346, -60.93454048
-23962.43017, 1.950380733, -60.90250023
-23916.34323, 1.947941708, -60.85977989
-23866.06818, 1.945625892, -60.80180229
-23800.8199, 1.944057801, -60.68126991
-23734.87255, 1.941770443, -60.58057198
-23730.45665, 1.940432502, -60.61261223
-23710.2345, 1.939182962, -60.59888069
-23657.01751, 1.93805651, -60.4951313
-23649.54583, 1.936940909, -60.51038857
-23610.51085, 1.936328882, -60.42799934
-23557.57804, 1.934317294, -60.35171303
-23502.00054, 1.930462551, -60.32882713
-23475.54438, 1.928691362, -60.31662132
-23445.68778, 1.928235347, -60.25101509
-23442.02275, 1.928055207, -60.24796364
-23391.60529, 1.925578921, -60.19303749
-23370.7039, 1.923678576, -60.1991404
-23337.15262, 1.923071834, -60.12895699
-23302.18562, 1.91999132, -60.13505989
-23290.11694, 1.91828103, -60.15947151
-23247.31043, 1.916876462, -60.09081383
-23200.09191, 1.911855275, -60.12743126
-23142.62431, 1.909301321, -60.05572212
-23096.1797, 1.9037759, -60.11064827
-23058.31143, 1.901765113, -60.07403084
-23025.30472, 1.900796642, -60.01757896
-23023.21054, 1.900738015, -60.01300179
-22955.69452, 1.896936194, -59.95502419
-22923.67195, 1.894507174, -59.94892128
-22882.28236, 1.892395558, -59.90467522
-22853.65389, 1.891240478, -59.86500633
-22846.57648, 1.891049808, -59.85280052
-22811.44123, 1.890997657, -59.75973122
-22810.95259, 1.889262204, -59.81465736
-22792.74308, 1.888980493, -59.77498848
-22783.98879, 1.888309006, -59.77193703
-22745.56396, 1.887591676, -59.69107353
-22704.03729, 1.884516627, -59.67886772
-22658.96823, 1.882673841, -59.61631294
-22580.31068, 1.879802661, -59.49730629
-22545.32264, 1.878449893, -59.44543159
-22513.5465, 1.878079455, -59.37067101
-22481.62648, 1.875935854, -59.35388802
-22404.48813, 1.873639738, -59.21809837
-22369.74952, 1.872348226, -59.16469795
-22340.6413, 1.871844219, -59.10061745
-22272.67248, 1.871709966, -58.91905602
-22226.08533, 1.870961733, -58.81530663
-22204.99718, 1.870204219, -58.78174065
-16133.7477, 1.87019155, -41.82329262
-16126.92713, 1.867110779, -41.87974449
-16085.80653, 1.856149956, -42.03384285
-16080.1746, 1.855183636, -42.04147148
-16059.37383, 1.844955347, -42.23829018
-16056.85982, 1.835998531, -42.45799477
-16053.60248, 1.834259072, -42.49156075
-16050.78067, 1.822903547, -42.77382011
-16039.35275, 1.807558133, -43.1384687
-16015.27173, 1.795988054, -43.37190483
-16013.22885, 1.792597961, -43.45429405
-16007.9462, 1.783447887, -43.683153
-16005.99325, 1.779608063, -43.77927376
-16003.79999, 1.769961645, -44.03254433
-15992.14361, 1.765150126, -44.12866508
-15988.09536, 1.762874305, -44.17901405
-15972.57192, 1.757911486, -44.26750618
-15970.55516, 1.750423108, -44.46737633
-15954.2288, 1.74340379, -44.61232033
-15947.19339, 1.741034297, -44.65656639
-15941.17205, 1.739084862, -44.69318382
-15935.06809, 1.737460086, -44.71912117
-15908.7842, 1.733585, -44.74810997
-15906.15568, 1.730226162, -44.83355064
-15902.45042, 1.717646148, -45.17836479
-15900.68696, 1.711059561, -45.36145195
-15868.28485, 1.698289663, -45.62997978
-15864.77551, 1.689535507, -45.87409599
-15858.12538, 1.685665026, -45.9671653
-15829.94725, 1.678179631, -46.09990349
-15775.15126, 1.657239165, -46.5530442
-15761.7334, 1.65146729, -46.68578239
-15723.72335, 1.637912701, -46.97872185
-15707.18855, 1.633654267, -47.05805962
-15704.2702, 1.632176138, -47.09315132
-15673.2036, 1.622568883, -47.29302147
-15671.64754, 1.608112895, -47.74311073
-15670.62204, 1.60647371, -47.79193398
-15669.00365, 1.604650026, -47.8453344
-15668.88626, 1.604358282, -47.85448875
-15668.24694, 1.594743363, -48.16115974
-15665.78197, 1.592050953, -48.24049751
-15665.58053, 1.591933338, -48.24354897
-15663.30126, 1.583208777, -48.51970543
-15657.48832, 1.574238497, -48.79586189
-15656.76509, 1.570827876, -48.90571419
-15656.19924, 1.563672331, -49.14220177
-15646.97788, 1.555708286, -49.38021507
-15622.88585, 1.552929292, -49.39242088
-15619.18476, 1.549913728, -49.48243874
-15619.07944, 1.548808671, -49.52058189
-15615.94904, 1.539693152, -49.82114998
-15584.08074, 1.532978818, -49.94473381
-15579.05792, 1.524261946, -50.23157036
-15573.78385, 1.52199439, -50.29259941
-15559.76257, 1.517169039, -50.41313179
-15553.28481, 1.510974592, -50.61147621
-15549.73048, 1.501272378, -50.94561028
-15539.7078, 1.496592874, -51.07834846
-15535.61087, 1.492913475, -51.19735512
-15515.56564, 1.482078606, -51.52386055
-15506.23986, 1.476838947, -51.68406181
-15494.46738, 1.472700575, -51.79543983
-15474.91821, 1.472117328, -51.74814232
-15471.41603, 1.461942756, -52.11584236
-15466.45908, 1.45998029, -52.17229424
-15440.67659, 1.452677328, -52.35690712
-15438.1522, 1.452313626, -52.3614843
-15402.9055, 1.446477804, -52.45760506
-15402.06103, 1.446168501, -52.46675941
-15395.95648, 1.438209476, -52.75054451
-15392.60623, 1.435357621, -52.84971672
-15385.10025, 1.431106942, -52.98703209
-15374.83438, 1.428093946, -53.06789558
-15351.54654, 1.423016929, -53.18232506
-15343.82787, 1.419815844, -53.27997154
-15316.77844, 1.413381553, -53.43559563
-15287.43279, 1.409039394, -53.50120186
-15286.78071, 1.385152446, -54.46698662
-15286.75433, 1.384860931, -54.47919243
-15284.89794, 1.381700074, -54.60277626
-15284.47157, 1.381232194, -54.62108498
-15283.0691, 1.374542673, -54.89418999
-15281.9432, 1.372175227, -54.98878502
-15279.97271, 1.370144802, -55.06659706
-15277.91401, 1.367651661, -55.16424355
-15275.57464, 1.359135172, -55.51668633
-15275.11152, 1.358594927, -55.53804649
-15273.69822, 1.352267624, -55.8050486
-15270.11828, 1.349298497, -55.91947807
-15269.30578, 1.34786621, -55.97745567
-15267.93935, 1.345309274, -56.08425652
-15264.28648, 1.336443561, -56.45805946
-15260.56302, 1.334771787, -56.51756279
-15253.50885, 1.329394725, -56.72811302
-15239.25238, 1.326956198, -56.78151344
-15233.55006, 1.317645428, -57.17820229
-15232.03416, 1.315992941, -57.24685997
-15227.61359, 1.315292441, -57.26059151
-15224.1819, 1.312278639, -57.38417534
-15197.38014, 1.303015241, -57.70305214
-15168.102, 1.297782182, -57.82968742
-15166.92726, 1.287830752, -58.28893105
-15164.62614, 1.285712509, -58.38047462
-15162.44782, 1.278384462, -58.71918587
-15161.23297, 1.27569157, -58.8427697
-15157.47787, 1.273109287, -58.95109627
-15141.57181, 1.266932611, -59.18453239
-15127.6238, 1.256852968, -59.6193644
-15115.85414, 1.250713033, -59.87568642
-15092.45182, 1.24219977, -60.20371758
-15070.38672, 1.240622913, -60.19151176
-15060.28842, 1.238225261, -60.27084953
-15055.29953, 1.234810869, -60.42189644
-15041.39133, 1.230891474, -60.56378899
-15016.84115, 1.227595149, -60.62939522
-15010.36136, 1.224839393, -60.74229897
-14970.34723, 1.22214343, -60.71331017
-14912.41139, 1.214078036, -60.88571724
-14881.21793, 1.212642984, -60.82926537
-14857.07429, 1.192751616, -61.77368996
-14833.45534, 1.188210145, -61.9155825
-14817.15283, 1.184581106, -62.04069206
-14815.52006, 1.175585059, -62.52282158
-14810.57464, 1.16508048, -63.08276314
-14810.55316, 1.165060537, -63.08428886
-14801.24762, 1.156625781, -63.51606941
-14787.0247, 1.15194854, -63.71899101
-14768.68223, 1.148043382, -63.86088356
-14753.3577, 1.138000536, -64.37047615
-14750.25462, 1.134379566, -64.56882057
-14745.23746, 1.130158059, -64.79310234
-14737.5457, 1.127925597, -64.89074883
-14709.82666, 1.122864284, -65.06468163
-14697.52924, 1.119323393, -65.22030571
-14672.59621, 1.114018758, -65.42475304
-14651.11077, 1.11148066, -65.47967918
-14618.50077, 1.106434709, -65.63682899
-14559.04027, 1.102488744, -65.60173729
-14519.3732, 1.097331548, -65.73447548
-14487.67996, 1.095977311, -65.67039497
-14455.70434, 1.092991048, -65.70548668
-14409.9219, 1.089728762, -65.69328087
-14380.3839, 1.088396823, -65.63682899
-14367.28579, 1.086825764, -65.67344643
-14337.40665, 1.085064788, -65.64140617
-14268.47948, 1.081703197, -65.5269767
-14231.54022, 1.079397992, -65.49646217
-14192.55014, 1.077902294, -65.40491859
-14164.59289, 1.076095763, -65.38508415
-14139.93489, 1.075101484, -65.330158
-14070.36385, 1.07308137, -65.12571068
-14038.09099, 1.068774584, -65.24166588
-13979.20096, 1.064145071, -65.25082024
-13966.31844, 1.062530919, -65.29048912
-13925.77042, 1.060042655, -65.25234596
-13870.48638, 1.056649895, -65.20047127
-13766.81969, 1.050434623, -65.09367043
-13753.93656, 1.049132605, -65.11350487
-13723.80422, 1.048354346, -65.01738411
-13662.27843, 1.044520175, -64.96093224
-13626.94216, 1.043189856, -64.87396584
-13605.39063, 1.04180004, -64.85718285
-13562.19359, 1.040708043, -64.7152903
-13540.48563, 1.03898324, -64.71834175
-13530.50295, 1.038547596, -64.69850731
-13499.24925, 1.037137507, -64.6344268
-13470.69863, 1.036300438, -64.5474604
-13422.74227, 1.035247342, -64.37810478
-13420.28896, 1.033850169, -64.45591682
-13365.63068, 1.031702491, -64.32317863
-13326.27599, 1.030028123, -64.23621223
-13289.42196, 1.029026141, -64.11720558
-13265.7693, 1.028114407, -64.05770226
-13234.40652, 1.026662154, -63.99514748
-13232.20934, 1.026541297, -63.99209602
-13193.9476, 1.024989476, -63.90207817
-13184.15337, 1.023610846, -63.94174706
-13131.8109, 1.022474194, -63.75255699
-13113.50578, 1.020503493, -63.7876487
-13097.29995, 1.01993728, -63.74340263
-13066.70153, 1.017433859, -63.75103127
-13012.88769, 1.014864125, -63.64575615
-12945.7502, 1.013594911, -63.38943413
-12916.78006, 1.008293377, -63.58625282
-12868.46806, 1.004418211, -63.59235573
-12788.35344, 0.998696856, -63.55726402
-12756.85627, 0.997509015, -63.4748748
-12730.73352, 0.995306571, -63.48555489
-12714.57671, 0.994972873, -63.42452583
-12666.10908, 0.992951422, -63.30704491
-12649.69948, 0.992134658, -63.27653038
-12630.94258, 0.989506328, -63.3528167
-12624.17772, 0.989241665, -63.33450798
-12565.61462, 0.987394866, -63.15447227
-12545.8743, 0.985719422, -63.16210091
-12488.044, 0.982540194, -63.07208305
-12390.02203, 0.978178123, -62.84932701
-12374.09031, 0.977812414, -62.78982368
-12348.98073, 0.976751081, -62.72879463
-12330.21922, 0.9762947, -62.66166267
-12312.60077, 0.97497929, -62.65555977
-12239.26244, 0.972297593, -62.44806099
-12204.59898, 0.971155022, -62.34126015
-12143.71305, 0.96857162, -62.19173897
-12086.4753, 0.96732437, -61.97050865
-11995.80047, 0.963588703, -61.73707253
-11952.49108, 0.962449395, -61.58297417
-11950.55561, 0.961798377, -61.61501442
-11929.41794, 0.961062115, -61.55093391
-11870.29653, 0.960091157, -61.3007148
-11807.73808, 0.959900641, -60.97878654
-11758.31122, 0.958745903, -60.79112221
-11726.77571, 0.958204101, -60.65685829
-5371.489294, 0.957654623, -25.04488029
-5371.483547, 0.957443711, -25.0509832
-5368.212318, 0.953296274, -25.17456703
-5341.236699, 0.946049876, -25.26000771
-5327.397691, 0.937525556, -25.47513512
-5327.386289, 0.932203312, -25.66432518
-5327.206925, 0.931443848, -25.69026253
-5323.453733, 0.926295928, -25.85198952
-5321.8738, 0.918166403, -26.13882607
-5290.494287, 0.907042021, -26.35090202
-5279.262631, 0.898240447, -26.6102755
-5277.773764, 0.897019283, -26.64689293
-5277.004336, 0.890989833, -26.87270042
-5272.505346, 0.886148325, -27.03137596
-5269.560899, 0.885095848, -27.05273613
-5269.117785, 0.876277471, -27.39449883
-5262.39002, 0.873499327, -27.46163078
-5232.700322, 0.866656249, -27.5379171
-5225.856677, 0.862924974, -27.64166649
-5217.289084, 0.848894323, -28.15888771
-5151.596048, 0.834880477, -28.29925453
-5143.98853, 0.820944595, -28.84546455
-5143.620301, 0.820768198, -28.85004173
-5143.057826, 0.816979625, -29.01176872
-5142.797247, 0.815629399, -29.06974632
-5133.360115, 0.811762729, -29.17349571
-5121.786239, 0.806251599, -29.33827415
-5110.618668, 0.803830417, -29.36878868
-5103.53954, 0.802738897, -29.36726295
-5102.329513, 0.794936641, -29.7120771
-5095.752641, 0.789537323, -29.91347298
-5083.1574, 0.786319513, -29.9729763
-5082.995117, 0.786267264, -29.97450203
-5071.129354, 0.781600367, -30.10724022
-5069.204828, 0.78148089, -30.09808586
-5049.349959, 0.77626351, -30.20030952
-5047.416932, 0.774104276, -30.28880165
-5041.23637, 0.772023561, -30.34220207
-5030.321685, 0.765894588, -30.55732948
-5019.11099, 0.764291587, -30.5527523
-4994.453138, 0.755666493, -30.79076561
-4975.038512, 0.749418653, -30.95554405
-4946.580282, 0.744886793, -30.96774986
-4943.722395, 0.744215799, -30.97842995
-4929.209519, 0.739856527, -31.08828224
-4915.358693, 0.736449942, -31.15693993
-4905.044143, 0.733207459, -31.24390633
-4905.029289, 0.73319316, -31.24390633
-4904.100948, 0.731305899, -31.33392418
-4901.875358, 0.729249407, -31.42241631
-4894.293595, 0.726410428, -31.51090843
-4867.36649, 0.713326725, -31.99151222
-4864.203086, 0.710351249, -32.12577614
-4861.810357, 0.708244429, -32.2218969
-4854.83752, 0.703674341, -32.41413841
-4854.793398, 0.689181628, -33.22124763
-4851.732641, 0.676851572, -33.90629875
-4849.054483, 0.668825107, -34.35943947
-4847.653673, 0.667460472, -34.42962288
-4845.68396, 0.664762333, -34.57609261
-4840.476223, 0.662103019, -34.69357353
-4834.335403, 0.65940247, -34.80800301
-4792.148394, 0.645006231, -35.34811012
-4775.351558, 0.637913616, -35.65630684
-4767.903977, 0.63564589, -35.73869606
-4763.116769, 0.6319111, -35.94009193
-4761.310689, 0.630377322, -36.02400688
-4751.201673, 0.626532487, -36.18878532
-4741.45616, 0.621840503, -36.41611855
-4724.533122, 0.616224429, -36.64497749
-4721.430741, 0.612742345, -36.85552773
-4720.934488, 0.606147401, -37.30714272
-4719.130773, 0.605574594, -37.33155434
-4718.893665, 0.603739367, -37.45818962
-4714.390303, 0.601191403, -37.59703072
-4710.90059, 0.599695779, -37.67179131
-4692.181115, 0.593406087, -37.95252495
-4663.675278, 0.583037766, -38.448386
-4640.067778, 0.580983202, -38.38277977
-4633.534901, 0.568666597, -39.2539695
-4628.931813, 0.565905677, -39.42485085
-4625.538679, 0.56460961, -39.49350853
-4625.444579, 0.56457334, -39.49655998
-4618.054132, 0.562701622, -39.57132057
-4615.823898, 0.562036634, -39.60336082
-4611.718001, 0.559891367, -39.73304756
-4600.126864, 0.557745702, -39.79102516
-4594.548882, 0.556056591, -39.87188866
-4586.534752, 0.553894938, -39.96800941
-4585.884692, 0.553777915, -39.97106087
-4579.281785, 0.547924921, -40.38148125
-4571.498719, 0.544969248, -40.54778542
-4560.12099, 0.541334095, -40.73697548
-4537.907966, 0.536171897, -40.95057716
-4502.59765, 0.529795878, -41.1382415
-4469.19609, 0.526193148, -41.11077843
-4438.66167, 0.518328767, -41.48458138
-4403.915496, 0.490242233, -43.72129616
-4398.070358, 0.485253665, -44.1469738
-4394.24565, 0.474360273, -45.20582787
-4386.650644, 0.471217972, -45.44689262
-4386.362868, 0.4548629, -47.2075808
-4382.278743, 0.444040894, -48.39307014
-4369.714174, 0.438129603, -48.93928017
-4362.543521, 0.433792931, -49.37411217
-4352.522362, 0.430833756, -49.6136512
-4350.748263, 0.43014589, -49.67620598
-4325.842375, 0.421437226, -50.45890358
-4323.651137, 0.42024359, -50.58401314
-4320.957778, 0.418398779, -50.78693474
-4318.364307, 0.417452673, -50.87695259
-4292.754857, 0.410790067, -51.42621407
-4292.742079, 0.409424059, -51.60624977
-4292.564611, 0.409378665, -51.61082695
-4264.248406, 0.404895741, -51.85036598
-4260.385488, 0.40171639, -52.23332329
-4260.221472, 0.401591447, -52.24858055
-4258.777444, 0.393725846, -53.33032051
-4253.845151, 0.388320498, -54.04436043
-4251.756859, 0.379651619, -55.30918755
-4247.087584, 0.376951863, -55.6601046
-4241.044634, 0.376213253, -55.69061913
-4231.779422, 0.371850077, -56.24598351
-4228.395393, 0.370759563, -56.37109306
-4226.976093, 0.370378743, -56.41228767
-4225.129653, 0.369388157, -56.54350014
-4210.993213, 0.366162671, -56.86390266
-4210.426253, 0.366132594, -56.86085121
-4199.480692, 0.360630536, -57.60845711
-4198.731377, 0.360211619, -57.66796043
-4193.513299, 0.358488349, -57.88156212
-4187.72078, 0.355410467, -58.31791985
-4184.938986, 0.353892565, -58.53762444
-4179.520568, 0.352543287, -58.69172279
-4160.788074, 0.348863179, -59.05789711
-4150.478141, 0.345583098, -59.48662621
-4143.517186, 0.344409654, -59.59342705
-4111.202594, 0.338937718, -60.09996819
-4088.376074, 0.333474914, -60.76823631
-4061.315502, 0.333318169, -60.38070183
-4058.297636, 0.330144073, -60.93454048
-4048.987694, 0.327160818, -61.36326958
-4030.871698, 0.323248761, -61.84387337
-4017.723368, 0.321120002, -62.05747505
-4000.47198, 0.318809308, -62.24513939
-3972.106931, 0.317140676, -62.12460701
-3957.143602, 0.315294055, -62.2573452
-3957.130404, 0.315292187, -62.2573452
-3896.570345, 0.308837149, -62.59605644
-3871.542271, 0.30797329, -62.36109459
-3852.089991, 0.30341207, -63.00037392
-3842.040569, 0.299713249, -63.62897316
-3825.887488, 0.295533991, -64.27588112
-3818.753814, 0.294468076, -64.39183632
-3800.938427, 0.291172616, -64.82819405
-3798.044129, 0.279923475, -67.44939186
-3798.037441, 0.279911092, -67.45244331
-3795.326614, 0.277908353, -67.90100685
-3794.984985, 0.277391631, -68.02306496
-3792.447155, 0.270323956, -69.79443321
-3792.446916, 0.270309513, -69.79748466
-3791.830531, 0.268756571, -70.19875069
-3791.752816, 0.268568897, -70.2460482
-3790.172606, 0.267596329, -70.4779586
-3789.386356, 0.266148839, -70.85328728
-3788.323387, 0.265574265, -70.98907692
-3787.161799, 0.264817036, -71.1736898
-3785.713815, 0.263985887, -71.37508568
-3785.252168, 0.263600928, -71.47273216
-3784.505832, 0.26322324, -71.56275002
-3783.219878, 0.262675467, -71.6893853
-3782.300143, 0.262227034, -71.79618614
-3779.836221, 0.261418966, -71.97469612
-3779.015392, 0.261010696, -72.07386833
-3777.370906, 0.260543331, -72.17304054
-3776.29141, 0.260208056, -72.24780113
-3772.991361, 0.259122004, -72.49039162
-3771.628658, 0.258742216, -72.57278084
-3766.759792, 0.257299336, -72.89165764
-3765.886333, 0.257051569, -72.94505806
-3762.800938, 0.256108157, -73.15865974
-3759.384318, 0.255195457, -73.35700417
-3756.5904, 0.254586226, -73.47906227
-3756.405182, 0.254419224, -73.52483406
-3754.963302, 0.254061052, -73.60112038
-3753.26193, 0.253797114, -73.64536644
-3751.087017, 0.253338228, -73.73843575
-3738.733753, 0.24957567, -74.6172541
-3738.291398, 0.24939076, -74.66455162
-3738.160821, 0.249012817, -74.77745537
-3737.845291, 0.248274202, -74.99715996
-3737.45445, 0.247397137, -75.25958488
-3737.150353, 0.247072149, -75.35417992
-3736.689362, 0.246726264, -75.4518264
-3735.351357, 0.245838903, -75.70051979
-3734.619347, 0.245444638, -75.80884636
-3733.715554, 0.245165034, -75.87750404
-3732.279448, 0.24433869, -76.10941444
-3732.261114, 0.244249959, -76.13687752
-3731.252016, 0.243866038, -76.23757545
-3730.962512, 0.243698314, -76.28487297
-3729.493582, 0.243100217, -76.44507423
-3728.569564, 0.242757504, -76.53509209
-3722.591738, 0.240612565, -77.10113655
-3718.10167, 0.239328525, -77.42611626
-3714.901531, 0.238335497, -77.68548973
-3713.959406, 0.237937968, -77.79686775
-3712.638436, 0.237477907, -77.92197731
-3709.318847, 0.236711906, -78.10659019
-3707.931234, 0.236232677, -78.23780266
-3706.353379, 0.235755457, -78.36443794
-3701.937706, 0.234876221, -78.56735954
-3696.916086, 0.233772723, -78.83436165
-3693.621629, 0.233169764, -78.97015129
-3691.377854, 0.232694397, -79.08458076
-3683.225286, 0.231094694, -79.46143517
-3676.686706, 0.229943344, -79.72080864
-3670.81991, 0.228972142, -79.9328846
-3664.729232, 0.228232842, -80.06104561
-3662.568543, 0.227878378, -80.13885765
-3656.065613, 0.227278868, -80.20904106
-3654.102671, 0.226949559, -80.28227592
-3653.311809, 0.22638919, -80.46688881
-3652.333817, 0.226013357, -80.57979256
-3647.765444, 0.225453173, -80.68049049
-3647.220236, 0.224904389, -80.8666291
-3646.065062, 0.22429968, -81.06192207
-3639.53766, 0.223333162, -81.26942085
-3638.675178, 0.223172284, -81.30908974
-3637.855315, 0.222486551, -81.54405159
-3636.462772, 0.222224562, -81.60965782
-3631.906621, 0.221360828, -81.82783669
-3629.847658, 0.220874168, -81.96362633
-3626.908785, 0.220327597, -82.10246742
-3602.762114, 0.217184261, -82.74327248
-3596.816829, 0.216601738, -82.82871315
-3594.324625, 0.215892386, -83.04689201
-3592.523267, 0.215370601, -83.20709328
-3592.240273, 0.215093547, -83.30931694
-3587.897935, 0.214441278, -83.4634153
-3586.379953, 0.213785851, -83.68617134
-3583.725293, 0.212834516, -84.00047096
-3578.827287, 0.211982575, -84.22627846
-3574.070024, 0.210864284, -84.56346397
-3568.572735, 0.209967798, -84.79537437
-3562.956737, 0.209173168, -84.98609016
-3559.920094, 0.208549515, -85.16917732
-3555.620834, 0.208148566, -85.2317321
-3552.686559, 0.207739306, -85.32937859
-3549.761073, 0.207323317, -85.43160225
-3539.291039, 0.205668995, -85.86795998
-3530.704989, 0.204601969, -86.10902473
-3526.796342, 0.204140416, -86.20972267
-3521.545789, 0.203552286, -86.33025505
-3506.51552, 0.202164191, -86.55453682
-3505.280755, 0.202030321, -86.58199989
-3499.661466, 0.201282645, -86.76508705
-3491.138425, 0.200522942, -86.88256798
-3484.672634, 0.199965819, -86.9649572
-3477.468876, 0.199166466, -87.13431282
-3465.526977, 0.198150328, -87.28230827
-3455.523681, 0.197489623, -87.32197716
-3453.199435, 0.19715051, -87.41352074
-3444.166445, 0.197027634, -87.23806221
-3442.615746, 0.196367206, -87.49438423
-3434.026409, 0.195705228, -87.57219627
-3413.397608, 0.194378732, -87.64085396
-3379.077868, 0.191917362, -87.87429008
-3358.583791, 0.190184761, -88.13976646
-3344.115722, 0.189273063, -88.1824868
-3318.961134, 0.187770387, -88.21910423
-3287.359582, 0.185864252, -88.27708183
-3249.312041, 0.18372774, -88.2694532
-3249.307131, 0.183727532, -88.2694532
-3228.080674, 0.18305823, -88.01160545
-3202.049622, 0.181715238, -87.94599922
-3173.406636, 0.179877285, -88.05127434
-3142.945166, 0.178655782, -87.7995295
-3138.965108, 0.177203992, -88.41287148
-3125.113031, 0.175346332, -88.9590815
-3124.101437, 0.175093889, -89.05977943
-3112.425077, 0.174241393, -89.1620031
-3103.582144, 0.172781469, -89.66396706
-3100.440674, 0.172438138, -89.75093346
-3096.658173, 0.171756966, -89.99962685
-3086.92639, 0.17103851, -90.09422188
-3067.809574, 0.168923671, -90.66179207
-3058.035973, 0.168098766, -90.81741615
-3049.016566, 0.16738819, -90.93489708
-3044.419887, 0.166956486, -91.03254356
-3043.521081, 0.166612035, -91.19579628
-3039.937571, 0.166220631, -91.30412285
-3029.103921, 0.165518448, -91.3651519
-2999.359778, 0.163639338, -91.50704445
-2974.422688, 0.16144373, -91.98459679
-2961.215776, 0.160092764, -92.3507711
-2949.415467, 0.159209719, -92.49418938
-2920.597207, 0.15733814, -92.68185371
-2908.924634, 0.156597001, -92.74745995
-2901.023179, 0.156303828, -92.6696479
-2883.860842, 0.155059482, -92.86188942
-2835.309044, 0.153604975, -92.15852959
-2810.075262, 0.150847675, -93.01293633
-2789.099376, 0.149868091, -92.92139275
-2759.996352, 0.148976291, -92.49876656
-2752.325983, 0.148707134, -92.4087487
-2716.908411, 0.14696339, -92.30194786
-2709.453815, 0.146837614, -92.12496361
-2667.535616, 0.144996989, -91.85033287
-2615.25086, 0.141555925, -92.24091881
-2580.33138, 0.140317872, -91.80913826
-2561.157536, 0.139513481, -91.65198845
-2559.437047, 0.139456604, -91.62757683
-2542.274706, 0.138598518, -91.57570213
-2529.414148, 0.137647146, -91.74353203
-2504.58451, 0.134735397, -92.81306618
-2492.595114, 0.134404495, -92.59488731
-2477.126496, 0.133900545, -92.36602837
-2456.219043, 0.131466855, -93.28756706
-2411.620059, 0.129958434, -92.65286491
-2403.248313, 0.12831639, -93.51795174
-2364.515082, 0.126789808, -93.11668571
-2328.534303, 0.124474689, -93.40657372
-2316.904907, 0.124150324, -93.18229195
-2304.612568, 0.123503833, -93.17161186
-2269.48747, 0.123170853, -91.99222542
-2266.484007, 0.122015281, -92.74593422
-2260.797589, 0.120484465, -93.69493599
-2259.639328, 0.120245172, -93.83377708
-2259.632448, 0.120243667, -93.83530281
-2256.462197, 0.119801337, -94.05043022
-2253.16339, 0.119256638, -94.34336967
-2253.005909, 0.119247831, -94.3448954
-2243.447886, 0.117886883, -95.03299797
-2227.320331, 0.116557369, -95.42816109
-2223.291996, 0.116374642, -95.40527519
-2210.437424, 0.114042213, -96.80131477
-2204.886789, 0.113792369, -96.77080025
-2202.438656, 0.113334054, -97.05611107
-2200.500225, 0.113130403, -97.14612892
-2198.565399, 0.113044098, -97.13392311
-2195.132599, 0.112570004, -97.39177086
-2194.082659, 0.112235948, -97.6374128
-2188.348124, 0.112072166, -97.52298332
-2172.356069, 0.110307597, -98.36365852
-2131.179792, 0.108470853, -98.13174812
-2123.077825, 0.107063619, -99.04870964
-2110.811085, 0.106858194, -98.66422661
-2105.822595, 0.106545993, -98.71915276
-2105.464029, 0.106382119, -98.8549424
-2083.078981, 0.104496955, -99.57203377
-2080.33746, 0.104218161, -99.70782341
-2078.043786, 0.104165585, -99.64832008
-2057.225449, 0.103313515, -99.46218147
-2022.664355, 0.098868375, -99.99923714
-1980.668296, 0.097129821, -99.99923714
-1912.607552, 0.093794818, -99.99923714
-1836.913142, 0.089099687, -99.99923714
-1771.610798, 0.085993591, -99.99923714
-1687.25372, 0.082761585, -99.99923714
-1617.063368, 0.079242299, -99.99923714
-1556.945201, 0.077267872, -99.99923714
-1500.097355, 0.075671873, -99.01666939
-1498.449631, 0.074965556, -99.84361305
-1478.663467, 0.073896336, -99.95193962
-1463.509731, 0.073631543, -99.28062004
-1460.2511, 0.073336519, -99.45760429
-1445.916608, 0.07297074, -98.97394905
-1435.951362, 0.072328792, -99.16466484
-1424.155758, 0.072168863, -98.5650544
-1412.422338, 0.071480207, -98.69474113
-1396.337124, 0.070968322, -98.27211494
-1395.486419, 0.070878039, -98.33772118
-1381.955204, 0.070385482, -98.06461617
-1378.596135, 0.070266793, -97.9913813
-1374.409105, 0.070151859, -97.85254021
-1370.07282, 0.069995256, -97.76252235
-1352.72303, 0.069403345, -97.34447334
-1334.330323, 0.068761418, -96.91574425
-1332.270309, 0.068724885, -96.81657204
-1327.064197, 0.068531658, -96.70977119
-1325.876935, 0.068483469, -96.69146248
-1319.310225, 0.068271796, -96.50990105
-1318.703858, 0.068251497, -96.49311806
-1312.524378, 0.068029844, -96.35427696
-1307.142827, 0.067859808, -96.19865288
-1303.304271, 0.067729727, -96.09948067
-1293.833771, 0.067411463, -95.84926155
-1293.831677, 0.067411405, -95.84926155
-1290.087617, 0.067326372, -95.69211174
-1284.194065, 0.067115579, -95.55327065
-1277.003842, 0.067055641, -95.10012993
-1271.376533, 0.066694536, -95.19472496
-1263.53586, 0.066446928, -94.95823738
-1260.522812, 0.066344924, -94.87737389
-1255.356791, 0.066164083, -94.74616142
-1250.921876, 0.066031539, -94.5996917
-1249.544329, 0.065977364, -94.57375435
-1247.730038, 0.065934616, -94.49594231
-1246.037321, 0.065872409, -94.45779915
-1242.467779, 0.065866647, -94.1938485
-1240.082366, 0.065740935, -94.19232277
-1237.791156, 0.065701057, -94.07484184
-1221.146667, 0.065059893, -93.72239906
-1216.247262, 0.06490365, -93.56982643
-1190.548151, 0.064417974, -92.27448479
-1167.274464, 0.063388234, -91.93729927
-1153.298169, 0.063173089, -91.14087013
-1142.961184, 0.062868309, -90.75943855
-1127.614576, 0.062186148, -90.51989952
-1124.36266, 0.062043064, -90.46802483
-1122.346505, 0.062026154, -90.32918373
-1120.32054, 0.061982859, -90.22848579
-1106.804528, 0.061505809, -89.82721977
-1100.148793, 0.061314434, -89.56326912
-1098.20088, 0.061292273, -89.43663383
-1093.287558, 0.061112456, -89.29779274
-1082.443822, 0.060836435, -88.80956032
-1079.530372, 0.060761063, -88.67834785
-1073.399296, 0.060533039, -88.50594078
-1053.795472, 0.059949461, -87.72934608
-1053.133979, 0.059917411, -87.72019173
-1037.165962, 0.059467605, -87.03819206
-1028.612961, 0.05922159, -86.6750692
-1022.288339, 0.059031733, -86.41722145
-1012.432735, 0.0587584, -85.97781227
-1011.954686, 0.058749136, -85.9503492
-1004.828725, 0.058519572, -85.67724419
-1003.234658, 0.058501737, -85.56739189
-1001.88632, 0.058485225, -85.47584831
-988.5779409, 0.05811009, -84.8777636
-986.0918749, 0.058063998, -84.73129387
-969.1062165, 0.057485117, -84.10422035
-963.7775543, 0.057327659, -83.86773277
-960.8542311, 0.057225283, -83.76245766
-957.1482965, 0.057128919, -83.57784477
-944.5651662, 0.056790807, -82.96450279
-942.4114859, 0.056735415, -82.8546505
-937.4855928, 0.056592859, -82.62579155
-937.3730845, 0.056587647, -82.62426582
-934.5601439, 0.056506523, -82.49305336
-933.6072305, 0.056493961, -82.4259214
-930.7935467, 0.056457457, -82.22910271
-923.0608252, 0.056189184, -81.93158607
-918.8253561, 0.056048807, -81.75765327
-912.5418243, 0.05590147, -81.40978767
-903.7531528, 0.055667876, -80.95817268
-897.6234282, 0.055455318, -80.71405647
-892.1895824, 0.055349576, -80.37534523
-879.9730823, 0.054978408, -79.80167213
-876.4330528, 0.054874275, -79.62926506
-874.8573649, 0.054840427, -79.53467003
-872.8031785, 0.054799923, -79.40498329
-867.9750666, 0.054660255, -79.16391853
-866.5691353, 0.054632073, -79.07542641
-858.2565792, 0.054358347, -78.70620064
-854.9504574, 0.054282284, -78.51090767
-853.7227367, 0.054252127, -78.44072426
-846.3864641, 0.054069782, -78.02267525
-837.5367682, 0.053813286, -77.56953453
-836.7116063, 0.053767648, -77.55885445
-832.3118319, 0.053671553, -77.28422371
-830.811269, 0.053634088, -77.19878304
-827.1380067, 0.053602692, -76.89668922
-823.843172, 0.05342707, -76.84176308
-820.9103653, 0.053362411, -76.65867592
-812.3372851, 0.053123167, -76.19332939
-803.065144, 0.05291327, -75.61355339
-800.4767343, 0.052795762, -75.53574135
-790.3711007, 0.05249721, -74.99868568
-788.5507553, 0.052463302, -74.8720504
-784.0559208, 0.052409866, -74.51503044
-777.8083023, 0.052158688, -74.27243996
-773.8406404, 0.052096704, -73.97797478
-770.9609397, 0.05199579, -73.84218513
-763.5967637, 0.05188899, -73.2776664
-759.7261069, 0.051686549, -73.1907
-758.382712, 0.051668404, -73.08542488
-753.4456564, 0.051561789, -72.75434227
-751.3392606, 0.051493369, -72.64448997
-746.2361787, 0.051356819, -72.33781898
-740.4178895, 0.051345985, -71.77787743
-737.8983981, 0.051083914, -71.90298698
-729.3641269, 0.050925078, -71.28201637
-723.695353, 0.050666295, -71.08519768
-720.6979599, 0.050664993, -70.78768105
-718.1948677, 0.050579459, -70.65799431
-712.9213614, 0.050405811, -70.37573494
-707.2158155, 0.050239682, -70.03549797
-705.5171048, 0.050180488, -69.94853157
-701.6143163, 0.050091644, -69.67847801
-700.5473631, 0.050070947, -69.60066597
-698.0168845, 0.049994639, -69.45114479
-696.393225, 0.049991343, -69.29094353
-693.1726382, 0.049872572, -69.13226799
-691.8297807, 0.049847283, -69.03004433
-689.5228356, 0.049786186, -68.88204887
-687.0777969, 0.049729399, -68.71116753
-685.6670455, 0.049685726, -68.62877831
-684.3386727, 0.049650256, -68.54333763
-683.091555, 0.049595229, -68.49298866
-678.4338935, 0.049577858, -68.03984795
-678.1641369, 0.04949075, -68.13444298
-673.1431273, 0.04935053, -67.81556618
-669.7036012, 0.049294368, -67.53940971
-665.2608345, 0.049110273, -67.33801384
-663.2683897, 0.04909751, -67.14882378
-661.4496033, 0.049015845, -67.07558891
-659.4963341, 0.048984728, -66.91538765
-656.8432388, 0.048922313, -66.72619759
-655.7983971, 0.048862115, -66.70178596
-651.9782749, 0.048779204, -66.4195266
-650.3489353, 0.048757249, -66.27915977
-648.4654933, 0.048686102, -66.18151329
-646.6934624, 0.048660069, -66.03199211
-645.1234952, 0.048632754, -65.90688255
-643.9100829, 0.04862317, -65.79245308
-626.1762973, 0.048425228, -64.1995948
-574.0658334, 0.047668886, -59.6544561
-482.3598447, 0.047020069, -50.42838905
-471.9986872, 0.046867585, -49.44887276
-413.4684341, 0.046825722, -42.9065583
-408.4854581, 0.046004219, -43.16898323
-45736.4232, 7.43619309, -28.18482506
-3737.45445, 0.247397137, -75.25958488
-3728.569564, 0.242757504, -76.53509209
