social,economic,environmental,x1,x2,x3,x4,x5,x6,x7,x8,x9,x10,x11
1.1649,0.62875,2.9324,6.4426,89.988,16.517,2.0723,1,1.9441,17.201,13.345,70,75,120
1.1653,0.63016,2.9318,6.4344,90,16.515,2.0723,1,1.9443,17.217,13.348,70,75.417,120
1.1653,0.63053,2.9315,6.4344,90,16.516,2.0723,1,1.9443,17.254,13.348,70,75.438,120
1.1627,0.6308,2.9312,6.4809,89.9090,16.5110,2.0723,1.0000,2.4131,17.2060,13.3390,70.0000,76.0070,120.0000
1.1653,0.63071,2.9312,6.4344,90,16.516,2.0723,1,1.9443,17.283,13.348,70,75.417,120
1.1648,0.6337,2.9302,6.4540,89.9880,16.5170,2.0723,1.0000,1.9730,17.2060,13.3450,70.0000,76.8120,120.0000
1.1653,0.63094,2.9301,6.4344,90,16.515,2.0723,1,1.9443,17.333,13.348,70,75,119.56
1.1653,0.6309,2.9301,6.4344,90.0000,16.5150,2.0723,1.0000,1.9443,17.3330,13.3480,70.0000,75.0000,119.5600
1.1653,0.63201,2.9297,6.4344,90,16.515,2.0723,1,1.9443,17.273,13.348,70,75.503,119.47
1.1599,0.63689,2.9279,6.4828,89.793,16.516,2.0723,1,1.9509,17.284,13.346,70,78.147,120
1.1653,0.63933,2.9273,6.4344,90,16.517,2.0723,1.0017,1.9443,17.204,13.347,70,78.726,120
1.1653,0.64095,2.9266,6.4344,90,16.517,2.0723,1.0017,1.9443,17.204,13.347,70,79.295,120
1.1556,0.6411,2.9259,6.5271,89.6320,16.5160,2.0723,1.0000,1.9517,17.2040,13.3460,70.0000,80.1590,119.9300
1.1571,0.6441,2.9250,6.4426,89.6570,16.5170,2.0723,1.0000,1.9441,17.2010,13.3450,70.0000,81.1160,120.0000
1.1560,0.6489,2.9229,6.4878,89.6310,16.5160,2.0723,1.0000,2.4912,17.2010,13.3470,70.0000,82.8110,120.0000
1.1653,0.6442,2.9224,6.4344,90.0000,16.5170,2.0723,1.0000,1.9443,17.8730,13.3480,70.0000,78.4990,120.0000
1.1574,0.65456,2.9206,6.5012,89.696,16.516,2.0723,1,1.9527,17.223,13.347,70,84.527,120
1.1639,0.65852,2.9182,6.5012,89.97,16.517,2.0723,1,1.9508,17.512,13.347,70,84.527,120
1.1505,0.6605,2.9172,7.0576,89.6580,16.5170,2.0723,1.0000,1.9650,17.2060,13.3250,70.0000,87.4440,120.0000
1.1604,0.6669,2.9156,6.4540,89.8020,16.2790,2.0723,1.0000,1.9501,17.2020,13.3480,70.0000,88.8000,120.0000
1.1613,0.6731,2.9128,6.4538,89.8390,16.5160,2.0723,1.0000,1.9467,17.4090,13.3450,70.0000,89.6220,120.0000
1.1598,0.67609,2.9125,6.5483,89.818,16.517,2.0723,1,1.9502,17.228,13.345,70,91.137,120
1.1616,0.67173,2.912,6.454,89.851,16.516,2.0723,1.0077,1.9501,17.205,13.345,70,89.622,120
1.1651,0.68251,2.9108,6.4508,90,16.517,2.0723,1,1.9442,17.204,13.345,70,92.692,120
1.1626,0.68525,2.9095,6.5128,89.922,16.49,2.0723,1,1.9449,17.202,13.346,70,93.77,120
1.1633,0.6941,2.9065,6.4498,89.9230,16.5090,2.0723,1.0000,1.9454,17.2010,13.3430,70.0000,96.2360,120.0000
1.1636,0.6979,2.9051,6.5287,89.9700,16.5170,2.0723,1.0000,2.5099,17.2090,13.3460,70.0000,97.2900,119.9900
1.1636,0.7000,2.9044,6.5296,89.9720,16.5160,2.0723,1.0000,1.9454,17.2040,13.3460,70.0000,97.8990,119.9900
1.1645,0.7057,2.9025,6.4961,89.9950,16.4950,2.0723,1.0000,2.6203,17.2060,13.3430,70.0000,99.4620,120.0000
1.1611,0.7071,2.9017,6.6606,89.9250,16.4950,2.0723,1.0000,2.6248,17.2060,13.3460,70.0000,100.1500,120.0000
1.1570,0.7137,2.8993,6.4906,89.6730,16.5160,2.0723,1.0000,1.9565,17.2130,13.3460,70.0000,102.0900,120.0000
1.1573,0.7149,2.8989,6.4399,89.6660,16.5170,2.0723,1.0000,1.9469,17.2060,13.3260,70.0000,102.4900,120.0000
1.1541,0.71637,2.898,6.7441,89.666,16.517,2.0723,1,1.9441,17.201,13.325,70,103.23,120
1.1504,0.7186,2.8967,7.0576,89.6530,16.5170,2.0723,1.0000,1.9501,17.2040,13.3250,70.0000,104.1900,119.9700
1.1504,0.71925,2.8966,7.0576,89.653,16.517,2.0723,1,1.965,17.206,13.325,70,104.37,120
1.1653,0.72564,2.8961,6.4344,90,16.516,2.0723,1,1.9443,17.201,13.33,70,104.82,120
1.1653,0.7290,2.8933,6.4344,90.0000,16.5150,2.0723,1.0000,1.9443,17.5030,13.3430,70.0000,105.0000,120.0000
1.1653,0.7322,2.8901,6.4344,90.0000,16.5130,2.0723,1.0000,1.9443,17.8730,13.3480,70.0000,105.0000,120.0000
1.162,0.73288,2.8865,6.637,89.954,16.517,2.0723,1,2.0807,17.215,13.348,70,105,116.74
1.1653,0.7372,2.8846,6.4344,90.0000,16.5160,2.0723,1.0000,1.9443,18.4880,13.3480,70.0000,104.9900,120.0000
1.1632,0.73507,2.8846,6.4475,89.918,16.516,2.0723,1,1.9855,17.33,13.348,70,105,116.44
1.1653,0.7373,2.8838,6.4344,90,16.513,2.0723,1,1.9443,18.472,13.348,70,104.83,119.62
1.1653,0.7377,2.8833,6.4344,90.0000,16.5150,2.0723,1.0000,1.9443,18.1910,13.3470,70.0000,104.9700,118.6100
1.1653,0.73816,2.8823,6.4344,90,16.516,2.0723,1,1.9443,17.954,13.341,70,105,117.54
1.1584,0.73884,2.8805,6.4383,89.71,16.517,2.0723,1,1.9504,18.958,13.348,70,104.83,120
1.1653,0.74205,2.8792,6.4344,90,16.515,2.0723,1,1.9443,19.078,13.343,70,105,120
1.1646,0.74305,2.8778,6.5007,90,16.517,2.0723,1,1.9527,19.222,13.347,70,105,120
1.1605,0.74795,2.8708,6.4843,89.821,16.517,2.0723,1,1.9487,19.833,13.343,70,104.99,119.58
1.1648,0.7494,2.8702,6.4843,90.0000,16.5170,2.0723,1.0000,1.9487,19.8890,13.3430,70.0000,104.9900,119.5800
1.1567,0.7549,2.8612,6.5296,89.6810,16.5170,2.0723,1.0000,1.9493,20.6130,13.3450,70.0000,105.0000,118.9300
1.1573,0.75589,2.86,6.4512,89.67,16.517,2.0723,1,1.9493,20.622,13.348,70,104.93,118.54
1.1653,0.75846,2.8596,6.4344,90,16.515,2.0723,1,1.9443,21.075,13.347,70,104.96,120
1.1653,0.75858,2.8594,6.4344,90,16.514,2.0723,1,1.9443,21.075,13.347,70,104.96,119.94
1.1623,0.7586,2.8581,6.5296,89.9150,16.5170,2.0723,1.0000,1.9573,20.6970,13.3450,70.0000,105.0000,118.1700
1.1653,0.76091,2.8558,6.4344,90,16.515,2.0723,1.0017,1.9443,20.534,13.348,70,105,116.97
1.1653,0.76319,2.8532,6.4344,90,16.514,2.0723,1,1.9443,21.688,13.348,70,104.87,120
1.1653,0.76511,2.8513,6.4344,90,16.514,2.0723,1,1.9443,21.86,13.348,70,105,120
1.1653,0.76525,2.851,6.4344,90,16.515,2.0723,1,1.9443,21.731,13.348,70,105,119.45
1.1653,0.7653,2.8510,6.4344,90.0000,16.5150,2.0723,1.0000,1.9443,21.7310,13.3480,70.0000,105.0000,119.4500
1.162,0.76904,2.8464,6.4929,89.885,16.51,2.0723,1,2.2477,17.563,13.345,70,104.8,102.55
1.1618,0.7696,2.8462,6.4967,89.8820,16.5130,2.0723,1.0000,2.2477,17.5630,13.3450,70.0000,104.9400,102.5500
1.1626,0.76677,2.8435,6.4929,89.912,16.51,2.0723,1.018,2.2709,17.208,13.345,70,104.8,102.55
1.1653,0.7723,2.8417,6.4344,90,16.514,2.0723,1,1.9443,22.731,13.348,70,105,120
1.1653,0.7723,2.8417,6.4344,90.0000,16.5140,2.0723,1.0000,1.9443,22.7310,13.3480,70.0000,105.0000,120.0000
1.1589,0.77328,2.8416,6.4476,89.737,16.517,2.0723,1,1.9582,18.325,13.346,70,104.99,103.41
1.1653,0.7729,2.8409,6.4344,90,16.514,2.0723,1,1.9443,22.804,13.348,70,105,120
1.1653,0.77333,2.84,6.4344,90,16.517,2.0723,1.0017,1.9443,22.534,13.348,70,105,118.82
1.1653,0.77433,2.8389,6.4344,90,16.515,2.0723,1,1.9443,22.986,13.343,70,105,120
1.1582,0.7745,2.8376,6.4403,89.7030,16.5160,2.0723,1.0000,1.9873,17.2700,13.3460,70.0000,103.2500,97.0400
1.1582,0.77609,2.836,6.4418,89.703,16.516,2.0723,1,1.9873,17.46,13.348,70,103.25,97.04
1.1653,0.7769,2.8355,6.4344,90.0000,16.5140,2.0723,1.0000,1.9443,23.2860,13.3480,70.0000,105.0000,120.0000
1.1653,0.77741,2.8348,6.4344,90,16.514,2.0723,1,1.9443,23.283,13.348,70,105,119.75
1.1603,0.78288,2.8336,6.4545,89.797,16.516,2.0723,1,1.9667,17.239,13.346,70,104.59,95.892
1.1653,0.7788,2.8330,6.4344,90.0000,16.5170,2.0723,1.0000,1.9443,23.3000,13.3480,70.0000,104.9900,119.1900
1.1631,0.78436,2.8329,6.4641,89.919,16.516,2.0723,1,1.9667,17.239,13.346,70,104.59,95.59
1.1653,0.7796,2.8320,6.4344,90.0000,16.5150,2.0723,1.0000,1.9443,23.0450,13.3430,70.0000,105.0000,117.8200
1.1653,0.78019,2.8308,6.4344,90,16.516,2.0723,1.0004,1.9443,23.683,13.348,70,105,120
1.1653,0.78121,2.8297,6.4344,90,16.514,2.0723,1,1.9443,23.518,13.348,70,105,118.9
1.1653,0.78169,2.8289,6.4344,90,16.515,2.0723,1,1.9443,23.513,13.347,70,104.97,118.61
1.1653,0.78199,2.8285,6.4344,90,16.514,2.0723,1,1.9443,23.588,13.343,70,105,118.77
1.1602,0.7894,2.8276,6.9098,89.9990,16.5160,2.0723,1.0000,2.4104,17.6500,13.3460,70.0000,105.0000,95.0440
1.1653,0.78223,2.8264,6.4344,90,16.458,2.0723,1,1.9443,23.539,13.347,70,104.63,117.69
1.1653,0.78382,2.8261,6.4344,90,16.514,2.0723,1,1.9443,23.539,13.347,70,104.94,117.69
1.1564,0.79357,2.8249,6.5298,89.666,16.516,2.0723,1,1.9492,17.201,13.348,70,105,92.133
1.1646,0.8076,2.8158,6.4900,89.9970,16.5170,2.0723,1.0000,1.9617,17.2020,13.3380,70.0000,104.9000,87.8490
1.1642,0.81201,2.8127,6.4355,89.952,16.517,2.0723,1,1.9521,17.201,13.346,70,104.9,86.404
1.1593,0.8137,2.8109,6.4367,89.7460,16.5170,2.0723,1.0000,1.9529,17.2180,13.3450,70.0000,105.0000,85.6220
1.1593,0.8137,2.8109,6.4408,89.7490,16.5160,2.0723,1.0000,1.9529,17.2180,13.3450,70.0000,104.9900,85.6220
1.1651,0.82008,2.8072,6.4545,90,16.515,2.0723,1,1.9441,17.217,13.346,70,104.65,83.578
1.1653,0.82477,2.8042,6.4344,90,16.514,2.0723,1,1.9443,17.37,13.348,70,104.99,82.935
1.1653,0.8327,2.7998,6.4344,90.0000,16.5150,2.0723,1.0000,1.9443,17.2490,13.3480,70.0000,105.0000,80.1770
1.1653,0.8331,2.7996,6.4344,90.0000,16.5150,2.0723,1.0000,1.9443,17.2290,13.3480,70.0000,105.0000,80.0000
1.1653,0.83341,2.7988,6.4344,90,16.516,2.0723,1,1.9443,17.352,13.347,70,104.82,80
1.1653,0.8357,2.7934,6.4344,90.0000,16.5140,2.0723,1.0000,1.9443,18.4650,13.3470,70.0000,104.9900,82.3370
1.1647,0.8382,2.7928,6.4918,89.999,16.51,2.0723,1,1.9639,18.124,13.348,70,104.79,80.372
1.1653,0.8402,2.7918,6.4344,90.0000,16.5140,2.0723,1.0000,1.9443,18.1680,13.3480,70.0000,104.9800,80.1810
1.1653,0.84163,2.7906,6.4344,90,16.517,2.0723,1,1.9443,18.261,13.348,70,105,80
1.1653,0.8442,2.7878,6.4344,90.0000,16.5130,2.0723,1.0000,1.9443,18.5800,13.3470,70.0000,105.0000,80.0000
1.1653,0.84522,2.7803,6.4344,90,16.516,2.0723,1,1.9443,20.127,13.348,70,105,83.691
1.1646,0.8522,2.7784,6.4912,89.9950,16.5160,2.0723,1.0000,2.5896,19.5750,13.3480,70.0000,104.9900,80.0000
1.1653,0.8569,2.7723,6.4344,90.0000,16.5140,2.0723,1.0000,1.9443,20.2500,13.3480,70.0000,104.7500,80.0460
1.1637,0.8572,2.7701,6.4384,89.9340,16.5160,2.0723,1.0000,1.9492,20.6470,13.3480,70.0000,104.9500,81.0940
1.1645,0.8613,2.7675,6.4841,89.9900,16.5170,2.0723,1.0000,1.9634,20.6820,13.3450,70.0000,105.0000,80.0000
1.1653,0.8645,2.7639,6.4344,90.0000,16.5160,2.0723,1.0000,1.9443,21.0430,13.3470,70.0000,104.9800,80.0000
1.1653,0.8637,2.7639,6.4344,90.0000,16.5140,2.0723,1.0000,1.9443,21.1350,13.3480,70.0000,105.0000,80.5140
1.1653,0.8647,2.7636,6.4344,90,16.516,2.0723,1,1.9443,21.075,13.347,70,104.96,80
1.1653,0.86474,2.7635,6.4344,90,16.516,2.0723,1,1.9443,21.075,13.347,70,104.97,80
1.1642,0.86712,2.7601,6.4985,89.983,16.515,2.0723,1,1.9496,21.398,13.345,70,105,80
1.1641,0.86976,2.7556,6.5317,89.995,16.517,2.0723,1,2.5896,21.915,13.348,70,105,80.499
1.1632,0.8735,2.7518,6.4475,89.9180,16.5170,2.0723,1.0000,1.9891,22.1810,13.3460,70.0000,105.0000,80.0000
1.1653,0.87425,2.7515,6.4344,90,16.517,2.0723,1,1.9443,22.21,13.348,70,105,80
1.1653,0.88104,2.7422,6.4344,90,16.514,2.0723,1,1.9443,23.045,13.343,70,105,80
1.1653,0.8831,2.7395,6.4344,90.0000,16.5150,2.0723,1.0000,1.9443,23.2830,13.3480,70.0000,104.9900,80.0000
1.1653,0.88386,2.7385,6.4344,90,16.514,2.0723,1,1.9443,23.376,13.348,70,105,80
1.1653,0.88473,2.7372,6.4344,90,16.514,2.0723,1,1.9443,23.491,13.348,70,104.98,80
1.1653,0.88506,2.7368,6.4344,90,16.515,2.0723,1,1.9443,23.522,13.347,70,105,80
1.1653,0.8850,2.7368,6.4344,90.0000,16.5140,2.0723,1.0000,1.9443,23.5180,13.3480,70.0000,105.0000,80.0000
1.1653,0.88569,2.7359,6.4344,90,16.517,2.0723,1,1.9443,23.6,13.348,70,104.99,80
1.1653,0.88602,2.7355,6.4344,90,16.517,2.0723,1,1.9443,23.635,13.348,70,105,80
1.1653,0.8864,2.7329,6.4344,90.0000,16.5170,2.0723,1.0073,1.9443,23.6540,13.3480,70.0000,105.0000,80.0000
1.1652,0.88742,2.7231,6.4379,89.998,16.515,2.0723,1.0362,1.9543,23.695,13.346,70,104.99,80
1.1653,0.8865,2.7184,6.4344,90.0000,16.5140,2.0723,1.0548,1.9443,23.6310,13.3480,70.0000,104.8200,80.0970
1.1653,0.88787,2.7135,6.4388,90,16.517,2.0723,1.0692,1.9443,23.636,13.346,70,105,80.014
1.1634,0.88869,2.7045,6.4361,89.919,16.517,2.0723,1.0964,1.965,23.696,13.346,70,104.99,80
1.1653,0.8881,2.7028,6.4344,90.0000,16.5140,2.0723,1.1089,1.9443,23.5180,13.3470,70.0000,105.0000,80.0020
1.1653,0.8880,2.7028,6.4344,90.0000,16.5140,2.0723,1.1089,1.9443,23.5180,13.3470,70.0000,104.9900,80.0000
1.1653,0.88836,2.6992,6.4344,90,16.516,2.0723,1.1179,1.9443,23.638,13.348,70,104.82,80.095
1.1650,0.8891,2.6984,6.4366,89.9880,16.5170,2.0723,1.1179,1.9452,23.6960,13.3480,70.0000,104.9900,80.1770
1.1653,0.88982,2.6966,6.4344,90,16.516,2.0723,1.1237,1.9443,23.683,13.348,70,104.99,80.01
1.1653,0.88989,2.6965,6.4344,90,16.516,2.0723,1.1237,1.9443,23.688,13.348,70,104.99,80
1.1653,0.89067,2.6879,6.4359,89.998,16.515,2.0723,1.1535,1.9498,23.689,13.346,70,104.99,80
1.1649,0.89077,2.6807,6.4714,90,16.517,2.0723,1.1816,2.0191,23.625,13.345,70,105,80.022
1.1649,0.8909,2.6796,6.4714,90.0000,16.5170,2.0723,1.1858,2.0208,23.6250,13.3450,70.0000,105.0000,80.0220
1.1653,0.89233,2.6705,6.4381,90,16.516,2.0723,1.2167,1.9526,23.669,13.346,70,105,80
1.1653,0.89319,2.6619,6.4344,90,16.517,2.0723,1.2491,1.9443,23.679,13.348,70,104.99,80.047
1.1653,0.89335,2.6618,6.4344,90,16.517,2.0723,1.2491,1.9443,23.675,13.348,70,105,80
1.1653,0.8934,2.6614,6.4344,90.0000,16.5170,2.0723,1.2509,1.9443,23.6690,13.3480,70.0000,105.0000,80.0000
1.1653,0.8935,2.6604,6.4344,90.0000,16.5170,2.0723,1.2544,1.9443,23.6770,13.3480,70.0000,105.0000,80.0010
1.1653,0.89456,2.6478,6.4344,90,16.514,2.0723,1.3054,1.9443,23.632,13.348,70,105,80
1.1650,0.8953,2.6446,6.4366,89.9890,16.5170,2.0723,1.3152,1.9738,23.6950,13.3460,70.0000,105.0000,80.0000
1.1653,0.89607,2.6317,6.4344,90,16.514,2.0723,1.3732,1.9443,23.587,13.347,70,105,80
1.1653,0.89613,2.6298,6.4344,90,16.511,2.0723,1.3801,1.9443,23.638,13.347,70,105,80.162
1.1653,0.89613,2.6298,6.4344,90,16.511,2.0723,1.3801,1.9443,23.638,13.347,70,105,80.162
1.1653,0.89657,2.6295,6.4344,90,16.511,2.0723,1.3801,1.9443,23.638,13.348,70,105,80.033
1.1653,0.89719,2.6258,6.4386,90,16.517,2.0723,1.395,1.9466,23.65,13.346,70,105,80
1.1653,0.8972,2.6154,6.4373,90.0000,16.5170,2.0723,1.4485,1.9525,23.4820,13.3450,70.0000,105.0000,80.0220
1.1638,0.89914,2.6084,6.5497,89.99,16.516,2.0723,1.4685,1.965,23.695,13.348,70,105,80
1.1652,0.90027,2.6027,6.4437,89.998,16.517,2.0723,1.4942,1.9544,23.689,13.348,70,104.99,80
1.1653,0.89729,2.5948,6.4344,90,16.516,2.0723,1.5382,1.9443,23.659,13.348,70,103.93,80
1.1653,0.9000,2.5947,6.4344,90.0000,16.5140,2.0723,1.5375,1.9443,23.5900,13.3480,70.0000,104.8100,80.0050
1.1653,0.9014,2.5938,6.4344,90.0000,16.5160,2.0723,1.5354,1.9443,23.6840,13.3480,70.0000,104.9900,80.0000
1.1653,0.90196,2.5806,6.4344,90,16.514,2.0723,1.6044,1.9443,23.594,13.348,70,104.82,80
1.1653,0.9021,2.5804,6.4344,90.0000,16.5140,2.0723,1.6044,1.9443,23.6130,13.3480,70.0000,104.8200,80.0030
1.1653,0.90305,2.5796,6.4344,90,16.516,2.0723,1.6044,1.9443,23.684,13.348,70,104.99,80.097
1.1653,0.9031,2.5773,6.4344,90.0000,16.5140,2.0723,1.6192,1.9443,23.6010,13.3470,70.0000,105.0000,80.0000
1.1634,0.90404,2.5715,6.4361,89.919,16.517,2.0723,1.6427,1.9661,23.696,13.346,70,104.99,80
1.1651,0.90591,2.5603,6.4537,90,16.516,2.0723,1.7013,1.9496,23.668,13.348,70,105,80
1.1653,0.9055,2.5558,6.4344,90,16.515,2.0723,1.7282,1.9443,23.638,13.348,70,104.82,80.095
1.1649,0.9069,2.5518,6.4511,89.9900,16.5170,2.0723,1.7476,1.9545,23.6350,13.3480,70.0000,105.0000,80.0000
1.1653,0.9059,2.5516,6.4344,90.0000,16.5140,2.0723,1.7481,1.9443,23.6830,13.3480,70.0000,104.6000,80.0000
1.1649,0.9074,2.5511,6.4519,89.9900,16.5170,2.0723,1.7476,1.9545,23.6920,13.3480,70.0000,105.0000,80.0000
1.1653,0.9073,2.5464,6.4344,90.0000,16.5150,2.0723,1.7820,1.9443,23.5520,13.3480,70.0000,105.0000,80.0000
1.1652,0.90833,2.5449,6.442,89.997,16.515,2.0723,1.7807,1.9609,23.694,13.345,70,105,80
1.1653,0.9084,2.5445,6.4344,90.0000,16.5170,2.0723,1.7847,1.9443,23.6690,13.3480,70.0000,105.0000,80.0000
1.1653,0.90851,2.5419,6.4344,90,16.514,2.0723,1.8013,1.9443,23.634,13.348,70,105,80
1.164,0.90886,2.5289,6.4363,89.947,16.517,2.0723,1.8792,1.9546,23.624,13.346,70,104.99,80.427
1.164,0.91029,2.528,6.4363,89.947,16.517,2.0723,1.8792,1.9546,23.624,13.346,70,105,80
1.1653,0.91169,2.5201,6.44,90,16.517,2.0723,1.9236,1.9508,23.664,13.347,70,104.95,80.089
1.1653,0.91343,2.5126,6.4388,90,16.516,2.0723,1.9663,1.9508,23.669,13.348,70,105,80
1.1646,0.9141,2.5080,6.4811,89.9890,16.5170,2.0723,1.9925,1.9514,23.6900,13.3480,70.0000,105.0000,80.0000
1.1653,0.91348,2.4968,6.4344,90,16.507,2.0723,2.0672,1.9443,23.622,13.223,70,105,80.047
1.1644,0.91536,2.4962,6.4465,89.969,16.517,2.0723,2.0741,1.9506,23.572,13.345,70,105,80.012
1.1651,0.91747,2.4893,6.4528,90,16.515,2.0723,2.1096,1.9767,23.685,13.345,70,105,80
1.1653,0.91795,2.487,6.4344,90,16.514,2.0723,2.1247,1.9443,23.677,13.348,70,105,80
1.1636,0.91852,2.4817,6.4444,89.932,16.517,2.0723,2.1589,1.9724,23.686,13.345,70,105,80
1.1653,0.9190,2.4758,6.4344,90.0000,16.5140,2.0723,2.2051,1.9443,23.6130,13.3480,70.0000,104.8200,80.0030
1.1653,0.92011,2.4664,6.4344,90,16.514,2.0723,2.2757,1.9443,23.537,13.347,70,104.76,80
1.1653,0.92011,2.4664,6.4344,90,16.514,2.0723,2.2757,1.9443,23.537,13.347,70,104.76,80
1.1653,0.92049,2.4657,6.4344,90,16.514,2.0723,2.2794,1.9443,23.537,13.348,70,104.83,80
1.1615,0.92327,2.4547,6.4492,89.846,16.517,2.0723,2.3426,1.9534,23.697,13.345,70,105,80
1.1643,0.9237,2.4525,6.5288,90,16.517,2.0723,2.3665,1.9558,23.599,13.346,70,105,80
1.1653,0.9251,2.4489,6.4344,90.0000,16.5110,2.0723,2.3878,1.9443,23.6570,13.3480,70.0000,105.0000,80.0170
1.1653,0.92612,2.4447,6.4344,90,16.517,2.0723,2.4171,1.9443,23.669,13.348,70,105,80
1.1653,0.92612,2.4447,6.4344,90,16.517,2.0723,2.4171,1.9443,23.669,13.348,70,105,80
1.1651,0.92688,2.4406,6.4537,90,16.516,2.0723,2.4475,1.9496,23.668,13.348,70,105,80
1.1653,0.92635,2.4393,6.4344,90,16.516,2.0723,2.47,1.9443,23.518,13.348,70,105,80
1.1653,0.92667,2.4389,6.4344,90,16.516,2.0723,2.47,1.9443,23.556,13.348,70,105,80
1.1653,0.9269,2.4383,6.4344,90.0000,16.5160,2.0723,2.4700,1.9443,23.6240,13.3480,70.0000,105.0000,80.0930
1.1641,0.9278,2.434,6.5333,89.992,16.517,2.0723,2.4981,2.9233,23.651,13.348,70,105,80.001
1.1646,0.92933,2.4289,6.4811,89.99,16.517,2.0723,2.5343,1.9593,23.69,13.348,70,105,80.004
1.1653,0.93097,2.4221,6.439,90,16.516,2.0723,2.5879,1.9494,23.682,13.346,70,105,80
1.1653,0.9273,2.4219,6.4344,90.0000,16.5160,2.0723,2.6494,1.9443,23.0270,13.3440,70.0000,105.0000,80.0000
1.1639,0.9326,2.4097,6.5285,89.9850,16.5170,2.0723,2.6920,2.1880,23.6630,13.3460,70.0000,105.0000,80.2130
1.1653,0.93385,2.4071,6.4344,90,16.514,2.0723,2.7145,1.9443,23.638,13.348,70,104.99,80.095
1.1642,0.93455,2.4041,6.5239,89.993,16.517,2.0723,2.7338,2.3217,23.678,13.346,70,104.99,80.021
1.1642,0.9353,2.3989,6.5236,89.9930,16.5170,2.0723,2.7864,2.3217,23.5830,13.3460,70.0000,104.9900,80.0000
1.1626,0.93581,2.3915,6.4375,89.885,16.517,2.0723,2.8591,1.9529,23.546,13.345,70,105,80.304
1.1614,0.93739,2.3908,6.451,89.842,16.517,2.0723,2.8445,1.9627,23.697,13.348,70,105,80
1.1643,0.93933,2.3855,6.451,89.964,16.517,2.0723,2.8904,1.9627,23.697,13.345,70,105,80
1.1653,0.93822,2.381,6.4344,90,16.511,2.0723,2.9502,1.9443,23.646,13.347,70,105,80.807
1.1653,0.9403,2.3798,6.4344,90.0000,16.5110,2.0723,2.9502,1.9443,23.6370,13.3470,70.0000,105.0000,80.1620
1.1649,0.94025,2.3766,6.4562,89.994,16.514,2.0723,2.9991,1.9454,23.424,13.345,70,105,80
1.1653,0.94236,2.3717,6.4344,90,16.516,2.0723,3.0299,1.9443,23.556,13.348,70,104.99,80
1.1584,0.94055,2.3717,6.473,89.728,16.517,2.0723,3.0202,1.9508,23.695,13.346,70,104.99,80.29
1.1653,0.9457,2.3616,6.4393,90.0000,16.5170,2.0723,3.1091,1.9442,23.6900,13.3480,70.0000,105.0000,80.0020
1.1653,0.94639,2.3579,6.4344,90,16.516,2.0723,3.1468,1.9443,23.684,13.347,70,105,80.102
1.1647,0.94713,2.3551,6.488,90,16.517,2.0723,3.1716,1.9544,23.692,13.345,70,104.99,80.022
1.1636,0.9488,2.3486,6.4443,89.9320,16.5170,2.0723,3.2355,1.9474,23.6860,13.3450,70.0000,105.0000,80.0000
1.1651,0.9498,2.3450,6.4468,89.9950,16.5170,2.0723,3.2779,1.9477,23.6250,13.3450,70.0000,105.0000,80.0000
1.1653,0.95074,2.3406,6.4344,90,16.511,2.0723,3.3242,1.9443,23.637,13.348,70,104.99,80.162
1.1653,0.95079,2.3405,6.4344,90,16.511,2.0723,3.3242,1.9443,23.643,13.348,70,104.99,80.162
1.1653,0.95093,2.3404,6.4344,90,16.511,2.0723,3.3242,1.9443,23.636,13.347,70,104.99,80.096
1.1653,0.95168,2.3399,6.4372,90,16.517,2.0723,3.3202,1.9539,23.697,13.346,70,105,80
1.1626,0.95361,2.3297,6.4363,89.885,16.517,2.0723,3.4341,1.9546,23.624,13.345,70,105,80
1.1653,0.9550,2.3263,6.4344,90.0000,16.5110,2.0723,3.4708,1.9443,23.6370,13.3470,70.0000,104.9900,80.1130
1.1652,0.95997,2.3118,6.4373,89.995,16.517,2.0723,3.617,1.9475,23.694,13.346,70,105,80
1.1653,0.95979,2.311,6.4344,90,16.514,2.0723,3.6294,1.9443,23.67,13.326,70,105,80
1.1653,0.95979,2.311,6.4344,90,16.514,2.0723,3.6294,1.9443,23.67,13.326,70,105,80
1.1653,0.9607,2.3051,6.4344,90.0000,16.5160,2.0723,3.7329,1.9443,23.3800,13.3480,70.0000,105.0000,80.0000
1.1651,0.96576,2.2932,6.4366,89.99,16.517,2.0723,3.8276,1.9632,23.695,13.346,70,104.99,80.022
1.1653,0.96678,2.2873,6.4344,90,16.516,2.0723,3.9317,1.9443,23.444,13.348,70,104.99,80
1.1653,0.9670,2.2861,6.4344,90.0000,16.5150,2.0723,3.9528,1.9443,23.3940,13.3480,70.0000,105.0000,80.0000
1.1653,0.9670,2.2861,6.4344,90.0000,16.5150,2.0723,3.9528,1.9443,23.3890,13.3480,70.0000,105.0000,80.0000
1.1653,0.96695,2.2861,6.4344,90,16.515,2.0723,3.9528,1.9443,23.389,13.348,70,105,80
1.1653,0.9709,2.2783,6.4388,90.0000,16.5170,2.0723,4.0052,1.9442,23.6900,13.3480,70.0000,105.0000,80.0020
1.1635,0.9729,2.2700,6.4443,89.9300,16.5170,2.0723,4.1093,1.9671,23.6860,13.3250,70.0000,105.0000,80.0320
1.1641,0.97356,2.2691,6.5494,90,16.515,2.0723,4.1195,1.9665,23.686,13.345,70,105,80
1.1653,0.9708,2.2678,6.4344,90.0000,16.5110,2.0723,4.1755,1.9443,23.6480,13.3480,70.0000,105.0000,81.3770
1.1653,0.9707,2.2678,6.4344,90.0000,16.5140,2.0723,4.1755,1.9443,23.6480,13.3480,70.0000,104.9600,81.3770
1.1644,0.97771,2.2581,6.4418,89.966,16.517,2.0723,4.262,1.9526,23.671,13.346,70,105,80.002
1.1625,0.9784,2.2521,6.4378,89.885,16.517,2.0723,4.3554,1.9529,23.624,13.339,70,105,80.301
1.1653,0.9802,2.2517,6.4379,89.9990,16.5160,2.0723,4.3453,1.9526,23.6690,13.3460,70.0000,105.0000,80.0000
1.1653,0.9821,2.2470,6.4344,90.0000,16.5160,2.0723,4.4064,1.9443,23.6830,13.3480,70.0000,104.9900,80.0060
1.1644,0.98225,2.2452,6.5221,90,16.491,2.0723,4.4295,1.955,23.689,13.346,70,105,80
1.1651,0.98286,2.2444,6.4436,89.997,16.491,2.0723,4.4396,1.9453,23.689,13.347,70,105,80
1.1653,0.98487,2.2398,6.4344,90,16.515,2.0723,4.5046,1.9443,23.681,13.348,70,105,80
1.1625,0.98643,2.2314,6.4378,89.885,16.517,2.0723,4.6374,1.9529,23.624,13.345,70,105,80.301
1.1653,0.9884,2.2298,6.4344,90.0000,16.5150,2.0723,4.6577,1.9443,23.5900,13.3480,70.0000,105.0000,80.0000
1.1653,0.98885,2.2284,6.4344,90,16.515,2.0723,4.6849,1.9443,23.55,13.348,70,105,80
1.1653,0.9892,2.2279,6.4344,90.0000,16.5150,2.0723,4.6849,1.9443,23.5900,13.3480,70.0000,105.0000,80.0000
1.1653,0.98943,2.2272,6.4344,90,16.516,2.0723,4.6947,1.9443,23.588,13.347,70,105,80
1.1626,0.99206,2.22,6.4374,89.889,16.517,2.0723,4.781,1.9747,23.697,13.346,70,105,80.01
1.1653,0.9926,2.2179,6.4344,90.0000,16.5140,2.0723,4.8592,1.9443,23.4180,13.3480,70.0000,104.9800,80.0000
1.1652,0.99627,2.2113,6.4436,89.998,16.517,2.0723,4.9101,1.955,23.689,13.347,70,105,80
1.1653,0.99314,2.2111,6.4344,90,16.517,2.0723,5.079,1.9443,22.731,13.348,70,104.99,80
1.1651,1.0019,2.1979,6.4366,89.9900,16.5170,2.0723,5.1146,1.9674,23.6950,13.3460,70.0000,104.9900,80.0220
1.1653,0.99762,2.1976,6.4344,90,16.511,2.0723,5.1642,1.9443,23.605,13.347,70,103.95,80.346
1.1653,0.9990,2.1966,6.4344,90.0000,16.5110,2.0723,5.1642,1.9443,23.6370,13.3470,70.0000,103.9500,80.0000
1.1653,1.0052,2.1897,6.4344,90,16.515,2.0723,5.268,1.9443,23.552,13.347,70,105,80
1.1640,1.0053,2.1885,6.5134,89.9790,16.5170,2.0723,5.2921,1.9478,23.5280,13.3480,70.0000,105.0000,80.0000
1.1653,1.0069,2.1855,6.4362,90,16.517,2.0723,5.3262,1.9715,23.642,13.345,70,105,80.219
1.1647,1.0098,2.1792,6.49,90,16.516,2.0723,5.4166,1.997,23.681,13.346,70,104.88,80
1.1647,1.0101,2.1791,6.4900,90.0000,16.5160,2.0723,5.4166,1.9970,23.6910,13.3480,70.0000,104.9300,80.0000
1.1653,1.0088,2.1784,6.4344,90.0000,16.5160,2.0723,5.5606,1.9443,22.9830,13.3470,70.0000,105.0000,80.0000
1.1653,1.0094,2.1776,6.4344,90.0000,16.5160,2.0723,5.5607,1.9443,23.0610,13.3480,70.0000,104.9800,80.0000
1.1653,1.0113,2.1732,6.4344,90.0000,16.3130,2.0723,5.5454,1.9443,23.5220,13.3470,70.0000,105.0000,80.0000
1.1641,1.0134,2.1707,6.466,89.965,16.517,2.0723,5.5995,1.9743,23.471,13.346,70,105,80.03
1.1652,1.0148,2.1686,6.4417,90,16.515,2.0723,5.6169,1.9608,23.571,13.345,70,105,80.093
1.1653,1.0207,2.1577,6.4379,90.0000,16.5150,2.0723,5.7785,1.9543,23.6950,13.3460,70.0000,104.9900,80.0000
1.1653,1.0221,2.1548,6.4379,90.0000,16.5150,2.0723,5.8296,1.9565,23.6950,13.3460,70.0000,104.9900,80.0000
1.1650,1.0230,2.1491,6.4472,89.9910,16.5170,2.0723,5.9611,1.9620,23.6890,13.3450,70.0000,104.9900,80.8070
1.1615,1.0257,2.1456,6.4366,89.839,16.517,2.0723,5.9985,1.9631,23.678,13.345,70,104.99,80.034
1.1652,1.0285,2.1421,6.4374,89.9980,16.5150,2.0723,6.0593,1.9738,23.6940,13.3450,70.0000,105.0000,80.0230
1.1636,1.0307,2.1371,6.4439,89.93,16.517,2.0723,6.1551,1.9671,23.686,13.345,70,105,80.032
1.1651,1.0330,2.1334,6.4528,90.0000,16.5150,2.0723,6.2227,1.9767,23.6850,13.3450,70.0000,105.0000,80.0000
1.165,1.0353,2.1292,6.4472,89.991,16.517,2.0723,6.3029,1.9634,23.689,13.345,70,104.99,80
1.1653,1.0346,2.125,6.4344,90,16.516,2.0723,6.5163,1.9443,23.172,13.348,70,104.32,80
1.1602,1.0371,2.1228,6.4363,89.7840,16.5170,2.0723,6.4336,1.9635,23.6890,13.3460,70.0000,104.9900,80.2170
1.1601,1.0381,2.1218,6.4472,89.784,16.517,2.0723,6.4449,1.9634,23.689,13.346,70,104.99,80
1.1647,1.0393,2.1165,6.4470,89.9780,16.5170,2.0723,6.6004,1.9508,23.6920,13.3430,70.0000,105.0000,81.3350
1.1653,1.0430,2.1148,6.4378,89.9990,16.5170,2.0723,6.6235,1.9501,23.5220,13.3460,70.0000,105.0000,80.0010
1.1653,1.0429,2.1107,6.4344,90,16.517,2.0723,6.9629,1.9443,22.447,13.347,70,104.78,80
1.1653,1.0436,2.1098,6.4344,90,16.517,2.0723,6.9629,1.9443,22.527,13.347,70,104.78,80
1.1649,1.0458,2.1084,6.4471,89.99,16.516,2.0723,6.7305,1.9497,23.693,13.345,70,104.99,80.451
1.1596,1.0481,2.1039,6.4738,89.7770,16.5160,2.0723,6.8061,1.9485,23.6930,13.3480,70.0000,105.0000,80.0210
1.1653,1.0548,2.0943,6.4344,90.0000,16.5150,2.0723,7.0278,1.9443,23.6370,13.3480,70.0000,104.9800,80.1590
1.1653,1.0549,2.0917,6.4395,90,16.495,2.0723,7.0822,1.9491,23.668,13.346,70,104.46,80
1.1633,1.0599,2.0857,6.4398,89.916,16.517,2.0723,7.1899,1.9738,23.697,13.345,70,105,80
1.1648,1.062,2.0825,6.4783,89.997,16.494,2.0723,7.2714,1.9612,23.664,13.343,70,105,80.02
1.1653,1.0628,2.0818,6.4344,90.0000,16.5150,2.0723,7.3031,1.9443,23.5900,13.3480,70.0000,105.0000,80.0000
1.1653,1.0648,2.0787,6.4374,90.0000,16.5170,2.0723,7.3456,1.9818,23.6940,13.3460,70.0000,105.0000,80.0000
1.1653,1.0668,2.0752,6.4344,90.0000,16.5150,2.0723,7.5046,1.9443,23.3890,13.3480,70.0000,105.0000,80.0000
1.1653,1.0689,2.0721,6.4344,90,16.514,2.0723,7.5111,1.9443,23.631,13.348,70,105,80
1.1653,1.0721,2.0667,6.4344,90,16.514,2.0723,7.6286,1.9443,23.661,13.329,70,104.99,80
1.1636,1.0735,2.0617,6.4445,89.9340,16.4030,2.0723,7.7549,1.9634,23.6660,13.3450,70.0000,104.7200,80.0800
1.1587,1.0751,2.06,6.5026,89.754,16.516,2.0723,7.8247,1.9496,23.524,13.346,70,105,80.03
1.1653,1.077,2.0584,6.4344,90,16.516,2.0723,8.2962,1.9443,21.932,13.348,70,105,80
1.1653,1.0775,2.0582,6.4344,90.0000,16.5150,2.0723,7.8489,1.9443,23.6320,13.3480,70.0000,105.0000,80.2950
1.1653,1.0784,2.0576,6.4344,90.0000,16.5140,2.0723,7.8489,1.9443,23.6320,13.3480,70.0000,105.0000,80.0000
1.1653,1.0788,2.0571,6.4344,90,16.514,2.0723,7.8489,1.9443,23.677,13.348,70,105,80
1.1647,1.0796,2.0555,6.4829,89.996,16.517,2.0723,7.9308,1.9592,23.526,13.348,70,105,80.004
1.1653,1.0801,2.0545,6.4344,90,16.514,2.0723,8.1703,1.9443,22.747,13.348,70,105,80
1.1591,1.0803,2.0526,6.4406,89.741,16.516,2.0723,7.998,1.9649,23.536,13.345,70,105,80
1.1634,1.0854,2.0463,6.4716,89.9370,16.5170,2.0723,8.1206,1.9628,23.6660,13.3450,70.0000,105.0000,80.1210
1.1653,1.0901,2.0407,6.4344,90.0000,16.5160,2.0723,8.2962,1.9443,23.5230,13.3480,70.0000,104.9900,80.0000
1.1653,1.0900,2.0407,6.4344,90.0000,16.5160,2.0723,8.2962,1.9443,23.5200,13.3480,70.0000,104.9900,80.0000
1.1653,1.0901,2.0406,6.4344,90,16.515,2.0723,8.2962,1.9443,23.532,13.348,70,104.99,80
1.1653,1.0902,2.0405,6.4344,90,16.514,2.0723,8.2962,1.9443,23.539,13.348,70,104.99,80
1.1631,1.0903,2.0394,6.4563,89.9160,16.5170,2.0723,8.3406,1.9453,23.4850,13.3450,70.0000,104.9900,80.0340
1.1653,1.0949,2.0332,6.4344,90,16.517,2.0723,9.7681,1.9443,19.093,13.348,70,105,80
1.1631,1.0971,2.03,6.4512,89.916,16.517,2.0723,8.5822,1.9503,23.485,13.343,70,104.99,80.034
1.1591,1.0985,2.0269,6.4376,89.7410,16.5160,2.0723,8.6460,1.9647,23.5360,13.3460,70.0000,105.0000,80.0000
1.1652,1.1028,2.0232,6.4437,90,16.517,2.0723,8.8082,1.9648,23.33,13.345,70,105,80
1.1576,1.1051,2.0176,6.4561,89.686,16.516,2.0723,8.9135,1.9453,23.485,13.344,70,105,80.034
1.1598,1.1066,2.0169,6.4465,89.773,16.517,2.0723,10.784,1.9538,17.282,13.345,70,104.88,80
1.1598,1.1093,2.0145,6.4469,89.7730,16.5170,2.0723,10.0300,1.9639,20.1390,13.3480,70.0000,104.9300,80.0000
1.1653,1.1000,2.0131,6.4344,90.0000,16.4100,2.0723,14.6020,1.9443,17.7070,13.2930,70.0000,101.9800,120.0000
1.1653,1.1074,2.0104,6.4344,90,16.41,2.0723,14.62,1.9443,17.707,13.293,70,103.83,120
1.1627,1.1148,2.0092,6.5829,89.959,16.516,2.0723,10.47,1.9677,19.222,13.348,70,104.99,80
1.159,1.1158,2.0067,6.4416,89.736,16.517,2.0723,14.907,1.958,17.231,13.329,70,104.99,120
1.1599,1.1235,2.0011,6.4439,89.775,16.509,2.0723,15.17,1.9886,17.205,13.348,70,105,120
1.1625,1.1275,1.9985,6.4385,89.883,16.515,2.0723,15.292,1.95,17.201,13.346,70,105,120
1.1653,1.1299,1.9938,6.4344,90,16.515,2.0723,11.263,1.9443,18.314,13.348,70,104.98,80.149
1.159,1.1327,1.9937,6.4416,89.736,16.517,2.0723,15.509,1.958,17.231,13.329,70,104.99,120
1.1612,1.1344,1.9907,6.4416,89.829,16.517,2.0723,15.496,1.9585,17.231,13.329,70,104.68,118.74
1.1653,1.1301,1.9879,6.4344,90,16.515,2.0723,9.7202,1.9443,23.601,13.348,70,104.83,80
1.1602,1.1407,1.9875,6.4531,89.791,16.51,2.0723,15.837,1.9454,17.201,13.343,70,104.61,120
1.1615,1.1437,1.9859,6.4382,89.839,16.515,2.0723,15.848,1.9508,17.306,13.345,70,105,120
1.1653,1.1496,1.9825,6.4344,90.0000,16.5160,2.0723,16.0350,1.9443,17.2550,13.3480,70.0000,105.0000,120.0000
1.1653,1.1536,1.9780,6.4344,90.0000,16.5160,2.0723,16.0020,1.9443,17.8530,13.3480,70.0000,105.0000,120.0000
1.1653,1.1547,1.9772,6.4344,90.0000,16.5160,2.0723,16.0350,1.9443,17.8730,13.3480,70.0000,105.0000,120.0000
1.1653,1.1547,1.9772,6.4344,90,16.516,2.0723,16.035,1.9443,17.873,13.348,70,105,120
1.1626,1.1558,1.9771,6.6083,89.966,16.517,2.0723,16.326,1.957,17.229,13.346,70,104.78,120
1.1635,1.1566,1.9769,6.5261,89.966,16.517,2.0723,16.326,1.957,17.233,13.346,70,104.9,120
1.1547,1.1583,1.9744,6.4871,89.5770,16.5160,2.0723,16.4550,1.9510,17.2040,13.3480,70.0000,105.0000,120.0000
1.1595,1.1613,1.9727,6.4496,89.763,16.51,2.0723,16.523,1.9509,17.265,13.346,70,104.85,120
1.1537,1.1619,1.9713,6.4496,89.5140,16.5100,2.0723,16.5960,1.9509,17.2650,13.3460,70.0000,104.8500,120.0000
1.1652,1.1674,1.9697,6.4411,90.0000,16.5170,2.0723,16.6830,1.9552,17.2150,13.3450,70.0000,105.0000,119.9700
1.1653,1.1641,1.9688,6.4344,90,16.514,2.0723,16.582,1.9443,17.28,13.348,70,103.99,118.71
1.1653,1.1682,1.9672,6.4344,90,16.515,2.0723,16.582,1.9443,17.459,13.348,70,104.88,119.06
1.1623,1.1711,1.966,6.5667,89.932,16.517,2.0723,16.897,1.9557,17.203,13.33,70,104.73,120
1.1653,1.1711,1.9649,6.4344,90,16.516,2.0723,16.584,1.9443,17.919,13.348,70,105,119.71
1.1568,1.1729,1.9646,6.4377,89.642,16.516,2.0723,16.954,1.9489,17.201,13.346,70,105,120
1.1568,1.1753,1.9628,6.4377,89.643,16.516,2.0723,17.04,1.9489,17.201,13.346,70,104.99,119.96
1.1568,1.1772,1.9605,6.4377,89.642,16.516,2.0723,17.04,1.9489,17.201,13.346,70,105,119.14
1.1543,1.1797,1.9594,6.4838,89.558,16.516,2.0723,17.232,1.9639,17.203,13.348,70,104.9,120
1.1600,1.1807,1.9575,6.5456,89.8280,16.5170,2.0723,17.4340,1.9625,17.2010,13.3480,70.0000,103.3200,120.0000
1.1612,1.1864,1.956,6.4384,89.828,16.511,2.0723,17.402,1.9509,17.209,13.345,70,104.96,120
1.1544,1.1885,1.9535,6.4417,89.544,16.516,2.0723,17.523,1.9559,17.231,13.347,70,105,120
1.1653,1.1904,1.9524,6.4344,90,16.514,2.0723,17.649,1.9443,17.254,13.346,70,103.83,120
1.1653,1.1917,1.9515,6.4344,90.0000,16.5140,2.0723,17.6920,1.9443,17.2590,13.3480,70.0000,103.8300,120.0000
1.1608,1.1937,1.9511,6.4544,89.82,16.511,2.0723,17.663,1.955,17.203,13.345,70,105,120
1.1638,1.1946,1.9510,6.4540,89.9440,16.5090,2.0723,17.6700,1.9550,17.2030,13.3480,70.0000,105.0000,120.0000
1.1653,1.1979,1.9483,6.4344,90.0000,16.5150,2.0723,17.6930,1.9443,17.4730,13.3470,70.0000,105.0000,120.0000
1.1653,1.1979,1.9483,6.4344,90.0000,16.5150,2.0723,17.6930,1.9443,17.4730,13.3470,70.0000,105.0000,120.0000
1.1653,1.1982,1.9480,6.4344,90.0000,16.5140,2.0723,17.6920,1.9443,17.5040,13.3480,70.0000,105.0000,120.0000
1.1617,1.1995,1.9472,6.4725,89.8660,16.5150,2.0723,17.8510,1.9459,17.2010,13.3450,70.0000,105.0000,119.8500
1.1617,1.1999,1.9466,6.4725,89.8660,16.5150,2.0723,17.8510,2.0612,17.2010,13.3450,70.0000,105.0000,119.6500
1.1623,1.2037,1.9446,6.5977,89.9460,16.5170,2.0723,18.0060,1.9484,17.2240,13.3460,70.0000,105.0000,120.0000
1.1637,1.2053,1.9437,6.5271,89.973,16.517,2.0723,18.033,1.952,17.273,13.346,70,105,120
1.1641,1.2099,1.9409,6.4355,89.951,16.517,2.0723,18.2,1.9623,17.201,13.346,70,104.99,119.85
1.1653,1.2083,1.9399,6.4344,90,16.515,2.0723,18.169,1.9443,17.228,13.348,70,104.19,119.06
1.1653,1.2137,1.9380,6.4344,90.0000,16.5150,2.0723,18.2550,1.9443,17.4730,13.3470,70.0000,105.0000,120.0000
1.1623,1.2165,1.9362,6.5977,89.948,16.517,2.0723,18.482,1.9623,17.224,13.346,70,104.84,120
1.1629,1.2182,1.9354,6.5456,89.9480,16.5170,2.0723,18.5400,1.9625,17.2010,13.3480,70.0000,104.8400,120.0000
1.1635,1.2208,1.9325,6.4419,89.9260,16.2870,2.0723,18.6940,1.9881,17.2460,13.3480,70.0000,104.6600,120.0000
1.1641,1.2265,1.9304,6.4355,89.9510,16.5170,2.0723,18.7870,1.9623,17.2010,13.3460,70.0000,105.0000,119.8500
1.1634,1.2293,1.9285,6.501,89.948,16.517,2.0723,18.922,1.9625,17.224,13.348,70,104.84,120
1.1569,1.231,1.9266,6.4427,89.648,16.494,2.0723,19.029,1.9655,17.201,13.345,70,105,119.99
1.1653,1.2341,1.9251,6.4344,90,16.514,2.0723,18.974,1.9443,17.497,13.347,70,105,120
1.1596,1.2375,1.9231,6.4540,89.7660,16.5090,2.0723,19.2330,1.9498,17.2010,13.3480,70.0000,105.0000,120.0000
1.1639,1.2483,1.9164,6.5299,89.9820,16.3570,2.0723,19.6280,1.9502,17.2030,13.3450,70.0000,104.9900,120.0000
1.1645,1.2513,1.9153,6.4856,89.988,16.516,2.0723,19.66,1.9606,17.262,13.348,70,105,119.96
1.1653,1.2566,1.9108,6.4344,90,16.514,2.0723,19.74,1.9443,17.512,13.348,70,105,119.61
1.1581,1.2577,1.9097,6.4961,89.724,16.517,2.0723,19.907,1.9461,17.201,13.346,70,105,119.27
1.1653,1.2585,1.9084,6.4344,90,16.514,2.0723,19.74,1.9443,17.512,13.347,70,105,118.77
1.1588,1.2622,1.9083,6.4389,89.7260,16.5170,2.0723,20.1130,1.9461,17.2010,13.3460,70.0000,105.0000,119.9700
1.1653,1.2616,1.9067,6.4344,90,16.515,2.0723,19.822,1.9443,17.954,13.341,70,105,120
1.1563,1.2652,1.9046,6.4381,89.62,16.516,2.0723,20.113,1.9461,17.648,13.345,70,105,120
1.1653,1.2634,1.9044,6.4344,90,16.516,2.0723,19.821,1.9443,17.963,13.341,70,105,119.23
1.1623,1.2691,1.9034,6.5586,89.931,16.279,2.0723,20.449,1.9621,17.202,13.345,70,104.63,120
1.1638,1.2763,1.9005,6.4612,89.948,16.51,2.0723,20.626,1.9804,17.203,13.348,70,104.63,120
1.1633,1.2794,1.8986,6.5973,89.989,16.517,2.0723,20.684,1.9623,17.205,13.346,70,105,119.81
1.1643,1.2832,1.8967,6.5006,89.987,16.515,2.0723,20.803,1.9625,17.205,13.348,70,105,119.81
1.1653,1.2752,1.8967,6.4344,90,16.517,2.0723,21.045,1.9443,17.482,13.346,70,100.44,120
1.1555,1.2856,1.8945,6.4384,89.588,16.51,2.0723,20.975,1.9454,17.206,13.346,70,105,119.97
1.1547,1.2854,1.8945,6.4879,89.5740,16.5150,2.0723,20.9780,1.9572,17.2060,13.3480,70.0000,104.9900,119.9900
1.1505,1.2889,1.8914,6.9535,89.612,16.516,2.0723,21.191,1.9446,17.201,13.346,70,104.82,120
1.1541,1.2993,1.8861,6.4857,89.5510,16.5160,2.0723,21.5640,1.9649,17.2160,13.3450,70.0000,104.3500,120.0000
1.1541,1.3008,1.8857,6.4857,89.5510,16.5160,2.0723,21.5640,1.9649,17.2160,13.3450,70.0000,104.7400,120.0000
1.1632,1.3054,1.8847,6.4497,89.916,16.516,2.0723,21.618,1.9453,17.201,13.345,70,104.99,120
1.1572,1.3081,1.8824,6.4390,89.6590,16.5100,2.0723,21.7670,1.9458,17.2060,13.3460,70.0000,104.9900,120.0000
1.1519,1.3061,1.8824,6.6075,89.5130,16.5170,2.0723,21.7690,1.9515,17.2280,13.3450,70.0000,104.7900,120.0000
1.1650,1.3148,1.8798,6.4390,89.9870,16.5150,2.0723,21.9340,1.9685,17.2050,13.3480,70.0000,105.0000,120.0000
1.1653,1.3012,1.8796,6.4344,90.0000,16.5170,2.0723,21.0450,1.9443,17.4820,13.3460,70.0000,105.0000,115.9400
1.1525,1.3190,1.8756,6.4471,89.4640,16.5110,2.0723,22.1940,1.9463,17.2630,13.3460,70.0000,104.8700,120.0000
1.1529,1.3209,1.875,6.4789,89.494,16.516,2.0723,22.257,1.946,17.203,13.348,70,105,120
1.1580,1.3223,1.8737,6.4961,89.7180,16.5170,2.0723,22.2100,1.9461,17.2010,13.3460,70.0000,105.0000,119.2700
1.1576,1.3222,1.8737,6.5272,89.718,16.517,2.0723,22.21,1.9464,17.201,13.346,70,105,119.28
1.1653,1.3207,1.8723,6.4344,90,16.517,2.0723,21.951,1.9443,17.945,13.348,70,104.47,119.46
1.1647,1.3318,1.8707,6.4895,90.0000,16.5110,2.0723,22.5620,1.9630,17.2030,13.3480,70.0000,104.8700,120.0000
1.152,1.3286,1.8707,6.4925,89.463,16.511,2.0723,22.562,1.9453,17.203,13.346,70,104.86,120
1.1653,1.3329,1.8685,6.4344,90,16.517,2.0723,22.654,1.9443,17.321,13.348,70,103.96,119.66
1.1550,1.3381,1.8661,6.4426,89.5660,16.5160,2.0723,22.9000,1.9654,17.2010,13.3450,70.0000,104.6400,120.0000
1.1643,1.3416,1.8656,6.5297,90.0000,16.5160,2.0723,22.9000,1.9654,17.2080,13.3450,70.0000,104.9900,120.0000
1.1653,1.3403,1.8651,6.4344,90,16.514,2.0723,22.81,1.9443,17.463,13.348,70,104.64,119.98
1.1653,1.344,1.8644,6.4344,90,16.514,2.0723,22.955,1.9443,17.256,13.343,70,105,119.98
1.1627,1.3479,1.8621,6.6705,89.997,16.513,2.0723,23.149,1.9617,17.202,13.345,70,104.99,120
1.1642,1.358,1.8575,6.4481,89.961,16.517,2.0723,23.481,1.9528,17.206,13.348,70,104.96,120
1.1653,1.3583,1.8571,6.4344,90,16.517,2.0723,23.455,1.9443,17.288,13.348,70,105,120
1.1626,1.3612,1.8557,6.4842,89.907,16.516,2.0723,23.608,1.9511,17.204,13.348,70,105,120
1.1653,1.3628,1.8544,6.4344,90,16.515,2.0723,23.607,1.9443,17.37,13.348,70,104.87,120
1.1627,1.3649,1.8537,6.6715,89.998,16.516,2.0723,23.748,1.9622,17.209,13.346,70,104.99,120
1.1627,1.3678,1.8523,6.6705,89.9970,16.5130,2.0723,23.8540,1.9617,17.2020,13.3450,70.0000,105.0000,120.0000
1.1625,1.3723,1.85,6.6657,89.986,16.513,2.0723,24.016,1.9484,17.206,13.345,70,104.99,120
1.1653,1.3754,1.8488,6.4344,90.0000,16.5150,2.0723,24.0750,1.9443,17.2500,13.3480,70.0000,105.0000,120.0000
1.1589,1.3759,1.8480,6.4889,89.7530,16.5160,2.0723,24.1650,1.9496,17.2010,13.3460,70.0000,105.0000,120.0000
1.1621,1.3802,1.846,6.4381,89.868,16.515,2.0723,24.267,1.9524,17.27,13.346,70,105,119.99
1.1564,1.3788,1.846,6.4385,89.626,16.515,2.0723,24.267,1.9523,17.27,13.346,70,104.98,119.99
1.1617,1.3824,1.8446,6.7726,90,16.516,2.0723,24.367,1.9592,17.262,13.348,70,105,119.96
1.1653,1.3852,1.8439,6.4344,90.0000,16.5150,2.0723,24.4350,1.9443,17.2820,13.3480,70.0000,104.8400,120.0000
1.1627,1.3885,1.8423,6.5704,89.95,16.516,2.0723,24.583,2.5191,17.209,13.348,70,104.99,119.99
1.1610,1.3948,1.8391,6.4416,89.8230,16.5120,2.0723,24.8360,1.9519,17.2040,13.3460,70.0000,104.8600,120.0000
1.1621,1.3967,1.8384,6.5636,89.924,16.517,2.0723,24.879,2.2267,17.203,13.346,70,105,120
1.1621,1.3977,1.8371,6.5636,89.9240,16.5170,2.0723,24.8790,2.2267,17.2170,13.3460,70.0000,105.0000,119.6000
1.1525,1.3997,1.8359,6.4476,89.463,16.511,2.0723,25.083,1.9454,17.203,13.346,70,104.86,120
1.1643,1.3893,1.8357,6.4661,89.972,16.516,2.0723,24.367,1.9592,17.262,13.348,70,104.56,116.61
1.1625,1.402,1.8348,6.4475,89.886,16.516,2.0723,25.011,1.9566,17.219,13.345,70,105,119.41
1.1630,1.4055,1.8342,6.4680,89.9190,16.5170,2.0723,25.2290,1.9484,17.2040,13.3460,70.0000,104.6100,119.9700
1.1650,1.4124,1.8315,6.4383,89.9890,16.5170,2.0723,25.4050,1.9503,17.2060,13.3480,70.0000,105.0000,120.0000
1.1636,1.415,1.83,6.5744,89.991,16.516,2.0723,25.536,2.0205,17.202,13.346,70,104.88,120
1.1653,1.4128,1.8297,6.4344,90,16.515,2.0723,25.338,1.9443,17.309,13.348,70,105,119.36
1.1653,1.4133,1.8295,6.4344,90,16.515,2.0723,25.338,1.9443,17.531,13.348,70,105,119.97
1.1628,1.418,1.8283,6.4907,89.921,16.517,2.0723,25.726,2.4995,17.209,13.348,70,104.24,120
1.1628,1.4208,1.8273,6.4935,89.9210,16.5170,2.0723,25.7260,2.4995,17.2090,13.3460,70.0000,105.0000,120.0000
1.1653,1.4216,1.8257,6.4344,90.0000,16.5150,2.0723,25.6540,1.9443,17.2990,13.3480,70.0000,105.0000,119.3600
1.1604,1.4270,1.8242,6.5006,89.8230,16.5120,2.0723,25.9910,1.9630,17.2040,13.3460,70.0000,104.8600,120.0000
1.1653,1.4279,1.8229,6.4344,90,16.515,2.0723,26.116,1.9443,17.37,13.348,70,103.45,120
1.1579,1.4308,1.8222,6.5296,89.73,16.516,2.0723,26.144,2.7233,17.202,13.346,70,104.88,120
1.1590,1.4340,1.8208,6.5950,89.8070,16.5160,2.0723,26.2330,1.9513,17.2280,13.3450,70.0000,104.9800,120.0000
1.1529,1.437,1.8187,6.4803,89.494,16.516,2.0723,26.371,1.9652,17.271,13.346,70,105,120
1.1553,1.4384,1.8183,6.5275,89.6190,16.5100,2.0723,26.4010,1.9464,17.2720,13.3460,70.0000,105.0000,120.0000
1.1596,1.4401,1.817,6.489,89.786,16.517,2.0723,26.365,2.0968,17.471,13.345,70,105,120
1.1653,1.4444,1.8162,6.4344,90.0000,16.5150,2.0723,26.5120,1.9443,17.3700,13.3480,70.0000,104.8700,120.0000
1.164,1.4479,1.8152,6.556,90,16.515,2.0723,26.731,1.9526,17.205,13.346,70,104.66,120
1.1565,1.4513,1.8131,6.4386,89.6280,16.5160,2.0723,26.8660,1.9496,17.2010,13.3450,70.0000,105.0000,120.0000
1.1602,1.4537,1.8124,6.4349,89.786,16.517,2.0723,26.934,1.9543,17.204,13.346,70,104.88,120
1.1653,1.4523,1.8113,6.4344,90.0000,16.5150,2.0723,26.7060,1.9443,17.6690,13.3470,70.0000,104.8700,120.0000
1.1546,1.4563,1.8108,6.4863,89.569,16.516,2.0723,27.062,1.9545,17.201,13.348,70,104.99,120
1.1595,1.4592,1.8094,6.5344,89.8000,16.5170,2.0723,27.1200,1.9443,17.2010,13.3480,70.0000,104.8600,119.7000
1.1605,1.4641,1.8078,6.5006,89.8260,16.5150,2.0723,27.3440,1.9630,17.2040,13.3460,70.0000,104.6000,120.0000
1.1653,1.4641,1.8077,6.4344,90,16.517,2.0723,27.217,1.9443,17.37,13.348,70,104.82,120
1.1642,1.4669,1.8065,6.5264,89.996,16.493,2.0723,27.335,2.6274,17.269,13.348,70,105,119.88
1.1653,1.4688,1.8059,6.4344,90,16.515,2.0723,27.379,1.9443,17.33,13.348,70,104.95,120
1.1577,1.4693,1.8053,6.4854,89.702,16.515,2.0723,27.525,1.9509,17.201,13.345,70,104.78,119.94
1.1620,1.4711,1.8052,6.4848,89.8830,16.5150,2.0723,27.5250,1.9509,17.2010,13.3450,70.0000,105.0000,120.0000
1.1653,1.4701,1.8047,6.4344,90,16.514,2.0723,27.384,1.9443,17.459,13.348,70,105,120
1.1653,1.4782,1.8012,6.4344,90,16.514,2.0723,27.672,1.9443,17.459,13.348,70,105,120
1.1600,1.4833,1.7997,6.4540,89.7850,16.5100,2.0723,28.0030,1.9788,17.2030,13.3480,70.0000,104.7900,120.0000
1.1653,1.485,1.7984,6.4344,90,16.514,2.0723,27.913,1.9443,17.459,13.348,70,105,120
1.16,1.4877,1.7978,6.454,89.785,16.51,2.0723,28.188,1.9788,17.203,13.348,70,104.57,120
1.1595,1.4958,1.7945,6.5333,89.8,16.517,2.0723,28.447,1.9538,17.201,13.348,70,104.86,120
1.1653,1.4994,1.7929,6.4344,90,16.514,2.0723,28.46,1.9443,17.358,13.348,70,104.96,120
1.1653,1.4994,1.7929,6.4344,90.0000,16.5140,2.0723,28.4600,1.9443,17.3580,13.3480,70.0000,104.9700,120.0000
1.1653,1.5036,1.7917,6.4344,90.0000,16.5140,2.0723,28.7470,1.9443,17.2160,13.3480,70.0000,104.2500,120.0000
1.1584,1.4997,1.7917,7.0322,89.982,16.517,2.0723,28.583,1.9628,17.222,13.346,70,104.96,119.69
1.1627,1.5047,1.7911,6.4905,89.916,16.517,2.0723,28.726,1.946,17.201,13.329,70,105,120
1.1653,1.5047,1.7902,6.4344,90,16.515,2.0723,32.151,1.9443,17.255,13.348,70,75.021,120
1.1653,1.5057,1.7887,6.4344,90,16.515,2.0723,32.123,1.9443,17.462,13.348,70,75.021,120
1.1544,1.5092,1.7886,6.5002,89.567,16.516,2.0723,28.949,1.9502,17.203,13.347,70,104.99,120
1.1562,1.511,1.788,6.4473,89.621,16.516,2.0723,29.015,1.9657,17.203,13.348,70,104.84,120
1.158,1.5125,1.7875,6.5101,89.724,16.516,2.0723,29.056,2.0205,17.201,13.346,70,104.85,120
1.1533,1.5126,1.7869,6.4434,89.494,16.516,2.0723,29.098,1.9651,17.228,13.345,70,104.79,120
1.1638,1.5155,1.7862,6.4608,89.947,16.512,2.0723,29.214,1.9605,17.211,13.348,70,103.94,119.79
1.1592,1.5202,1.7847,6.441,89.744,16.516,2.0723,29.294,2.0798,17.203,13.348,70,105,120
1.1590,1.5215,1.7835,6.4404,89.7350,16.5160,2.0723,32.7310,1.9582,17.2310,13.3470,70.0000,75.8270,120.0000
1.1653,1.5214,1.7826,6.4344,90,16.515,2.0723,32.626,1.9443,17.517,13.348,70,75.449,120
1.1578,1.5268,1.7818,6.5244,89.724,16.517,2.0723,29.569,2.6522,17.201,13.346,70,104.84,120
1.1620,1.5285,1.7816,6.5244,89.9020,16.5170,2.0723,29.5690,2.6510,17.2010,13.3450,70.0000,105.0000,120.0000
1.1578,1.5274,1.7816,6.5244,89.724,16.517,2.0723,29.569,2.6575,17.201,13.346,70,104.99,120
1.1653,1.5289,1.7803,6.4344,90.0000,16.5160,2.0723,32.5590,1.9443,17.2900,13.3480,70.0000,79.4470,120.0000
1.1653,1.5288,1.7803,6.4344,90.0000,16.5150,2.0723,32.5590,1.9443,17.2900,13.3480,70.0000,79.4380,120.0000
1.1616,1.5318,1.7794,6.4379,89.846,16.517,2.0723,29.668,1.9528,17.201,13.345,70,104.87,119.55
1.1653,1.5307,1.7792,6.4344,90,16.514,2.0723,32.916,1.9443,17.463,13.325,70,76.154,119.98
1.1592,1.5357,1.7785,6.4350,89.7410,16.5170,2.0723,33.1930,1.9503,17.2010,13.3480,70.0000,76.3290,120.0000
1.1653,1.5324,1.7785,6.4344,90.0000,16.5140,2.0723,32.9160,1.9443,17.4630,13.3250,70.0000,76.7600,119.9800
1.1549,1.5374,1.7778,6.5394,89.607,16.516,2.0723,33.428,1.9511,17.201,13.345,70,75,120
1.1586,1.5453,1.7753,6.4857,89.7410,16.5160,2.0723,33.6670,1.9649,17.2160,13.3450,70.0000,75.0250,120.0000
1.1653,1.5397,1.7750,6.4344,90.0000,16.5130,2.0723,33.2630,1.9443,17.6920,13.3480,70.0000,75.0000,119.9200
1.1554,1.5484,1.7741,6.5511,89.636,16.515,2.0723,33.815,1.9508,17.201,13.345,70,75,120
1.1535,1.5494,1.7735,6.5295,89.543,16.516,2.0723,33.864,1.9622,17.206,13.348,70,75,120
1.1594,1.5538,1.7722,6.4383,89.7540,16.5170,2.0723,33.8310,1.9504,17.2060,13.3480,70.0000,76.3770,120.0000
1.1653,1.5580,1.7711,6.4344,90.0000,16.5150,2.0723,33.9460,1.9443,17.2550,13.3480,70.0000,76.0490,120.0000
1.1597,1.5608,1.7698,6.4383,89.763,16.517,2.0723,34.077,1.9504,17.206,13.348,70,76.377,120
1.1615,1.5600,1.7693,6.4358,89.8410,16.3610,2.0723,34.0840,1.9445,17.2730,13.3480,70.0000,75.9940,119.9000
1.1584,1.5661,1.768,6.4383,89.71,16.517,2.0723,34.311,1.9504,17.206,13.348,70,76.013,120
1.1653,1.568,1.7676,6.4344,90,16.515,2.0723,34.304,1.9443,17.255,13.348,70,76.049,120
1.1575,1.5695,1.7664,6.5483,89.724,16.517,2.0723,34.582,1.9502,17.206,13.252,70,75.229,120
1.1565,1.5743,1.7654,6.4356,89.629,16.517,2.0723,34.718,1.9442,17.204,13.348,70,75,120
1.1653,1.5780,1.7638,6.4344,90.0000,16.5150,2.0723,34.5060,1.9443,17.2130,13.3480,70.0000,77.6380,119.9100
1.1653,1.5819,1.7632,6.4344,90.0000,16.5150,2.0723,34.8980,1.9443,17.2540,13.3480,70.0000,75.0000,119.9700
1.1603,1.5825,1.7629,6.4545,89.799,16.517,2.0723,34.981,1.9543,17.203,13.345,70,75,120
1.1634,1.5934,1.7589,6.5021,89.949,16.517,2.0723,35.229,1.9549,17.202,13.346,70,76.068,119.86
1.1653,1.5952,1.7582,6.4344,90,16.516,2.0723,35.236,1.9443,17.298,13.348,70,76.258,120
1.1653,1.5984,1.7574,6.4344,90.0000,16.5150,2.0723,35.3500,1.9443,17.2200,13.3480,70.0000,76.5160,120.0000
1.1653,1.6011,1.7568,6.4344,90,16.515,2.0723,35.581,1.9443,17.254,13.348,70,75,119.97
1.1653,1.6013,1.7566,6.4344,90.0000,16.5150,2.0723,35.5810,1.9443,17.2540,13.3480,70.0000,75.0000,119.9000
1.1653,1.6013,1.7566,6.4344,90,16.515,2.0723,35.581,1.9443,17.254,13.348,70,75,119.9
1.1594,1.6014,1.7565,6.4425,89.753,16.51,2.0723,35.657,1.9524,17.213,13.346,70,75,119.99
1.1653,1.6021,1.7553,6.4344,90,16.517,2.0723,35.453,1.9443,17.39,13.348,70,76.288,120
1.1555,1.6045,1.7552,6.4895,89.611,16.511,2.0723,35.802,1.9606,17.206,13.345,70,75.047,120
1.1527,1.6092,1.7533,6.7765,89.622,16.511,2.0723,36.012,1.9594,17.206,13.345,70,75.047,120
1.1527,1.6103,1.7529,6.7765,89.622,16.517,2.0723,36.048,1.9594,17.206,13.345,70,75.047,120
1.1564,1.6155,1.7514,6.7709,89.779,16.51,2.0723,36.165,1.9508,17.203,13.345,70,75.44,120
1.1523,1.6172,1.7509,6.4528,89.459,16.517,2.0723,36.284,1.951,17.203,13.348,70,75,120
1.1603,1.6244,1.7484,6.7404,89.93,16.516,2.0723,36.459,1.9622,17.3,13.346,70,75.013,120
1.1621,1.6276,1.7481,6.5504,89.916,16.517,2.0723,36.533,1.9503,17.202,13.345,70,75.462,120
1.1653,1.6156,1.747,6.4344,90,16.514,2.0723,32.528,1.9443,17.537,13.348,70,104.99,119.86
1.1575,1.6304,1.7469,6.5483,89.7240,16.5170,2.0723,36.6920,1.9502,17.2060,13.3450,70.0000,75.2290,120.0000
1.1599,1.6306,1.7463,6.4884,89.798,16.517,2.0723,36.457,1.9472,17.205,13.345,70,77.431,120
1.1643,1.6354,1.7456,6.5149,89.992,16.517,2.0723,36.752,2.3879,17.201,13.347,70,75.818,120
1.1594,1.6406,1.7439,6.4425,89.753,16.516,2.0723,37.052,1.9523,17.213,13.346,70,75,119.99
1.163,1.6426,1.7432,6.5149,89.94,16.517,2.0723,37.021,2.803,17.201,13.347,70,75.818,120
1.1653,1.6263,1.7431,6.4344,90,16.514,2.0723,32.91,1.9443,17.537,13.348,70,104.99,119.86
1.1653,1.647,1.7423,6.4344,90,16.514,2.0723,37.228,1.9443,17.218,13.348,70,75,120
1.1653,1.6472,1.7420,6.4344,90.0000,16.5150,2.0723,37.2250,1.9443,17.2540,13.3480,70.0000,75.0000,120.0000
1.1636,1.6542,1.7400,6.4425,89.9320,16.5170,2.0723,37.5050,1.9457,17.2010,13.3420,70.0000,75.0000,120.0000
1.1653,1.6573,1.7388,6.4344,90.0000,16.5170,2.0723,37.5600,1.9443,17.2530,13.3480,70.0000,75.2140,120.0000
1.1569,1.6564,1.7388,6.4421,89.65,16.517,2.0723,37.637,1.9457,17.201,13.348,70,75,120
1.1653,1.6606,1.7379,6.4344,90,16.515,2.0723,37.662,1.9443,17.218,13.348,70,75.501,120
1.1653,1.6608,1.7378,6.4344,90.0000,16.5160,2.0723,37.6620,1.9443,17.2180,13.3480,70.0000,75.5560,120.0000
1.1653,1.6643,1.7361,6.4344,90,16.513,2.0723,37.728,1.9443,17.254,13.348,70,76.003,119.91
1.1653,1.6673,1.7357,6.4344,90.0000,16.5150,2.0723,37.8770,1.9443,17.2190,13.3480,70.0000,75.7300,120.0000
1.1599,1.6705,1.7346,6.4885,89.7980,16.5170,2.0723,38.1120,2.6610,17.2020,13.3450,70.0000,75.0470,120.0000
1.1653,1.6692,1.7346,6.4344,90.0000,16.5140,2.0723,37.9720,1.9443,17.3360,13.3480,70.0000,75.1100,120.0000
1.1653,1.6723,1.7330,6.4344,90.0000,16.5140,2.0723,37.9730,1.9443,17.3900,13.3470,70.0000,76.0580,120.0000
1.1561,1.6803,1.7314,6.4432,89.613,16.515,2.0723,38.498,1.9508,17.201,13.345,70,75,120
1.1599,1.6856,1.73,6.4885,89.797,16.517,2.0723,38.65,1.9472,17.205,13.345,70,75.047,120
1.1653,1.6868,1.7291,6.4344,90,16.516,2.0723,38.505,1.9443,17.278,13.347,70,76.21,119.97
1.1569,1.6877,1.7286,6.4925,89.6730,16.5170,2.0723,38.6160,1.9565,17.2130,13.3460,70.0000,76.4090,120.0000
1.164,1.6938,1.7278,6.4384,89.946,16.517,2.0723,38.915,1.9617,17.201,13.339,70,75,120
1.1653,1.6973,1.7254,6.4344,90,16.514,2.0723,38.863,1.9443,17.39,13.348,70,76.058,120
1.1653,1.7034,1.7248,6.4344,90.0000,16.5150,2.0723,39.2220,1.9443,17.2540,13.3480,70.0000,75.0000,120.0000
1.1640,1.7065,1.7241,6.4384,89.9480,16.5170,2.0723,39.3620,1.9617,17.2010,13.3450,70.0000,75.0000,120.0000
1.1634,1.7088,1.7232,6.5539,89.975,16.515,2.0723,39.426,2.2604,17.201,13.348,70,75.297,120
1.1637,1.7135,1.7219,6.5539,89.987,16.517,2.0723,39.619,2.2604,17.201,13.348,70,75,120
1.1618,1.7178,1.7202,6.4528,89.86,16.516,2.0723,39.77,1.9628,17.201,13.345,70,75,119.83
1.1653,1.7227,1.7191,6.4344,90.0000,16.5140,2.0723,39.8780,1.9443,17.2050,13.3480,70.0000,75.4500,119.9500
1.1653,1.7161,1.7191,6.4344,90,16.456,2.0723,39.529,1.9443,17.428,13.348,70,76.048,119.88
1.1653,1.7241,1.7189,6.4344,90.0000,16.5140,2.0723,39.9730,1.9443,17.2140,13.3480,70.0000,75.0000,120.0000
1.1653,1.7246,1.7185,6.4344,90,16.514,2.0723,39.943,1.9443,17.203,13.348,70,75.45,119.94
1.1653,1.7292,1.7162,6.4344,90,16.515,2.0723,40,1.9443,17.334,13.348,70,76.204,119.99
1.1635,1.7292,1.7161,6.4532,89.93,16.517,2.0723,40,1.9551,17.303,13.346,70,76.497,120
1.1653,1.7308,1.7145,6.4344,90.0000,16.5150,2.0723,40.0000,1.9443,17.5210,13.3480,70.0000,76.2040,119.9700
1.1612,1.733,1.7123,6.4384,89.83,16.517,2.0723,39.268,1.9626,17.209,13.345,70,85.256,120
1.1602,1.7339,1.712,6.4432,89.79,16.515,2.0723,39.427,1.9623,17.246,13.348,70,84.007,119.94
1.1653,1.7393,1.7118,6.4344,90,16.516,2.0723,39.976,1.9443,17.33,13.348,70,80.027,120
1.1631,1.7393,1.7104,6.5464,89.956,16.517,2.0723,39.422,1.9628,17.201,13.345,70,85.818,119.99
1.1653,1.7457,1.7092,6.4344,90,16.516,2.0723,40,1.9443,17.329,13.348,70,82.001,120
1.1631,1.7495,1.7078,6.4703,89.9250,16.5150,2.0723,39.9780,1.9624,17.2030,13.3460,70.0000,83.9350,119.9000
1.1586,1.7574,1.7044,6.4426,89.72,16.49,2.0723,40,1.9485,17.206,13.343,70,86.758,120
1.1586,1.7574,1.7044,6.4426,89.72,16.49,2.0723,40,1.9485,17.206,13.343,70,86.758,120
1.1564,1.7614,1.7028,6.4424,89.626,16.515,2.0723,40,1.9485,17.205,13.346,70,88.121,120
1.1617,1.7629,1.7019,6.4725,89.867,16.515,2.0723,39.813,2.0612,17.21,13.345,70,89.755,119.88
1.1653,1.7564,1.7018,6.4344,90,16.517,2.0723,37.632,1.9443,17.253,13.348,70,105,120
1.1646,1.7718,1.6996,6.486,89.995,16.516,2.0723,40,1.9606,17.203,13.345,70,90.754,120
1.1641,1.7714,1.6996,6.5471,90,16.517,2.0723,39.992,1.9606,17.203,13.345,70,90.785,120
1.1652,1.7784,1.6972,6.4404,89.9980,16.5110,2.0723,40.0000,1.9442,17.2050,13.3450,70.0000,92.6920,120.0000
1.1653,1.7752,1.6958,6.4344,90,16.516,2.0723,38.366,1.9443,17.299,13.348,70,104.4,120
1.1645,1.786,1.6943,6.5094,90,16.51,2.0723,40,1.9453,17.218,13.346,70,94.976,120
1.1653,1.7853,1.6928,6.4344,90,16.517,2.0723,38.652,1.9443,17.276,13.348,70,105,120
1.1653,1.7862,1.6927,6.4344,90,16.515,2.0723,38.707,1.9443,17.25,13.348,70,104.9,120
1.1653,1.7862,1.6927,6.4344,90,16.515,2.0723,38.707,1.9443,17.25,13.348,70,104.9,120
1.1653,1.7878,1.6916,6.4344,90,16.515,2.0723,38.836,1.9443,17.274,13.348,70,104.16,119.74
1.1653,1.8011,1.6883,6.4344,90,16.516,2.0723,39.636,1.9443,17.294,13.348,70,101.8,120
1.1648,1.8041,1.6881,6.4478,89.986,16.517,2.0723,40,1.9462,17.201,13.346,70,100.07,119.97
1.1653,1.8064,1.6868,6.4344,90.0000,16.5170,2.0723,39.4590,1.9443,17.2260,13.3480,70.0000,104.7000,120.0000
1.1515,1.8079,1.6856,6.7402,89.555,16.517,2.0723,39.859,1.9448,17.201,13.346,70,103.18,120
1.1531,1.8085,1.6855,6.7402,89.623,16.517,2.0723,39.902,1.9444,17.201,13.345,70,102.92,120
1.1653,1.8097,1.6852,6.4344,90.0000,16.5150,2.0723,40.0000,1.9443,17.2530,13.3470,70.0000,101.2100,119.6000
1.1514,1.8104,1.6849,6.7512,89.5550,16.5170,2.0723,40.0000,1.9447,17.2010,13.3460,70.0000,102.8000,120.0000
1.1518,1.8118,1.6845,6.7402,89.5690,16.5170,2.0723,40.0000,1.9444,17.2010,13.3450,70.0000,103.1500,120.0000
1.1515,1.8118,1.6844,6.7402,89.5550,16.5170,2.0723,40.0000,1.9448,17.2010,13.3450,70.0000,103.1800,120.0000
1.1653,1.8153,1.6834,6.4344,90,16.515,2.0723,39.709,1.9443,17.265,13.347,70,105,119.78
1.1653,1.8215,1.6824,6.4344,90,16.514,2.0723,39.969,1.9443,17.214,13.347,70,104.93,120
1.1653,1.8219,1.6823,6.4344,90.0000,16.5140,2.0723,39.9840,1.9443,17.2140,13.3470,70.0000,104.9300,120.0000
1.1653,1.8230,1.6816,6.4344,90.0000,16.5140,2.0723,40.0000,1.9443,17.2730,13.3480,70.0000,104.9700,119.9800
1.1653,1.8235,1.681,6.4344,90,16.515,2.0723,40,1.9443,17.256,13.348,70,105,119.76
1.1653,1.8237,1.6806,6.4344,90,16.515,2.0723,40,1.9443,17.253,13.347,70,104.98,119.6
1.1653,1.8239,1.6804,6.4344,90,16.514,2.0723,40,1.9443,17.273,13.348,70,104.97,119.59
1.1653,1.8241,1.6802,6.4344,90,16.515,2.0723,40,1.9443,17.256,13.348,70,105,119.47
1.1653,1.8251,1.6796,6.4344,90.0000,16.5140,2.0723,40.0000,1.9443,17.5100,13.3470,70.0000,105.0000,120.0000
1.1653,1.8256,1.6783,6.4344,90.0000,16.5140,2.0723,40.0000,1.9443,17.5800,13.3260,70.0000,104.9300,119.7300
1.1653,1.8272,1.6767,6.4344,90,16.514,2.0723,40,1.9443,17.467,13.348,70,104.99,118.85
1.1653,1.8286,1.6758,6.4344,90.0000,16.5150,2.0723,40.0000,1.9443,17.9400,13.3480,70.0000,105.0000,120.0000
1.1653,1.8292,1.6752,6.4344,90,16.516,2.0723,40,1.9443,18.01,13.348,70,105,119.99
1.1653,1.8305,1.6737,6.4344,90.0000,16.5150,2.0723,40.0000,1.9443,18.1900,13.3470,70.0000,104.9600,120.0000
1.1639,1.8309,1.673,6.4409,89.945,16.511,2.0723,40,1.9605,18.265,13.348,70,105,120
1.1653,1.8314,1.6729,6.4344,90.0000,16.5140,2.0723,40.0000,1.9443,18.2730,13.3480,70.0000,105.0000,120.0000
1.1653,1.8317,1.6725,6.4344,90,16.514,2.0723,40,1.9443,18.317,13.348,70,105,120
1.1623,1.8328,1.6700,6.4948,89.9010,16.5170,2.0723,40.0000,1.9523,18.6030,13.3460,70.0000,104.8800,120.0000
1.1653,1.8351,1.6687,6.4344,90,16.515,2.0723,40,1.9443,18.739,13.348,70,104.97,120
1.1646,1.8389,1.6642,6.5007,90,16.517,2.0723,40,1.9527,19.222,13.347,70,105,120
1.1633,1.8415,1.661,6.4475,89.919,16.516,2.0723,40,1.9446,19.559,13.346,70,105,120
1.1616,1.8428,1.6588,6.4365,89.8450,16.5170,2.0723,40.0000,1.9523,19.5800,13.3450,70.0000,105.0000,119.3100
1.1653,1.8426,1.6562,6.4344,90,16.516,2.0723,39.911,1.9443,18.44,13.348,70,104.91,114.32
1.1652,1.8462,1.6559,6.4399,89.997,16.517,2.0723,40,1.9687,20.079,13.345,70,105,120
1.1653,1.8481,1.6505,6.4344,90,16.515,2.0723,39.875,1.9443,20.722,13.348,70,105,120
1.1653,1.8512,1.6490,6.4344,90.0000,16.5170,2.0723,40.0000,1.9443,19.2700,13.3480,70.0000,104.9700,114.7700
1.164,1.8534,1.6454,6.5541,90,16.517,2.0723,40,1.9585,21.167,13.347,70,104.62,120
1.1555,1.8537,1.6431,6.4394,89.5890,16.5170,2.0723,40.0000,1.9649,21.3590,13.3300,70.0000,104.8800,120.0000
1.1570,1.8553,1.6424,6.4517,89.6590,16.5160,2.0723,40.0000,1.9671,21.4080,13.3470,70.0000,105.0000,120.0000
1.1637,1.8573,1.6411,6.4517,89.938,16.516,2.0723,40,1.965,21.555,13.347,70,104.8,120
1.1617,1.8608,1.6355,6.7726,90,16.512,2.0723,39.981,1.9592,22.058,13.348,70,105,119.96
1.1575,1.8674,1.6291,6.5114,89.7060,16.5160,2.0723,40.0000,2.3174,18.4120,13.3450,70.0000,104.9700,104.1900
1.1653,1.8587,1.6263,6.4344,90.0000,16.4540,2.0723,39.5290,1.9443,23.0790,13.3480,70.0000,105.0000,119.3900
1.1653,1.8692,1.6262,6.4344,90,16.514,2.0723,40,1.9443,22.834,13.326,70,104.99,119.73
1.1653,1.8702,1.6256,6.4344,90,16.513,2.0723,40,1.9443,22.501,13.348,70,105,118.22
1.1639,1.8743,1.6248,6.4461,89.946,16.517,2.0723,40,1.9489,17.201,13.344,70,104.68,97.882
1.1653,1.8711,1.6241,6.4344,90,16.515,2.0723,40,1.9443,23.089,13.348,70,104.97,120
1.1639,1.8766,1.6234,6.4468,89.946,16.517,2.0723,40,1.9604,17.201,13.345,70,105,97.469
1.1653,1.8759,1.6175,6.4344,90,16.511,2.0723,40,1.9443,23.664,13.348,70,105,120
1.1653,1.8763,1.6170,6.4344,90.0000,16.5140,2.0723,40.0000,1.9443,23.6700,13.3480,70.0000,105.0000,119.8400
1.1652,1.8868,1.6144,6.4464,90,16.516,2.0723,40,1.9624,17.596,13.345,70,105,95.027
1.1653,1.8814,1.6124,6.4344,90,16.516,2.0723,39.995,1.9443,21.991,13.348,70,105,111.4
1.1653,1.8816,1.6123,6.4344,90,16.516,2.0723,40,1.9443,21.991,13.348,70,105,111.4
1.1653,1.8835,1.6122,6.4344,90.0000,16.5160,2.0723,39.7500,1.9443,17.5290,13.3460,70.0000,104.1900,92.4190
1.1629,1.893,1.609,6.4367,89.9,16.517,2.0723,40,1.9626,17.595,13.345,70,105,92.63
1.1556,1.8938,1.6075,6.5121,89.6250,16.5110,2.0723,40.0000,2.0265,17.2030,13.3300,70.0000,104.9800,90.4100
1.1653,1.8966,1.6069,6.4344,90.0000,16.5150,2.0723,40.0000,1.9443,17.5150,13.3480,70.0000,105.0000,91.3600
1.1653,1.8985,1.6060,6.4344,90.0000,16.5150,2.0723,40.0000,1.9443,17.2780,13.3480,70.0000,105.0000,90.0070
1.1517,1.9001,1.6025,6.5119,89.459,16.51,2.0723,40,1.9498,17.203,13.348,70,105,88.099
1.1517,1.8998,1.6025,6.5117,89.459,16.51,2.0723,40,1.9498,17.203,13.33,70,105,88.099
1.1653,1.9029,1.6012,6.4344,90.0000,16.5160,2.0723,40.0000,1.9443,17.8810,13.3460,70.0000,105.0000,90.2180
1.1605,1.9049,1.6006,6.4874,89.8230,16.5150,2.0723,40.0000,1.9500,17.2170,13.3480,70.0000,104.9900,87.2540
1.1622,1.9057,1.6002,6.4874,89.891,16.515,2.0723,40,1.95,17.274,13.348,70,104.99,87.254
1.1643,1.9102,1.5955,6.5213,89.997,16.517,2.0723,40,2.271,17.217,13.345,70,103.38,83.805
1.1652,1.9157,1.5937,6.4456,90,16.517,2.0723,40,1.9605,17.282,13.346,70,104.8,84.035
1.1653,1.9171,1.5928,6.4344,90.0000,16.5140,2.0723,40.0000,1.9443,17.3600,13.3480,70.0000,105.0000,84.0620
1.1653,1.9185,1.592,6.4344,90,16.516,2.0723,39.995,1.9443,17.329,13.348,70,104.99,83.481
1.1652,1.92,1.5908,6.4464,90,16.517,2.0723,40,1.9571,17.411,13.346,70,105,83.235
1.1653,1.9193,1.5879,6.4344,90,16.514,2.0723,39.634,1.9443,17.39,13.348,70,104.8,80
1.1652,1.9265,1.5871,6.4422,90.0000,16.5100,2.0723,40.0000,1.9498,17.2030,13.3480,70.0000,104.6600,80.2810
1.1653,1.9278,1.5867,6.4344,90.0000,16.5160,2.0723,40.0000,1.9443,17.2140,13.3430,70.0000,105.0000,80.3020
1.1651,1.9278,1.5867,6.4422,89.993,16.51,2.0723,40,1.9497,17.203,13.348,70,105,80.281
1.1653,1.9287,1.5862,6.4344,90.0000,16.5140,2.0723,40.0000,1.9443,17.2090,13.3480,70.0000,104.9600,80.0000
1.1653,1.9294,1.5856,6.4344,90,16.515,2.0723,40,1.9443,17.275,13.348,70,105,80
1.1653,1.9292,1.5856,6.4344,90.0000,16.5140,2.0723,40.0000,1.9443,17.2890,13.3480,70.0000,105.0000,80.0980
1.1653,1.9296,1.5853,6.4344,90,16.516,2.0723,39.995,1.9443,17.316,13.348,70,105,80
1.1653,1.9298,1.5851,6.4344,90,16.516,2.0723,40,1.9443,17.329,13.348,70,105,80
1.1653,1.9309,1.584,6.4344,90,16.514,2.0723,40,1.9443,17.464,13.348,70,105,80.003
1.1653,1.931,1.5839,6.4344,90,16.517,2.0723,40,1.9443,17.469,13.348,70,104.99,80
1.1653,1.9312,1.5836,6.4344,90,16.516,2.0723,40,1.9443,17.502,13.344,70,105,80
1.1651,1.9321,1.5826,6.4375,89.9930,16.5170,2.0723,40.0000,1.9480,17.6300,13.3460,70.0000,104.9600,80.0000
1.1607,1.9345,1.5767,6.4752,89.825,16.516,2.0723,39.904,1.9554,18.395,13.346,70,105,80.056
1.1628,1.9379,1.5758,6.4740,89.9110,16.5170,2.0723,40.0000,2.2628,18.3920,13.3480,70.0000,105.0000,80.0000
1.161,1.9387,1.5714,6.5772,89.882,16.517,2.0723,39.884,1.9544,18.985,13.341,70,104.96,80
1.1624,1.9395,1.5711,6.4412,89.882,16.517,2.0723,39.879,1.9544,19.021,13.345,70,104.96,80
1.1653,1.9449,1.5687,6.4344,90,16.515,2.0723,40,1.9443,19.161,13.347,70,105,80
1.1643,1.9467,1.5663,6.5271,90.0000,16.5160,2.0723,40.0000,2.6558,19.4160,13.3480,70.0000,105.0000,80.0000
1.1612,1.9484,1.5622,6.4922,89.851,16.516,2.0723,39.997,1.976,19.967,13.346,70,104.92,80.531
1.1649,1.9528,1.5594,6.4772,90.0000,16.5100,2.0723,40.0000,1.9503,20.1330,13.3480,70.0000,105.0000,80.0000
1.1653,1.9554,1.5564,6.4344,90.0000,16.5140,2.0723,40.0000,1.9443,20.4380,13.3470,70.0000,104.9900,80.0000
1.1586,1.9561,1.5536,6.4661,89.733,16.517,2.0723,40,1.9495,20.716,13.346,70,105,80.011
1.1636,1.9593,1.5507,6.5747,89.9930,16.5160,2.0723,40.0000,1.9811,21.0010,13.3410,70.0000,104.9600,80.0000
1.1651,1.9614,1.5480,6.4392,89.9910,16.5170,2.0723,40.0000,1.9483,21.3390,13.3480,70.0000,104.9900,80.4460
1.1649,1.9670,1.5417,6.4754,90.0000,16.5170,2.0723,40.0000,1.9848,21.8520,13.3460,70.0000,105.0000,80.0000
1.1653,1.9658,1.5411,6.4344,90.0000,16.5140,2.0723,40.0000,1.9443,22.1040,13.3480,70.0000,105.0000,81.0760
1.1653,1.9676,1.5408,6.4344,90,16.514,2.0723,39.987,1.9443,21.95,13.348,70,105,80
1.161,1.9677,1.5395,6.4409,89.822,16.511,2.0723,40,1.9605,22.054,13.348,70,105,80.013
1.1607,1.9705,1.5357,6.4754,89.8260,16.5170,2.0723,40.0000,1.9848,22.4150,13.3460,70.0000,105.0000,80.0540
1.1653,1.9705,1.5355,6.4344,90,16.516,2.0723,40,1.9443,22.514,13.343,70,104.78,80.381
1.1653,1.9731,1.5322,6.4344,90,16.514,2.0723,39.975,1.9443,22.802,13.348,70,105,80.38
1.1653,1.9740,1.5318,6.4366,90.0000,16.5170,2.0723,40.0000,1.9478,22.7780,13.3450,70.0000,104.8000,80.0000
1.1653,1.9751,1.5312,6.4344,90,16.514,2.0723,40,1.9443,22.817,13.348,70,105,80.015
1.1653,1.9771,1.5283,6.4344,90,16.514,2.0723,40,1.9443,23.081,13.347,70,105,80.06
1.1653,1.9778,1.5273,6.4344,90,16.514,2.0723,40,1.9443,23.17,13.347,70,105,80.06
1.1649,1.978,1.527,6.4606,89.993,16.515,2.0723,40,2.0636,23.183,13.346,70,105,80
1.1653,1.9790,1.5258,6.4344,90.0000,16.5140,2.0723,40.0000,1.9443,23.2880,13.3480,70.0000,104.9900,80.0000
1.1653,1.9794,1.5252,6.4344,90.0000,16.5140,2.0723,40.0000,1.9443,23.3430,13.3480,70.0000,104.9900,80.0000
1.1653,1.9799,1.5246,6.4344,90,16.517,2.0723,40,1.9443,23.392,13.348,70,105,80
1.1653,1.98,1.5245,6.4344,90,16.515,2.0723,40,1.9443,23.407,13.347,70,104.99,80
1.1653,1.9814,1.5223,6.4344,90,16.513,2.0723,40,1.9443,23.594,13.348,70,104.96,80
1.1653,1.9822,1.5214,6.4344,90,16.516,2.0723,40,1.9443,23.67,13.348,70,105,80
