C,Si,Mn,P,S,Mo,Ni,Al,N,Nb,V,B,Ti,Cr,Ce,Cu,Ca,Zr,O,Temperature,Energy
0.06,0.4,1.5,0.015,0.005,0.02,0.07,0.025,0.007,0,0.1,0.0003,0,0.08,0,0.07,0,0,0,-100,13
0.06,0.4,1.5,0.015,0.005,0.02,0.07,0.025,0.007,0,0.1,0.0003,0,0.08,0,0.07,0,0,0,-45,13
0.06,0.4,1.5,0.015,0.005,0.02,0.07,0.025,0.02,0,0.1,0.0003,0,0.08,0,0.07,0,0,0,-85,13
0.06,0.4,1.5,0.015,0.005,0.02,0.07,0.025,0.02,0,0.1,0.0003,0,0.08,0,0.07,0,0,0,-80,13
0.06,0.4,1.5,0.015,0.005,0.02,0.07,0.025,0.02,0,0.1,0.0003,0,0.08,0,0.07,0,0,0,-75,13
0.06,0.4,1.5,0.015,0.005,0.02,0.07,0.025,0.02,0,0.1,0.0003,0,0.08,0,0.07,0,0,0,-45,13
0.06,0.4,1.5,0.015,0.005,0.02,0.07,0.025,0.02,0,0.1,0.0003,0,0.08,0,0.07,0,0,0,-45,13
0.06,0.4,1.5,0.015,0.005,0.02,0.07,0.025,0.02,0,0.1,0.0003,0,0.08,0,0.07,0,0,0,-50,13
0.06,0.4,1.5,0.015,0.005,0.02,0.07,0.025,0.02,0,0.1,0.0003,0,0.08,0,0.07,0,0,0,-60,13
0.06,0.4,1.5,0.015,0.005,0.02,0.07,0.025,0.017,0,0.1,0.0003,0.01,0.08,0,0.07,0,0,0,-120,13
0.06,0.4,1.5,0.015,0.005,0.02,0.07,0.025,0.017,0,0.1,0.0003,0.01,0.08,0,0.07,0,0,0,-120,13
0.06,0.4,1.5,0.015,0.005,0.02,0.07,0.025,0.017,0,0.1,0.0003,0.01,0.08,0,0.07,0,0,0,-90,13
0.06,0.4,1.5,0.015,0.005,0.02,0.07,0.025,0.017,0,0.1,0.0003,0.01,0.08,0,0.07,0,0,0,-100,13
0.06,0.4,1.5,0.015,0.005,0.02,0.07,0.025,0.01,0,0.1,0.0003,0,0.08,0,0.07,0,0.008,0,-80,13
0.06,0.4,1.5,0.015,0.005,0.02,0.07,0.025,0.01,0,0.1,0.0003,0,0.08,0,0.07,0,0.008,0,-80,13
0.06,0.4,1.5,0.015,0.005,0.02,0.07,0.025,0.01,0,0.1,0.0003,0,0.08,0,0.07,0,0.008,0,-62,13
0.06,0.4,1.5,0.015,0.005,0.02,0.07,0.025,0.01,0,0.1,0.0003,0,0.08,0,0.07,0,0.008,0,-70,13
0.06,0.4,1.5,0.015,0.005,0.02,0.07,0.025,0.01,0,0.1,0.0003,0,0.08,0,0.07,0,0.008,0,-80,13
0.068,0.37,1.4,0.014,0.005,0.02,0.07,0.025,0.02,0.003,0.1,0.0003,0.002,0.09,0,0.07,0,0,0.0096,-60,13
0.068,0.37,1.4,0.014,0.005,0.02,0.07,0.025,0.02,0.003,0.1,0.0003,0.002,0.09,0,0.07,0,0,0.0096,-45,13
0.068,0.37,1.4,0.014,0.005,0.02,0.07,0.025,0.02,0.003,0.1,0.0003,0.002,0.09,0,0.07,0,0,0.0096,-85,13
0.065,0.47,1.44,0.015,0.006,0.02,0.07,0.026,0.017,0.003,0.1,0.0003,0.009,0.09,0,0.07,0,0,0.0058,-100,13
0.065,0.47,1.44,0.015,0.006,0.02,0.07,0.026,0.017,0.003,0.1,0.0003,0.009,0.09,0,0.07,0,0,0.0058,-90,13
0.065,0.47,1.44,0.015,0.006,0.02,0.07,0.026,0.017,0.003,0.1,0.0003,0.009,0.09,0,0.07,0,0,0.0058,-120,13
0.06,0.4,1.5,0.015,0.005,0.02,0.07,0.025,0.01,0.03,0.1,0.0003,0,0.08,0,0.07,0,0,0,-105,13
0.06,0.4,1.5,0.015,0.005,0.02,0.07,0.025,0.01,0.03,0.1,0.0003,0,0.08,0,0.07,0,0,0,-100,13
0.06,0.4,1.5,0.015,0.005,0.02,0.07,0.025,0.01,0.03,0.1,0.0003,0,0.08,0,0.07,0,0,0,-95,13
0.06,0.4,1.5,0.015,0.005,0.02,0.07,0.025,0.01,0.03,0.1,0.0003,0.007,0.08,0,0.07,0,0,0,-75,13
0.06,0.4,1.5,0.015,0.005,0.02,0.07,0.025,0.01,0.03,0.1,0.0003,0.007,0.08,0,0.07,0,0,0,-100,13
0.06,0.4,1.5,0.015,0.005,0.02,0.07,0.025,0.01,0.03,0.1,0.0003,0.007,0.08,0,0.07,0,0,0,-90,13
0.061,0.48,1.48,0.015,0.005,0.02,0.09,0.035,0.011,0.03,0.11,0.0003,0.003,0.08,0,0.08,0,0,0.007,-95,13
0.061,0.48,1.48,0.015,0.005,0.02,0.09,0.035,0.011,0.03,0.11,0.0003,0.003,0.08,0,0.08,0,0,0.007,-100,13
0.061,0.48,1.48,0.015,0.005,0.02,0.09,0.035,0.011,0.03,0.11,0.0003,0.003,0.08,0,0.08,0,0,0.007,-105,13
0.056,0.51,1.45,0.016,0.005,0.02,0.09,0.022,0.011,0.031,0.11,0.0003,0.008,0.08,0,0.07,0,0,0,-90,13
0.056,0.51,1.45,0.016,0.005,0.02,0.09,0.022,0.011,0.031,0.11,0.0003,0.008,0.08,0,0.07,0,0,0,-100,13
0.056,0.51,1.45,0.016,0.005,0.02,0.09,0.022,0.011,0.031,0.11,0.0003,0.008,0.08,0,0.07,0,0,0,-75,13
0.085,0.33,1.38,0.012,0.008,0,0,0.03,0.007,0,0,0,0,0,0.02,0,0,0,0,3,18
0.085,0.33,1.38,0.012,0.008,0,0,0.03,0.007,0,0,0,0,0,0.02,0,0,0,0,-95,18
0.085,0.33,1.38,0.012,0.008,0,0,0.03,0.007,0,0,0,0,0,0.02,0,0,0,0,-40,18
0.085,0.33,1.38,0.012,0.008,0,0,0.03,0.007,0,0,0,0,0,0.02,0,0,0,0,-97,18
0.1,0.35,1.34,0.007,0.012,0,0,0.04,0.004,0,0,0,0,0,0.02,0,0,0,0,-25,18
0.1,0.35,1.34,0.007,0.012,0,0,0.04,0.004,0,0,0,0,0,0.02,0,0,0,0,-98,18
0.098,0.25,1.3,0.001,0.0016,0,0,0.043,0.006,0,0,0,0,0,0.015,0,0,0,0,-68,18
0.098,0.25,1.3,0.001,0.0016,0,0,0.043,0.006,0,0,0,0,0,0.015,0,0,0,0,8,18
0.054,0.03,0.54,0,0,0,0,0,0.005,0,0,0,0.075,0,0,0,0,0,0,-67,19
0.061,0.03,0.56,0,0,0,0,0,0.005,0,0,0,0.092,0,0,0,0,0,0,-55,19
0.055,0.03,0.55,0,0,0,0,0,0.005,0,0,0,0.092,0,0,0,0,0,0,-45,19
0.054,0.03,0.54,0,0,0,0,0,0.005,0,0,0,0.092,0,0,0,0,0,0,-33,19
0.048,0.03,0.53,0,0,0,0,0,0.004,0,0,0,0.11,0,0,0,0,0,0,-33,19
0.052,0.03,0.55,0,0,0,0,0,0.004,0,0,0,0.033,0,0,0,0,0,0,-52,19
0.052,0.03,0.53,0,0,0,0,0,0.005,0,0,0,0.065,0,0,0,0,0,0,-45,19
0.054,0.03,0.55,0,0,0,0,0,0.004,0,0,0,0.06,0,0,0,0,0,0,-46,19
0.052,0.03,0.55,0,0,0,0,0,0.005,0,0,0,0.052,0,0,0,0,0,0,-35,19
0.051,0.03,0.52,0,0,0,0,0,0.004,0,0,0,0.042,0,0,0,0,0,0,-40,19
0.045,0.03,0.49,0,0,0,0,0,0.004,0,0,0,0.092,0,0,0,0,0,0,-38,19
0.069,0.03,0.55,0,0,0,0,0,0.004,0,0,0,0.08,0,0,0,0,0,0,-35,19
0.075,0.03,0.5,0,0,0,0,0,0.006,0,0,0,0.1,0,0,0,0,0,0,-33,19
0.065,0.03,0.49,0,0,0,0,0,0.006,0,0,0,0.082,0,0,0,0,0,0,-71,19
0.065,0.03,0.47,0,0,0,0,0,0.006,0,0,0,0.09,0,0,0,0,0,0,-95,19
0.06,0.03,0.45,0,0,0,0,0,0.007,0,0,0,0.18,0,0,0,0,0,0,-57,19
0.009,0.03,0.96,0,0,0,0,0,0.005,0,0,0,0,0,0,0,0,0,0,-41,27
0.03,0.17,0.55,0,0,0,0,0,0.005,0,0,0,0,0,0,0,0,0,0,-1,27
0.03,0.17,0.55,0,0,0,0,0,0.005,0,0,0,0,0,0,0,0,0,0,-23,27
0.03,0.17,0.55,0,0,0,0,0,0.005,0,0,0,0,0,0,0,0,0,0,-42,27
0.031,0.05,0.41,0,0,0,0,0,0.005,0,0,0,0,0,0,0,0,0,0,7,27
0.031,0.05,0.41,0,0,0,0,0,0.005,0,0,0,0,0,0,0,0,0,0,-20,27
0.031,0.05,0.41,0,0,0,0,0,0.005,0,0,0,0,0,0,0,0,0,0,-40,27
0.031,0.03,0.59,0,0,0,0,0,0.004,0,0,0,0,0,0,0,0,0,0,-33,27
0.02,0.09,0.42,0,0,0,0,0,0.006,0,0,0,0,0,0,0,0,0,0,-13,27
0.02,0.09,0.42,0,0,0,0,0,0.006,0,0,0,0,0,0,0,0,0,0,-4,27
0.02,0.09,0.42,0,0,0,0,0,0.006,0,0,0,0,0,0,0,0,0,0,4,27
0.02,0.03,0.35,0,0,0,0,0,0.006,0,0,0,0,0,0,0,0,0,0,-3,27
0.02,0.03,0.35,0,0,0,0,0,0.006,0,0,0,0,0,0,0,0,0,0,10,27
0.02,0.03,0.35,0,0,0,0,0,0.006,0,0,0,0,0,0,0,0,0,0,20,27
0.02,0.01,1.08,0,0,0,0,0,0.0124,0,0,0,0,0,0,0,0,0,0,-15,27
0.02,0.01,1.08,0,0,0,0,0,0.0124,0,0,0,0,0,0,0,0,0,0,2,27
0.02,0.01,1.08,0,0,0,0,0,0.0124,0,0,0,0,0,0,0,0,0,0,18,27
0.02,0.02,0.81,0,0,0,0,0,0.0055,0,0,0,0,0,0,0,0,0,0,-12,27
0.02,0.02,0.81,0,0,0,0,0,0.0055,0,0,0,0,0,0,0,0,0,0,0,27
0.02,0.02,0.81,0,0,0,0,0,0.0055,0,0,0,0,0,0,0,0,0,0,6,27
0.02,0.07,0.5,0,0,0,0,0,0.007,0,0,0,0,0,0,0,0,0,0,-8,27
0.02,0.07,0.5,0,0,0,0,0,0.007,0,0,0,0,0,0,0,0,0,0,8,27
0.02,0.07,0.5,0,0,0,0,0,0.007,0,0,0,0,0,0,0,0,0,0,12,27
0.02,0.01,0.31,0,0,0,0,0,0.0075,0,0,0,0,0,0,0,0,0,0,0,27
0.02,0.01,0.31,0,0,0,0,0,0.0075,0,0,0,0,0,0,0,0,0,0,-2,27
0.02,0.01,0.31,0,0,0,0,0,0.0075,0,0,0,0,0,0,0,0,0,0,2,27
0.19,0.29,0.63,0.015,0.028,0,0,0.004,0.0061,0,0,0,0,0,0,0,0,0,0,-25,27
0.17,0.27,0.69,0.015,0.027,0,0,0.13,0.006,0,0,0,0,0,0,0,0,0,0,-46,27
0.2,0.03,0.68,0.019,0.022,0,0,0.008,0.005,0,0,0,0,0,0,0,0,0,0,-14,27
0.2,0.04,0.61,0.012,0.027,0,0,0.126,0.0045,0,0,0,0,0,0,0,0,0,0,-31,27
0.1,0.35,1.34,0.007,0.012,0,0,0.04,0.004,0,0,0,0,0,0.02,0,0,0,0,-90,27
0.1,0.35,1.34,0.007,0.012,0,0,0.04,0.004,0,0,0,0,0,0.02,0,0,0,0,-90,27
0.1,0.35,1.34,0.007,0.012,0,0,0.04,0.004,0,0,0,0,0,0.02,0,0,0,0,-20,27
0.09,0.16,0.92,0.018,0.01,0,0,0.026,0.007,0,0.008,0,0.001,0,0,0,0,0,0,-60,27
0.09,0.16,0.92,0.018,0.01,0,0,0.026,0.007,0,0.008,0,0.001,0,0,0,0,0,0,-79,27
0.09,0.16,0.92,0.018,0.01,0,0,0.026,0.007,0,0.008,0,0.001,0,0,0,0,0,0,-105,27
0.09,0.16,0.92,0.018,0.01,0,0,0.026,0.007,0,0.008,0,0.001,0,0,0,0,0,0,-76,27
0.09,0.16,0.92,0.018,0.01,0,0,0.026,0.007,0,0.008,0,0.001,0,0,0,0,0,0,-76,27
0.09,0.16,0.92,0.018,0.01,0,0,0.026,0.007,0,0.008,0,0.001,0,0,0,0,0,0,-83,27
0.09,0.16,0.92,0.018,0.01,0,0,0.026,0.007,0,0.008,0,0.001,0,0,0,0,0,0,-49,27
0.09,0.16,0.92,0.018,0.01,0,0,0.026,0.007,0,0.008,0,0.001,0,0,0,0,0,0,-91,27
0.069,0.11,1.45,0.009,0.003,0,0.5,0.007,0.0058,0,0,0.0024,0.011,0,0,0,0,0,0,-100.3195787,27
0.08,0.11,1.44,0.01,0.004,0,0.51,0.006,0.0085,0,0,0.0025,0.012,0,0,0,0,0,0,-110.6135363,27
0.062,0.1,1.46,0.01,0.004,0,0.51,0,0.006,0,0,0.0025,0.01,0,0,0,0,0,0,-76.15315971,27
0.15,0.3,1.38,0.011,0.007,0,0,0.038,0.0051,0,0.05,0,0,0,0,0.25,0,0,0,-80.65410677,27
0.15,0.31,1.38,0.009,0.009,0,0,0.037,0.0053,0,0.05,0,0,0,0,0.02,0,0,0,-72.14190356,27
0.15,0.3,1.38,0.01,0.006,0,0,0.039,0.0045,0,0.06,0,0,0,0,0.02,0,0,0,-84.07487675,27
0.15,0.31,1.4,0.01,0.007,0,0,0.036,0.0054,0,0.06,0,0,0,0,0.02,0,0,0,-67.55272796,27
0.16,0.31,1.38,0.011,0.007,0,0,0.038,0.0056,0,0.05,0,0,0,0,0.02,0,0,0,-65.47537069,27
0.16,0.31,1.37,0.009,0.009,0,0,0.038,0.0049,0,0.05,0,0,0,0,0.02,0,0,0,-68.89275241,27
0.066,0.33,1.46,0.013,0.003,0.2,0,0.043,0.004,0,0.05,0,0,0,0,0,0,0,0,-70.70457062,27
0.062,0.3,1.45,0.013,0.004,0.2,0,0.039,0.0038,0,0,0,0,0.2,0,0,0,0,0,-68.50716585,27
0.068,0.1,1.43,0.009,0.002,0,0.5,0.005,0.0079,0,0,0.0023,0.1,0,0,0,0,0,0,-86.34046734,27
0.071,0.1,1.45,0.005,0.003,0,0.5,0,0.0046,0,0,0.0022,0.01,0,0,0,0,0,0,-102.3292767,27
0.063,0.1,1.43,0.007,0.003,0,0.51,0,0.0058,0,0,0.0025,0.01,0,0,0,0,0,0,-105.4466865,27
0.068,0.1,1.45,0.008,0.004,0,0.51,0,0.0047,0,0,0.0022,0.01,0,0,0,0,0,0,-89.68718594,27
0.071,0.1,1.45,0.007,0.004,0,0.51,0.006,0.0065,0,0,0.0022,0.01,0,0,0,0,0,0,-102.1698884,27
0.097,0.29,1.45,0.014,0.004,0,0.31,0.029,0.007,0,0.1,0,0.0005,0,0,0,0,0,0,-84.65256209,27
0.1,0.29,1.43,0.016,0.002,0,0.31,0.03,0.007,0,0.1,0,0.012,0,0,0,0,0,0,-78.42752391,27
0.087,0.3,1.45,0.013,0.003,0,0.89,0.028,0.007,0,0.08,0,0.001,0,0,0.3,0,0,0,-78.42752391,27
0.27,0.25,0.53,0.013,0.005,0.33,4.05,0.07,0.004,0,0,0,0,1.24,0,0,0,0,0,-100,27
0.27,0.25,0.53,0.013,0.005,0.33,4.05,0.07,0.004,0,0,0,0,1.24,0,0,0,0,0,-80,27
0.34,0.27,0.54,0.014,0.005,0.3,4.03,0.07,0.004,0,0,0,0,1.24,0,0,0,0,0,-70,27
0.34,0.27,0.54,0.014,0.005,0.3,4.03,0.07,0.004,0,0,0,0,1.24,0,0,0,0,0,-50,27
0.09,0.17,0.93,0.01,0.01,0,0.02,0.028,0.004,0.0007,0,0,0,0.03,0,0.02,0,0,0,-23,27
0.22,0.35,1.13,0.013,0.011,0.002,0.025,0.043,0.005,0.001,0.002,0.0001,0.002,0.028,0,0.039,0,0,0,-78.06321719,27
0.15,0.26,1.08,0.008,0.008,0.001,0.018,0.039,0.006,0.001,0.003,0.0001,0.001,0.017,0,0.009,0,0,0,-95.06822752,27
0.17,0.29,0.82,0.015,0.014,0.003,0.021,0.003,0.003,0.001,0.002,0.0001,0,0.025,0,0.015,0,0,0,-57.24102724,27
0.18,0.38,1.18,0.015,0.011,0.002,0.02,0.003,0.004,0.001,0.003,0.0001,0.001,0.023,0,0.011,0,0,0,-37.35173271,27
0.15,0.21,0.86,0.013,0.015,0.002,0.021,0.002,0.004,0.001,0.003,0.0001,0.001,0.019,0,0.023,0,0,0,-68.52650905,27
0.15,0.27,0.81,0.014,0.014,0.002,0.021,0.002,0.006,0.001,0.002,0.0001,0.001,0.016,0,0.013,0,0,0,-56.12295585,27
0.17,0.36,1.16,0.019,0.008,0.004,0.022,0.002,0.003,0.001,0.002,0.0002,0.001,0.039,0,0.026,0,0,0,-51.19652839,27
0.14,0.22,0.82,0.014,0.017,0.002,0.021,0.002,0.004,0.001,0.002,0.0001,0.001,0.022,0,0.02,0,0,0,-41.23112456,27
0.13,0.22,0.83,0.024,0.011,0.002,0.019,0.001,0.004,0.001,0.002,0.0001,0.001,0.024,0,0.011,0,0,0,-50.07840769,27
0.13,0.22,0.81,0.016,0.018,0.004,0.019,0.004,0.003,0.001,0.002,0.0001,0.001,0.038,0,0.015,0,0,0,-49.71245495,27
0.14,0.22,1.03,0.008,0.015,0.003,0.022,0.032,0.004,0.001,0.002,0.0001,0.001,0.023,0,0.012,0,0,0,-42.40007258,27
0.16,0.2,1.06,0.013,0.012,0,0,0.04,0.004,0.001,0.009,0,0.001,0,0,0,0,0,0,-57,27
0.16,0.2,1.06,0.013,0.012,0,0,0.04,0.004,0.001,0.009,0,0.001,0,0,0,0,0,0,-59,27
0.16,0.2,1.06,0.013,0.012,0,0,0.04,0.004,0.001,0.009,0,0.001,0,0,0,0,0,0,-100,27
0.16,0.2,1.06,0.013,0.012,0,0,0.04,0.004,0.001,0.009,0,0.001,0,0,0,0,0,0,-82,27
0.16,0.2,1.06,0.013,0.012,0,0,0.04,0.004,0.001,0.009,0,0.001,0,0,0,0,0,0,-72,27
0.16,0.2,1.06,0.013,0.012,0,0,0.04,0.004,0.001,0.009,0,0.001,0,0,0,0,0,0,-85,27
0.16,0.2,1.06,0.013,0.012,0,0,0.04,0.004,0.001,0.009,0,0.001,0,0,0,0,0,0,-61,27
0.16,0.2,1.06,0.013,0.012,0,0,0.04,0.004,0.001,0.009,0,0.001,0,0,0,0,0,0,-87,27
0.1,0.17,0.91,0.01,0.013,0,0.02,0.03,0.007,0.001,0,0,0,0.01,0,0.01,0,0,0,-35,27
0.07,0.07,0.41,0.014,0.01,0,0,0.056,0.005,0.0025,0.018,0,0.001,0,0,0,0,0,0,-16,27
0.07,0.07,0.41,0.014,0.01,0,0,0.056,0.005,0.0025,0.018,0,0.001,0,0,0,0,0,0,-20,27
0.07,0.07,0.41,0.014,0.01,0,0,0.056,0.005,0.0025,0.018,0,0.001,0,0,0,0,0,0,-52,27
0.07,0.07,0.41,0.014,0.01,0,0,0.056,0.005,0.0025,0.018,0,0.001,0,0,0,0,0,0,-33,27
0.07,0.07,0.41,0.014,0.01,0,0,0.056,0.005,0.0025,0.018,0,0.001,0,0,0,0,0,0,-38,27
0.07,0.07,0.41,0.014,0.01,0,0,0.056,0.005,0.0025,0.018,0,0.001,0,0,0,0,0,0,-62,27
0.07,0.07,0.41,0.014,0.01,0,0,0.056,0.005,0.0025,0.018,0,0.001,0,0,0,0,0,0,-13,27
0.07,0.07,0.41,0.014,0.01,0,0,0.056,0.005,0.0025,0.018,0,0.001,0,0,0,0,0,0,-30,27
0.092,0.2,1.41,0.005,0.004,0,0,0.039,0.0067,0.003,0.003,0.0003,0,0,0,0,0,0,0,-75,27
0.084,0.21,1.42,0.005,0.002,0,0,0.031,0.0047,0.003,0.05,0.0004,0,0,0,0,0,0,0,-85,27
0.094,0.21,1.44,0.005,0.003,0,0,0.029,0.0052,0.003,0.1,0.0005,0,0,0,0,0,0,0,-75,27
0.16,0.27,1.26,0.016,0.008,0.003,0.02,0.01,0.0093,0.003,0.003,0,0.003,0.01,0,0.01,0,0,0.0071,-10,27
0.16,0.27,1.27,0.016,0.008,0.003,0.02,0.014,0.0094,0.003,0.003,0,0.003,0.01,0,0.01,0,0,0.0096,-27,27
0.16,0.27,1.26,0.016,0.008,0.003,0.02,0.01,0.0092,0.003,0.003,0,0.003,0.01,0,0.01,0,0,0.0078,-36,27
0.15,0.23,1.29,0.016,0.008,0.003,0.02,0.013,0.0094,0.003,0.003,0,0.003,0.01,0,0.01,0,0,0.0061,-50,27
0.16,0.24,1.3,0.016,0.008,0.003,0.02,0.013,0.0095,0.003,0.003,0,0.003,0.01,0,0.01,0,0,0.0067,-29,27
0.16,0.33,1.45,0.017,0.009,0.003,0.03,0.028,0.011,0.003,0.003,0,0.003,0.04,0,0.01,0,0,0.0047,-6,27
0.16,0.33,1.45,0.017,0.009,0.003,0.03,0.03,0.011,0.003,0.003,0,0.003,0.04,0,0.01,0,0,0.0051,-33,27
0.16,0.32,1.44,0.017,0.009,0.003,0.03,0.026,0.011,0.003,0.003,0,0.003,0.04,0,0.01,0,0,0.0054,-53,27
0.07,0.1,1.4,0.008,0.005,0,0,0.018,0.006,0.003,0.003,0,0.003,0,0,0,0,0,0,-99,27
0.07,0.1,1.4,0.008,0.005,0,0,0.018,0.006,0.003,0.003,0,0.003,0,0,0,0,0,0,-99,27
0.07,0.1,1.4,0.008,0.005,0,0,0.018,0.006,0.003,0.003,0,0.003,0,0,0,0,0,0,-108,27
0.07,0.1,1.4,0.008,0.005,0,0,0.018,0.006,0.003,0.003,0,0.003,0,0,0,0,0,0,-100,27
0.07,0.1,1.4,0.008,0.005,0,0,0.018,0.006,0.003,0.003,0,0.003,0,0,0,0,0,0,-62,27
0.07,0.1,1.4,0.008,0.005,0,0,0.018,0.006,0.003,0.003,0,0.003,0,0,0,0,0,0,-105,27
0.07,0.1,1.4,0.008,0.005,0,0,0.018,0.006,0.003,0.003,0,0.003,0,0,0,0,0,0,-96,27
0.07,0.1,1.4,0.008,0.005,0,0,0.018,0.006,0.003,0.003,0,0.003,0,0,0,0,0,0,-98,27
0.062,0.18,0.32,0.025,0.02,0,0.13,0.004,0.008,0.004,0,0,0,0.15,0,0.25,0,0,0,0,27
0.062,0.18,0.32,0.025,0.02,0,0.13,0.004,0.008,0.004,0,0,0,0.15,0,0.25,0,0,0,-3,27
0.062,0.18,0.32,0.025,0.02,0,0.13,0.004,0.008,0.004,0,0,0,0.15,0,0.25,0,0,0,-18,27
0.065,0.01,0.28,0.025,0.015,0,0.09,0.042,0.008,0.004,0,0,0,0.1,0,0.3,0,0,0,-35,27
0.065,0.17,0.57,0.037,0.015,0,0.13,0.004,0.007,0.004,0,0,0,0.12,0,0.35,0,0,0,-77,27
0.065,0.17,0.57,0.037,0.015,0,0.13,0.004,0.007,0.004,0,0,0,0.12,0,0.35,0,0,0,-70,27
0.065,0.17,0.57,0.037,0.015,0,0.13,0.004,0.007,0.004,0,0,0,0.12,0,0.35,0,0,0,-58,27
0.1,0.25,1.41,0.011,0.003,0,0.02,0.032,0.0055,0.005,0.029,0,0,0,0,0.02,0,0,0,-79.37150483,27
0.1,0.26,1.45,0.011,0.003,0,0.016,0.025,0.0052,0.005,0.054,0,0,0,0,0.02,0,0,0,-83.32237866,27
0.14,0.26,1.43,0.011,0.003,0,0.02,0.029,0.005,0.005,0.05,0,0,0,0,0.02,0,0,0,-71.73682496,27
0.11,0.26,1.4,0.009,0.003,0,0.02,0.03,0.009,0.005,0.028,0,0,0,0,0.02,0,0,0,-97.28018423,27
0.16,0.26,1.45,0.011,0.003,0.005,0.02,0.04,0.0051,0.005,0.026,0,0,0.02,0,0.02,0,0,0,-47.73047424,27
0.16,0.26,1.45,0.011,0.003,0.005,0.02,0.038,0.0056,0.005,0.043,0,0,0.02,0,0.02,0,0,0,-67.19786786,27
0.15,0.29,1.47,0.013,0.003,0.005,0.02,0.038,0.012,0.005,0.027,0,0,0.02,0,0.02,0,0,0,-46.36857143,27
0.14,0.27,1.46,0.012,0.003,0.005,0.02,0.038,0.014,0.005,0.047,0,0,0.02,0,0,0,0,0,-72.62666147,27
0.045,0.55,1.41,0.013,0.015,0.01,0.02,0.039,0.0067,0.005,0.06,0,0,0.02,0,0.02,0,0,0,-42,27
0.045,0.5,1.4,0.015,0.012,0.01,0.02,0.037,0.0065,0.005,0.005,0,0.012,0.02,0,0.02,0,0,0,-62,27
0.046,0.53,1.37,0.012,0.014,0.01,0.02,0.038,0.0065,0.005,0.06,0,0,0.02,0,0.02,0,0,0,-12,27
0.048,0.5,1.4,0.015,0.013,0.01,0.02,0.034,0.0067,0.005,0.005,0,0.011,0.02,0,0.02,0,0,0,-62,27
0.062,0.34,1.5,0.012,0.006,0.02,0.07,0.029,0.016,0.005,0.12,0,0,0.07,0,0.07,0,0,0,-20,27
0.063,0.34,1.56,0.012,0.006,0.02,0.07,0.035,0.017,0.005,0.12,0,0,0.07,0,0.07,0,0,0,-40,27
0.08,0.42,1.45,0.015,0.012,0,0.02,0.035,0.012,0.005,0.09,0,0,0,0,0.02,0,0,0,-25,27
0.08,0.4,1.45,0.015,0.016,0,0.26,0.038,0.0067,0.005,0.09,0,0.011,0,0,0.26,0,0,0,-35,27
0.08,0.35,1.43,0.015,0.005,0,0.26,0.034,0.0069,0.005,0.13,0,0,0,0,0.35,0,0,0,-5,27
0.084,0.21,1.42,0.005,0.002,0.005,0.02,0.031,0.0047,0.005,0.05,0,0,0.02,0,0.02,0,0,0,-80,27
0.09,0.39,1.44,0.014,0.014,0,0.26,0.039,0.0085,0.005,0.09,0,0,0,0,0.26,0,0,0,-20,27
0.09,0.4,1.48,0.015,0.007,0,0.26,0.037,0.0084,0.005,0.09,0,0.011,0,0,0.25,0,0,0,-50,27
0.09,0.2,1.41,0.006,0.004,0.005,0.02,0.032,0.007,0.005,0.005,0,0,0.02,0,0.02,0,0,0,-70,27
0.09,0.35,1.42,0.016,0.015,0,0.26,0.038,0.0084,0.005,0.13,0,0.021,0,0,0.36,0,0,0,-20,27
0.09,0.35,1.42,0.016,0.014,0,0.26,0.036,0.0087,0.005,0.13,0,0.021,0,0,0.36,0,0,0,-5,27
0.09,0.34,1.41,0.015,0.001,0,0.26,0.035,0.0089,0.005,0.11,0,0,0,0,0.35,0,0,0,-10,27
0.095,0.21,1.4,0.006,0.002,0.005,0.02,0.03,0.005,0.005,0.11,0,0,0.02,0,0.02,0,0,0,-85,27
0.1,0.25,1.41,0.011,0.003,0,0.02,0.032,0.0055,0.005,0.029,0,0,0,0,0.02,0,0,0,-100,27
0.1,0.26,1.45,0.011,0.003,0,0.016,0.025,0.0052,0.005,0.054,0,0,0,0,0.02,0,0,0,-95,27
0.1,0.41,1.43,0.015,0.012,0,0.02,0.035,0.012,0.005,0.07,0,0,0,0,0.02,0,0,0,-15,27
0.1,0.42,1.43,0.015,0.011,0,0.02,0.034,0.011,0.005,0.07,0,0,0,0,0.02,0,0,0,-15,27
0.1,0.4,1.45,0.015,0.015,0,0.26,0.037,0.0057,0.005,0.09,0,0.02,0,0,0.26,0,0,0,-25,27
0.1,0.35,1.45,0.015,0.015,0,0.26,0.039,0.0057,0.005,0.13,0,0.011,0,0,0.36,0,0,0,-15,27
0.1,0.35,1.43,0.013,0.013,0,0.26,0.037,0.0053,0.005,0.13,0,0,0,0,0.36,0,0,0,-10,27
0.1,0.36,1.43,0.014,0.005,0,0.26,0.037,0.0088,0.005,0.13,0,0,0,0,0.36,0,0,0,5,27
0.11,0.26,1.4,0.009,0.003,0,0.02,0.03,0.009,0.005,0.028,0,0,0,0,0.02,0,0,0,-105,27
0.11,0.42,1.39,0.015,0.012,0,0.02,0.036,0.0046,0.005,0.08,0,0,0,0,0.02,0,0,0,-15,27
0.11,0.42,1.46,0.015,0.013,0,0.02,0.039,0.0059,0.005,0.08,0,0.011,0,0,0.02,0,0,0,-45,27
0.11,0.41,1.37,0.015,0.012,0,0.02,0.037,0.0045,0.005,0.08,0,0,0,0,0.02,0,0,0,-15,27
0.11,0.42,1.43,0.014,0.013,0,0.02,0.038,0.0051,0.005,0.08,0,0.011,0,0,0.02,0,0,0,-42,27
0.11,0.39,1.4,0.012,0.014,0,0.02,0.039,0.0058,0.005,0.09,0,0.011,0,0,0.02,0,0,0,-15,27
0.12,0.43,1.4,0.015,0.004,0,0.02,0.035,0.0043,0.005,0.08,0,0,0,0,0.02,0,0,0,-15,27
0.12,0.42,1.37,0.015,0.004,0,0.02,0.034,0.0041,0.005,0.08,0,0,0,0,0.02,0,0,0,-22,27
0.14,0.26,1.43,0.011,0.003,0,0.02,0.029,0.005,0.005,0.05,0,0,0,0,0.02,0,0,0,-80,27
0.14,0.27,1.46,0.012,0.003,0.005,0.02,0.038,0.014,0.005,0.047,0,0,0.02,0,0.02,0,0,0,-73,27
0.15,0.29,1.47,0.013,0.003,0.005,0.02,0.038,0.012,0.005,0.027,0,0,0.02,0,0.02,0,0,0,-51,27
0.16,0.26,1.45,0.011,0.003,0.005,0.02,0.04,0.0051,0.005,0.026,0,0,0.02,0,0.02,0,0,0,-67,27
0.16,0.26,1.45,0.011,0.003,0.005,0.02,0.038,0.0056,0.005,0.043,0,0,0.02,0,0.02,0,0,0,-90,27
0.15,0.27,1.36,0.017,0.008,0.003,0.03,0.027,0.01,0.006,0.003,0,0.003,0.04,0,0.01,0,0,0.0054,-50,27
0.15,0.27,1.39,0.016,0.008,0.003,0.03,0.028,0.011,0.01,0.003,0,0.003,0.04,0,0.01,0,0,0.0057,-38,27
0.067,0.21,1.44,0.002,0.0017,0,0.49,0.027,0.0013,0.01,0,0,0,0,0,0,0,0,0,-99.90502464,27
0.07,0.35,1.47,0.01,0.004,0,0.51,0.038,0.0058,0.011,0,0,0.013,0,0,0,0,0,0,-110.7120817,27
0.074,0.21,1.44,0.017,0.0017,0,0.52,0.032,0.0015,0.014,0,0,0,0,0,0,0,0,0,-90.53588148,27
0.067,0.21,1.44,0.002,0.0017,0,0.49,0.027,0.0013,0.014,0,0,0,0,0,0,0,0,0,-96.27689446,27
0.061,0.21,1.45,0.007,0.0017,0,0.52,0.032,0.0021,0.014,0,0,0,0,0,0,0,0,0,-94.38759147,27
0.08,0.21,1.45,0.002,0.0019,0,0.5,0.028,0.0012,0.015,0,0,0,0,0,0,0,0,0,-92.51070569,27
0.078,0.21,1.46,0.002,0.0018,0,0.5,0.03,0.0014,0.015,0,0,0,0,0,0,0,0,0,-96.6041054,27
0.076,0.2,1.44,0.002,0.004,0,0.51,0.029,0.0013,0.015,0,0,0,0,0,0,0,0,0,-94.38759147,27
0.078,0.21,1.46,0.002,0.0018,0,0.5,0.03,0.0014,0.015,0,0,0,0,0,0,0,0,0,-100.5628814,27
0.087,0.18,1.43,0.009,0.005,0,0.52,0.026,0.0077,0.016,0,0,0,0,0,0,0,0,0,-102.2352496,27
0.08,0.18,1.44,0.002,0.0018,0,0.52,0.026,0.0018,0.016,0,0,0,0,0,0,0,0,0,-86.32215725,27
0.084,0.22,1.45,0.002,0.0017,0,0.51,0.027,0.0014,0.016,0,0,0,0,0,0,0,0,0,-93.41653333,27
0.08,0.2,1.39,0.003,0.0015,0,0.49,0.034,0.0025,0.017,0,0,0,0,0,0,0,0,0,-114.2239237,27
0.083,0.22,1.47,0.003,0.006,0,0.5,0.03,0.0045,0.018,0,0,0,0,0,0,0,0,0,-91.3395226,27
0.092,0.22,1.45,0.017,0.005,0,0.5,0.03,0.0042,0.018,0,0,0,0,0,0,0,0,0,-99.64763071,27
0.081,0.21,1.45,0.009,0.006,0,0.51,0.03,0.0044,0.018,0,0,0,0,0,0,0,0,0,-100.4994975,27
0.16,0.35,1.07,0.014,0.002,0.002,0.018,0.038,0.007,0.019,0.002,0.0002,0.001,0.014,0,0.013,0,0,0,-39.54981154,27
0.091,0.21,1.43,0.016,0.004,0,0.52,0.037,0.0064,0.019,0,0,0,0,0,0,0,0,0,-100.7646068,27
0.07,0.39,1.46,0.011,0.006,0.02,0.07,0.037,0.017,0.019,0.13,0,0.009,0.08,0,0.07,0,0,0,-60,27
0.072,0.11,1.45,0.009,0.005,0.15,0.49,0,0.0084,0.02,0,0.0042,0.01,0,0,0,0,0,0,-61.7577551,27
0.066,0.37,1.44,0.009,0.004,0,0.51,0.068,0.0049,0.02,0,0,0.013,0,0,0,0,0,0,-130.2143586,27
0.069,0.11,1.46,0.009,0.003,0,0.51,0.007,0.006,0.02,0,0.0023,0.011,0,0,0,0,0,0,-115.7252412,27
0.078,0.08,1.45,0.009,0.003,0.14,0.5,0.006,0.0071,0.02,0,0.0025,0.011,0,0,0,0,0,0,-92.58758108,27
0.084,0.22,1.45,0.002,0.0017,0,0.51,0.027,0.0014,0.02,0,0,0,0,0,0,0,0,0,-95.34835857,27
0.083,0.21,1.46,0.002,0.0017,0,0.51,0.027,0.0016,0.02,0,0,0,0,0,0,0,0,0,-90.69466352,27
0.08,0.21,1.45,0.002,0.0019,0,0.5,0.028,0.0012,0.02,0,0,0,0,0,0,0,0,0,-92.69508991,27
0.065,0.31,1.43,0.009,0.005,0,0.5,0.039,0.002,0.02,0,0,0,0,0,0,0,0,0,-115.7281877,27
0.062,0.44,1.46,0.013,0.007,0.02,0.09,0.027,0.015,0.02,0.11,0,0,0.07,0,0.07,0,0,0,-60,27
0.065,0.45,1.43,0.013,0.007,0.02,0.09,0.027,0.015,0.02,0.11,0,0,0.07,0,0.07,0,0,0,-45,27
0.065,0.37,1.32,0.013,0.006,0.02,0.07,0.026,0.015,0.02,0.12,0,0,0.07,0,0.07,0,0,0,-10,27
0.065,0.35,1.35,0.013,0.006,0.02,0.07,0.022,0.015,0.02,0.12,0,0,0.08,0,0.07,0,0,0,-45,27
0.066,0.38,1.45,0.012,0.006,0.02,0.07,0.037,0.017,0.02,0.13,0,0.009,0.08,0,0.07,0,0,0,-45,27
0.067,0.39,1.37,0.013,0.005,0.03,0.08,0.022,0.018,0.02,0.11,0,0,0.1,0,0.07,0,0,0,-58,27
0.14,0.4,1.36,0.013,0.008,0.002,0.019,0.027,0.004,0.021,0.004,0.0001,0.019,0.024,0,0.01,0,0,0,-125.9649186,27
0.074,0.38,1.47,0.01,0.003,0,0.51,0.038,0.0061,0.021,0,0,0.012,0,0,0,0,0,0,-154.2952772,27
0.075,0.11,1.49,0.01,0.003,0,0.51,0.034,0.0051,0.021,0,0,0.013,0,0,0,0,0,0,-96.82255686,27
0.077,0.37,1.45,0.009,0.004,0,0.5,0.042,0.0031,0.021,0,0,0.013,0,0,0,0,0,0,-123.3527397,27
0.07,0.11,1.45,0.01,0.004,0,0.5,0.064,0.0037,0.021,0,0,0.013,0,0,0,0,0,0,-126.1518743,27
0.07,0.36,1.47,0.01,0.004,0,0.51,0.038,0.0058,0.021,0,0,0.014,0,0,0,0,0,0,-133.3016366,27
0.094,0.2,1.41,0.003,0.004,0,0.51,0.041,0.0058,0.021,0,0,0,0,0,0,0,0,0,-106.0031625,27
0.076,0.31,1.44,0.011,0.006,0,0.02,0.042,0.0047,0.021,0,0,0.01,0,0,0,0,0,0,-95.14268985,27
0.08,0.3,1.4,0.011,0.005,0,0.02,0.036,0.0088,0.021,0,0,0.01,0,0,0,0,0,0,-96.15933167,27
0.075,0.3,1.44,0.01,0.004,0,0.02,0.041,0.0006,0.021,0,0,0.009,0,0,0,0,0,0,-104.1933158,27
0.078,0.3,1.45,0.01,0.006,0,0.02,0.039,0.0024,0.021,0,0,0.009,0,0,0,0,0,0,-109.9937154,27
0.077,0.32,1.45,0.01,0.006,0,0.5,0.037,0.0006,0.021,0,0,0,0,0,0,0,0,0,-109.2042822,27
0.071,0.31,1.54,0.01,0.006,0,0.5,0.036,0.004,0.021,0,0,0,0,0,0,0,0,0,-84.54923266,27
0.078,0.34,1.44,0.01,0.006,0,0.5,0.035,0.0088,0.021,0,0,0,0,0,0,0,0,0,-98.57612935,27
0.085,0.21,1.44,0.012,0.005,0,0.51,0.035,0.0059,0.021,0,0,0,0,0,0,0,0,0,-102.293554,27
0.085,0.22,1.45,0.005,0.005,0,0.52,0.029,0.0054,0.021,0,0,0,0,0,0,0,0,0,-107.4680543,27
0.091,0.2,1.44,0.007,0.006,0,0.52,0.033,0.0062,0.021,0,0,0,0,0,0,0,0,0,-113.5404276,27
0.076,0.2,1.42,0.003,0.003,0,0.52,0.036,0.0062,0.021,0,0,0,0,0,0,0,0,0,-126.78343,27
0.071,0.35,1.44,0.008,0.003,0,0.5,0.032,0.004,0.021,0,0,0.012,0,0,0,0,0,0,-122.6440916,27
0.083,0.35,1.44,0.007,0.003,0,0.5,0.032,0.0076,0.021,0,0,0.01,0,0,0,0,0,0,-110.9774923,27
0.063,0.39,1.48,0.012,0.005,0.02,0.07,0.041,0.017,0.021,0.13,0,0.01,0.08,0,0.07,0,0,0,-40,27
0.064,0.45,1.46,0.012,0.007,0.02,0.09,0.031,0.015,0.021,0.11,0,0,0.07,0,0.07,0,0,0,-25,27
0.065,0.38,1.39,0.013,0.006,0.02,0.07,0.029,0.015,0.021,0.12,0,0,0.08,0,0.07,0,0,0,-10,27
0.067,0.4,1.44,0.013,0.005,0.03,0.08,0.025,0.018,0.021,0.11,0,0,0.1,0,0.07,0,0,0,-38,27
0.12,0.41,1.41,0.012,0.009,0.002,0.019,0.039,0.004,0.022,0.003,0.0002,0.018,0.019,0,0.012,0,0,0,-86.32219105,27
0.1,0.21,1.48,0.016,0.007,0,0.51,0.033,0.0078,0.022,0,0,0,0,0,0,0,0,0,-84.65346555,27
0.095,0.21,1.48,0.027,0.006,0,0.52,0.036,0.0063,0.022,0,0,0,0,0,0,0,0,0,-100.4737151,27
0.077,0.32,1.44,0.013,0.003,0,0,0.034,0.0042,0.022,0.05,0,0,0,0,0.15,0,0,0,-78.53288192,27
0.061,0.35,1.45,0.008,0.003,0,0.5,0.035,0.0038,0.022,0,0,0.011,0,0,0,0,0,0,-134.3379675,27
0.071,0.35,1.45,0.008,0.003,0,0.51,0.036,0.0055,0.022,0,0,0.011,0,0,0,0,0,0,-127.9680637,27
0.061,0.29,1.45,0.013,0.003,0,0.16,0.037,0.0047,0.023,0.05,0,0,0,0,0.15,0,0,0,-81.04624742,27
0.067,0.29,1.45,0.01,0.003,0,0.16,0.04,0.0034,0.023,0.05,0,0,0,0,0,0,0,0,-84.06860777,27
0.073,0.31,1.43,0.013,0.003,0.2,0,0.038,0.0053,0.023,0,0,0,0,0,0,0,0,0,-77.52072003,27
0.081,0.32,1.37,0.012,0.003,0,0,0.039,0.0047,0.025,0,0,0,0,0,0.02,0,0,0,-100.8223043,27
0.097,0.33,1.38,0.01,0.003,0,0,0.039,0.0047,0.025,0,0,0,0,0,0.02,0,0,0,-98.89841189,27
0.08,0.3,1.4,0.01,0.005,0,0,0.04,0.0048,0.025,0,0,0,0,0,0.02,0,0,0,-109.2580547,27
0.092,0.29,1.41,0.015,0.004,0.21,0.3,0.029,0.009,0.025,0.05,0,0.0005,0,0,0,0,0,0,-74.61423236,27
0.15,0.4,1.37,0.02,0.007,0.002,0.02,0.033,0.004,0.026,0.002,0.0002,0.002,0.02,0,0.017,0,0,0,-82.43909497,27
0.09,0.33,1.39,0.011,0.002,0,0,0.04,0.0049,0.026,0,0,0,0,0,0.02,0,0,0,-68.81055466,27
0.092,0.31,1.39,0.011,0.002,0,0,0.04,0.0036,0.026,0,0,0,0,0,0.02,0,0,0,-97.50636757,27
0.1,0.3,1.46,0.014,0.003,0,0.7,0.026,0.005,0.026,0.05,0,0.001,0,0,0.3,0,0,0,-71.90952487,27
0.1,0.3,1.46,0.015,0.003,0,0.31,0.031,0.006,0.026,0.05,0,0.0005,0,0,0,0,0,0,-91.17765502,27
0.097,0.3,1.45,0.014,0.004,0,0.42,0.03,0.007,0.026,0.05,0,0.0005,0,0,0.31,0,0,0,-95.26797007,27
0.079,0.29,1.59,0.014,0.004,0,0.41,0.028,0.006,0.026,0.05,0,0.0005,0,0,0,0,0,0,-98.5336448,27
0.1,0.31,1.46,0.015,0.002,0.08,0.31,0.025,0.005,0.026,0.05,0,0.0005,0,0,0,0,0,0,-66.53916829,27
0.071,0.43,1.49,0.009,0.006,0.02,0.08,0.026,0.0089,0.026,0.12,0,0,0.07,0,0.07,0,0,0,-40,27
0.15,0.38,1.41,0.013,0.013,0.002,0.023,0.041,0.005,0.027,0.002,0.0003,0.002,0.023,0,0.013,0,0,0,-110.91729,27
0.09,0.3,1.39,0.011,0.002,0,0,0.041,0.0061,0.027,0,0,0,0,0,0.02,0,0,0,-82.06368443,27
0.097,0.31,1.39,0.01,0.002,0,0,0.04,0.0054,0.027,0,0,0,0,0,0.26,0,0,0,-100.1676638,27
0.073,0.29,1.45,0.014,0.004,0,0.41,0.028,0.01,0.027,0.05,0,0.0005,0,0,0,0,0,0,-89.87428849,27
0.15,0.29,1.23,0.017,0.008,0.003,0.02,0.014,0.011,0.028,0.003,0,0.003,0.01,0,0.01,0,0,0.0077,-22,27
0.15,0.29,1.25,0.018,0.008,0.003,0.02,0.016,0.01,0.028,0.003,0,0.003,0.01,0,0.01,0,0,0.0066,-30,27
0.15,0.29,1.23,0.018,0.008,0.003,0.02,0.015,0.01,0.028,0.003,0,0.003,0.01,0,0.01,0,0,0.0069,-30,27
0.16,0.32,1.29,0.018,0.008,0.003,0.02,0.014,0.0097,0.029,0.003,0,0.003,0.01,0,0.01,0,0,0.0062,-40,27
0.16,0.32,1.29,0.017,0.008,0.003,0.02,0.017,0.0095,0.029,0.003,0,0.003,0.01,0,0.01,0,0,0.0053,-43,27
0.084,0.3,1.46,0.014,0.003,0,0.91,0.029,0.005,0.029,0,0,0.0005,0,0,0.3,0,0,0,-70.99954407,27
0.061,0.38,1.39,0.012,0.006,0.02,0.08,0.013,0.0089,0.029,0.13,0,0.005,0.07,0,0.07,0,0,0,-15,27
0.062,0.39,1.49,0.012,0.007,0.02,0.08,0.033,0.0075,0.029,0.13,0,0,0.07,0,0.07,0,0,0,-35,27
0.062,0.39,1.44,0.012,0.006,0.02,0.08,0.018,0.0093,0.029,0.13,0,0.005,0.07,0,0.07,0,0,0,-15,27
0.064,0.39,1.51,0.013,0.007,0.02,0.08,0.034,0.0077,0.029,0.14,0,0,0.07,0,0.07,0,0,0,20,27
0.15,0.26,1.45,0.012,0.003,0.005,0.02,0.038,0.0059,0.03,0.005,0,0,0.02,0,0.02,0,0,0,-36.97147858,27
0.091,0.3,1.42,0.013,0.003,0,0.89,0.026,0.006,0.03,0,0,0.002,0,0,0.3,0,0,0,-85.25006326,27
0.062,0.4,1.51,0.012,0.007,0.02,0.08,0.033,0.0077,0.03,0.14,0,0,0.07,0,0.07,0,0,0,-5,27
0.065,0.43,1.46,0.011,0.005,0.02,0.06,0.028,0.0088,0.03,0.12,0,0,0.07,0,0.07,0,0,0,-20,27
0.068,0.43,1.23,0.012,0.014,0.005,0.24,0.074,0.0092,0.03,0,0,0,0.52,0,0.35,0,0,0,-51,27
0.068,0.43,1.23,0.012,0.014,0.005,0.24,0.074,0.0092,0.03,0,0,0,0.52,0,0.35,0,0,0,-96,27
0.068,0.43,1.23,0.012,0.014,0.005,0.24,0.074,0.0092,0.03,0,0,0,0.52,0,0.35,0,0,0,-81,27
0.068,0.43,1.23,0.012,0.014,0.005,0.24,0.074,0.0092,0.03,0,0,0,0.52,0,0.35,0,0,0,-72,27
0.11,0.43,1.16,0.012,0.014,0.01,0.24,0.069,0.01,0.03,0,0,0,0.53,0,0.35,0,0,0,-63,27
0.11,0.43,1.16,0.012,0.014,0.01,0.24,0.069,0.01,0.03,0,0,0,0.53,0,0.35,0,0,0,-89,27
0.11,0.43,1.16,0.012,0.014,0.01,0.24,0.069,0.01,0.03,0,0,0,0.53,0,0.35,0,0,0,-89,27
0.11,0.43,1.16,0.012,0.014,0.01,0.24,0.069,0.01,0.03,0,0,0,0.53,0,0.35,0,0,0,-65,27
0.11,0.41,1.43,0.015,0.012,0,0.02,0.039,0.0057,0.03,0.005,0,0,0,0,0.02,0,0,0,10,27
0.11,0.41,1.4,0.015,0.011,0,0.02,0.038,0.0057,0.03,0.005,0,0,0,0,0.02,0,0,0,5,27
0.15,0.26,1.45,0.012,0.003,0.005,0.02,0.038,0.0059,0.03,0.005,0,0,0.02,0,0.02,0,0,0,-43,27
0.1,0.19,1.4,0.005,0.002,0,0,0.031,0.004,0.031,0.003,0.0006,0,0,0,0,0,0,0,-80,27
0.1,0.36,1.36,0.011,0.003,0.002,0.019,0.036,0.004,0.031,0.002,0.0001,0.002,0.017,0,0.01,0,0,0,-94.82206519,27
0.1,0.27,1.45,0.011,0.004,0,0.016,0.025,0.0058,0.031,0.005,0,0,0,0,0.02,0,0,0,-101.3610277,27
0.094,0.28,1.37,0.015,0.003,0,0.85,0.028,0.004,0.031,0,0,0.011,0,0,0.28,0,0,0,-116.439432,27
0.098,0.45,1.56,0.014,0.002,0,0.31,0.031,0.008,0.031,0.09,0,0.011,0,0,0.3,0,0,0,-84.02057015,27
0.062,0.41,1.48,0.012,0.006,0.02,0.08,0.041,0.0087,0.031,0.13,0,0.007,0.07,0,0.07,0,0,0,-65,27
0.1,0.27,1.45,0.011,0.004,0,0.016,0.025,0.0058,0.031,0.005,0,0,0,0,0.02,0,0,0,-90,27
0.1,0.19,1.4,0.005,0.002,0.005,0.02,0.031,0.004,0.031,0.005,0,0,0.02,0,0.02,0,0,0,-68,27
0.14,0.42,1.15,0.012,0.014,0.01,0.24,0.071,0.0084,0.031,0,0,0,0.54,0,0.35,0,0,0,-64,27
0.14,0.42,1.15,0.012,0.014,0.01,0.24,0.071,0.0084,0.031,0,0,0,0.54,0,0.35,0,0,0,-99,27
0.14,0.42,1.15,0.012,0.014,0.01,0.24,0.071,0.0084,0.031,0,0,0,0.54,0,0.35,0,0,0,-24,27
0.14,0.42,1.15,0.012,0.014,0.01,0.24,0.071,0.0084,0.031,0,0,0,0.54,0,0.35,0,0,0,-75,27
0.14,0.25,1.44,0.011,0.003,0,0.016,0.027,0.0049,0.032,0.005,0,0,0,0,0.02,0,0,0,-73.58494003,27
0.11,0.29,1.41,0.015,0.003,0,0.3,0.027,0.005,0.032,0.05,0,0.011,0,0,0,0,0,0,-90.1482765,27
0.099,0.45,1.56,0.016,0.002,0,0.31,0.03,0.007,0.032,0.09,0,0,0,0,0.3,0,0,0,-43.37407566,27
0.12,0.27,1.41,0.014,0.002,0,0.31,0.028,0.008,0.032,0.09,0,0.012,0,0,0,0,0,0,-72.6064077,27
0.14,0.25,1.44,0.011,0.003,0,0.016,0.027,0.0049,0.032,0.005,0,0,0,0,0.02,0,0,0,-90,27
0.05,0.48,1.35,0.014,0.01,0.01,0.02,0.04,0.0055,0.036,0.005,0,0,0.02,0,0.02,0,0,0,5,27
0.051,0.5,1.4,0.014,0.011,0.01,0.02,0.04,0.0058,0.036,0.005,0,0,0.02,0,0.02,0,0,0,-47,27
0.16,0.36,1.16,0.014,0.01,0.002,0.02,0.032,0.008,0.042,0.002,0.0001,0.002,0.23,0,0.016,0,0,0,-87.88955925,27
0.076,0.3,1.47,0.014,0.004,0,0.42,0.03,0.006,0.045,0.05,0,0.0005,0,0,0,0,0,0,-99.2895924,27
0.089,0.31,1.42,0.016,0.006,0,0.33,0.043,0.007,0.045,0.05,0,0.0005,0,0,0,0,0,0,-76.32195137,27
0.16,0.47,1.45,0.015,0.007,0.001,0.02,0.041,0.008,0.046,0.003,0.0002,0.011,0.017,0,0.012,0,0,0,-132.0033426,27
0.086,0.3,1.46,0.014,0.002,0,0.42,0.028,0.009,0.046,0.09,0,0,0,0,0,0,0,0,-83.19716464,27
0.094,0.32,1.34,0.011,0.0065,0,0,0.031,0.006,0,0,0,0,0,0.02,0,0,0,0,-93,36
0.094,0.32,1.34,0.011,0.0065,0,0,0.031,0.006,0,0,0,0,0,0.02,0,0,0,0,-76,36
0.094,0.32,1.34,0.011,0.0065,0,0,0.031,0.006,0,0,0,0,0,0.02,0,0,0,0,-73,36
0.094,0.32,1.34,0.011,0.0065,0,0,0.031,0.006,0,0,0,0,0,0.02,0,0,0,0,-75,36
0.085,0.33,1.38,0.012,0.008,0,0,0.03,0.007,0,0,0,0,0,0.02,0,0,0,0,-93,36
0.085,0.33,1.38,0.012,0.008,0,0,0.03,0.007,0,0,0,0,0,0.02,0,0,0,0,-65,36
0.085,0.33,1.38,0.012,0.008,0,0,0.03,0.007,0,0,0,0,0,0.02,0,0,0,0,-90,36
0.085,0.33,1.38,0.012,0.008,0,0,0.03,0.007,0,0,0,0,0,0.02,0,0,0,0,-100,36
0.085,0.33,1.38,0.012,0.008,0,0,0.03,0.007,0,0,0,0,0,0.02,0,0,0,0,-65,36
0.085,0.33,1.38,0.012,0.008,0,0,0.03,0.007,0,0,0,0,0,0.02,0,0,0,0,-38,36
0.085,0.33,1.38,0.012,0.008,0,0,0.03,0.007,0,0,0,0,0,0.02,0,0,0,0,-25,36
0.085,0.33,1.38,0.012,0.008,0,0,0.03,0.007,0,0,0,0,0,0.02,0,0,0,0,-3,36
0.085,0.33,1.38,0.012,0.008,0,0,0.03,0.007,0,0,0,0,0,0.02,0,0,0,0,11,36
0.085,0.33,1.38,0.012,0.008,0,0,0.03,0.007,0,0,0,0,0,0.02,0,0,0,0,-70,36
0.085,0.33,1.38,0.012,0.008,0,0,0.03,0.007,0,0,0,0,0,0.02,0,0,0,0,-39,36
0.085,0.33,1.38,0.012,0.008,0,0,0.03,0.007,0,0,0,0,0,0.02,0,0,0,0,-85,36
0.1,0.35,1.34,0.007,0.012,0,0,0.04,0.004,0,0,0,0,0,0.02,0,0,0,0,-20,36
0.1,0.35,1.34,0.007,0.012,0,0,0.04,0.004,0,0,0,0,0,0.02,0,0,0,0,-90,36
0.098,0.25,1.3,0.001,0.0016,0,0,0.043,0.006,0,0,0,0,0,0.015,0,0,0,0,0,36
0.098,0.25,1.3,0.001,0.0016,0,0,0.043,0.006,0,0,0,0,0,0.015,0,0,0,0,17,36
0.086,0.32,1.34,0.011,0.0065,0,0,0.035,0.0056,0.032,0,0,0,0,0.015,0,0,0,0,-60,36
0.086,0.32,1.34,0.011,0.0065,0,0,0.035,0.0056,0.032,0,0,0,0,0.015,0,0,0,0,-60,36
0.086,0.32,1.34,0.011,0.0065,0,0,0.035,0.0056,0.032,0,0,0,0,0.015,0,0,0,0,-42,36
0.086,0.32,1.34,0.011,0.0065,0,0,0.035,0.0056,0.032,0,0,0,0,0.015,0,0,0,0,-73,36
0.062,0.1,1.45,0.009,0.003,0,0.5,0,0.0058,0,0,0.0024,0.009,0,0,0,0,0,0,-106,40
0.063,0.1,1.45,0.009,0.004,0,0.5,0.005,0.0043,0,0,0.0024,0.009,0,0,0,0,0,0,-106,40
0.066,0.11,1.46,0.008,0.004,0,0.51,0.005,0.0063,0,0,0.0024,0.01,0,0,0,0,0,0,-82,40
0.068,0.1,1.46,0.007,0.004,0,0.5,0,0.0077,0,0,0.0024,0.011,0,0,0,0,0,0,-100,40
0.069,0.36,1.55,0.011,0.003,0,0,0.035,0.0052,0,0,0,0,0,0,0,0,0,0,-95,40
0.069,0.36,1.55,0.011,0.003,0,0,0.035,0.0052,0,0,0,0,0,0,0,0,0,0,-118,40
0.069,0.36,1.55,0.011,0.003,0,0,0.035,0.0052,0,0,0,0,0,0,0,0,0,0,-101,40
0.078,0.4,1.5,0.009,0.003,0,0,0.036,0.0049,0,0,0,0.015,0,0,0,0,0,0,-115,40
0.078,0.4,1.5,0.009,0.003,0,0,0.036,0.0049,0,0,0,0.015,0,0,0,0,0,0,-125,40
0.078,0.4,1.5,0.009,0.003,0,0,0.036,0.0049,0,0,0,0.015,0,0,0,0,0,0,-116,40
0.27,0.25,0.53,0.013,0.005,0.33,4.05,0.07,0.004,0,0,0,0,1.24,0,0,0,0,0,-80,40
0.27,0.25,0.53,0.013,0.005,0.33,4.05,0.07,0.004,0,0,0,0,1.24,0,0,0,0,0,-50,40
0.06,0.39,1.58,0.018,0.015,0.01,0.02,0.005,0.007,0.005,0.11,0.0005,0.005,0.02,0,0.02,0,0,0,-72,40
0.08,0.4,1.4,0.014,0.016,0.01,0.02,0.005,0.018,0.005,0.11,0.0005,0.005,0.02,0,0.02,0,0,0,-32,40
0.084,0.21,1.42,0.005,0.002,0.005,0.02,0.031,0.0047,0.005,0.05,0,0,0.02,0,0.02,0,0,0,-74,40
0.12,0.4,1.39,0.019,0.014,0.01,0.02,0.005,0.0039,0.005,0.03,0.0005,0.005,0.02,0,0.02,0,0,0,-64,40
0.12,0.39,1.4,0.014,0.02,0.01,0.02,0.005,0.008,0.005,0.07,0.0005,0.005,0.02,0,0.02,0,0,0,-33,40
0.12,0.42,1.48,0.023,0.021,0.01,0.02,0.005,0.021,0.005,0.07,0.0005,0.005,0.02,0,0.02,0,0,0,-6,40
0.12,0.4,1.4,0.017,0.019,0.01,0.02,0.005,0.018,0.005,0.11,0.0005,0.005,0.02,0,0.02,0,0,0,-11,40
0.15,0.4,1.41,0.023,0.02,0.01,0.02,0.04,0.024,0.005,0.11,0.0005,0.005,0.02,0,0.02,0,0,0,-30,40
0.071,0.38,1.47,0.01,0.003,0,0,0.063,0.0045,0.01,0,0,0,0,0,0,0,0,0,-105,40
0.071,0.38,1.47,0.01,0.003,0,0,0.063,0.0045,0.01,0,0,0,0,0,0,0,0,0,-105,40
0.073,0.36,1.46,0.01,0.004,0,0.51,0.038,0.0057,0.01,0,0,0.013,0,0,0,0,0,0,-115,40
0.073,0.36,1.46,0.01,0.004,0,0.51,0.038,0.0057,0.01,0,0,0.013,0,0,0,0,0,0,-115,40
0.073,0.36,1.46,0.01,0.004,0,0.51,0.038,0.0057,0.01,0,0,0.013,0,0,0,0,0,0,-115,40
0.073,0.36,1.46,0.01,0.004,0,0.51,0.038,0.0057,0.01,0,0,0.013,0,0,0,0,0,0,-105,40
0.079,0.42,1.46,0.01,0.003,0,0,0.034,0.004,0.01,0,0,0.01,0,0,0,0,0,0,-120,40
0.079,0.42,1.46,0.01,0.003,0,0,0.034,0.004,0.01,0,0,0.01,0,0,0,0,0,0,-110,40
0.079,0.42,1.46,0.01,0.003,0,0,0.034,0.004,0.01,0,0,0.01,0,0,0,0,0,0,-105,40
0.067,0.21,1.44,0.002,0.0017,0,0.49,0.027,0.0013,0.014,0,0,0,0,0,0,0,0,0,-92,40
0.073,0.03,1.46,0.002,0.0016,0.005,0.005,0.027,0.0014,0.015,0.005,0,0,0.005,0,0,0,0,0,-96,40
0.073,0.03,1.46,0.002,0.0016,0.005,0.005,0.027,0.0014,0.015,0.005,0,0,0.005,0,0,0,0,0,-92,40
0.076,0.2,1.44,0.002,0.004,0,0.51,0.029,0.0013,0.015,0,0,0,0,0,0,0,0,0,-78,40
0.078,0.21,1.46,0.002,0.0018,0,0.5,0.03,0.0014,0.015,0,0,0,0,0,0,0,0,0,-82,40
0.08,0.21,1.45,0.002,0.0019,0,0.5,0.028,0.0012,0.015,0,0,0,0,0,0,0,0,0,-86,40
0.08,0.18,1.44,0.002,0.0018,0,0.52,0.026,0.0018,0.016,0,0,0,0,0,0,0,0,0,-81,40
0.081,0.03,1.46,0.008,0.006,0.005,0.02,0.027,0.0069,0.016,0.008,0,0,0.012,0,0,0,0,0,-62,40
0.081,0.03,1.46,0.008,0.006,0.005,0.016,0.027,0.0069,0.016,0.008,0,0,0.012,0,0,0,0,0,-95,40
0.083,0.21,1.46,0.002,0.0017,0,0.51,0.027,0.0016,0.016,0,0,0,0,0,0,0,0,0,-92,40
0.083,0.21,1.46,0.002,0.0017,0,0.51,0.027,0.0016,0.016,0,0,0,0,0,0,0,0,0,-85,40
0.084,0.22,1.45,0.002,0.0017,0,0.51,0.027,0.0014,0.016,0,0,0,0,0,0,0,0,0,-82,40
0.087,0.18,1.43,0.009,0.005,0,0.52,0.026,0.0077,0.016,0,0,0,0,0,0,0,0,0,-65,40
0.078,0.2,1.39,0.003,0.002,0,0.49,0.034,0.0025,0.017,0,0,0,0,0,0,0,0,0,-105,40
0.078,0.2,1.39,0.003,0.002,0,0.49,0.034,0.0025,0.017,0,0,0,0,0,0,0,0,0,-107,40
0.063,0.35,1.45,0.009,0.003,0,0.5,0.034,0.0052,0.021,0,0,0.012,0,0,0,0,0,0,-155,40
0.065,0.36,1.45,0.009,0.003,0,0.5,0.034,0.0038,0.021,0,0,0.012,0,0,0,0,0,0,-154,40
0.072,0.35,1.45,0.007,0.004,0,0.51,0.036,0.0036,0.022,0,0,0.012,0,0,0,0,0,0,-85,40
0.075,0.34,1.45,0.008,0.003,0,0.5,0.032,0.0049,0.022,0,0,0.011,0,0,0,0,0,0,-93,40
0.06,0.35,1.45,0.008,0.003,0,0.51,0.035,0.0037,0.023,0,0,0.011,0,0,0,0,0,0,-106,40
0.068,0.43,1.23,0.012,0.014,0.005,0.24,0.074,0.0092,0.03,0,0,0,0.52,0,0.35,0,0,0,-38,40
0.068,0.43,1.23,0.012,0.014,0.005,0.24,0.074,0.0092,0.03,0,0,0,0.52,0,0.35,0,0,0,-91,40
0.068,0.43,1.23,0.012,0.014,0.005,0.24,0.074,0.0092,0.03,0,0,0,0.52,0,0.35,0,0,0,-74,40
0.068,0.43,1.23,0.012,0.014,0.005,0.24,0.074,0.0092,0.03,0,0,0,0.52,0,0.35,0,0,0,-62,40
0.11,0.43,1.16,0.012,0.014,0.01,0.24,0.069,0.01,0.03,0,0,0,0.53,0,0.35,0,0,0,-52,40
0.11,0.43,1.16,0.012,0.014,0.01,0.24,0.069,0.01,0.03,0,0,0,0.53,0,0.35,0,0,0,-84,40
0.11,0.43,1.16,0.012,0.014,0.01,0.24,0.069,0.01,0.03,0,0,0,0.53,0,0.35,0,0,0,-84,40
0.11,0.43,1.16,0.012,0.014,0.01,0.24,0.069,0.01,0.03,0,0,0,0.53,0,0.35,0,0,0,-59,40
0.1,0.19,1.4,0.005,0.002,0.005,0.02,0.031,0.004,0.031,0.005,0,0,0.02,0,0.02,0,0,0,-66,40
0.14,0.42,1.15,0.012,0.014,0.01,0.24,0.071,0.0084,0.031,0,0,0,0.54,0,0.35,0,0,0,-58,40
0.14,0.42,1.15,0.012,0.014,0.01,0.24,0.071,0.0084,0.031,0,0,0,0.54,0,0.35,0,0,0,-92,40
0.14,0.42,1.15,0.012,0.014,0.01,0.24,0.071,0.0084,0.031,0,0,0,0.54,0,0.35,0,0,0,-9,40
0.14,0.42,1.15,0.012,0.014,0.01,0.24,0.071,0.0084,0.031,0,0,0,0.54,0,0.35,0,0,0,-60,40
0.079,0.25,1.36,0.008,0.003,0,0,0.03,0.0036,0.059,0,0,0,0,0,0,0,0,0,-80,50
0.03,0.16,1.49,0.013,0.001,0,0.16,0.024,0.005,0.086,0,0,0.011,0.27,0,0.25,0,0,0,-110,50
0.19,0.29,0.63,0.015,0.028,0,0,0.004,0.0061,0,0,0,0,0,0,0,0,0,0,-7,54
0.17,0.27,0.69,0.015,0.027,0,0,0.13,0.006,0,0,0,0,0,0,0,0,0,0,-28,54
0.2,0.03,0.68,0.019,0.022,0,0,0.008,0.005,0,0,0,0,0,0,0,0,0,0,5,54
0.2,0.04,0.61,0.012,0.027,0,0,0.126,0.0045,0,0,0,0,0,0,0,0,0,0,-18,54
0.1,0.35,1.34,0.007,0.012,0,0,0.04,0.004,0,0,0,0,0,0.02,0,0,0,0,-100,54
0.1,0.35,1.34,0.007,0.012,0,0,0.04,0.004,0,0,0,0,0,0.02,0,0,0,0,-55,54
0.1,0.35,1.34,0.007,0.012,0,0,0.04,0.004,0,0,0,0,0,0.02,0,0,0,0,-20,54
0.09,0.16,0.92,0.018,0.01,0,0,0.026,0.007,0,0.008,0,0.001,0,0,0,0,0,0,-58,54
0.09,0.16,0.92,0.018,0.01,0,0,0.026,0.007,0,0.008,0,0.001,0,0,0,0,0,0,-75,54
0.09,0.16,0.92,0.018,0.01,0,0,0.026,0.007,0,0.008,0,0.001,0,0,0,0,0,0,-100,54
0.09,0.16,0.92,0.018,0.01,0,0,0.026,0.007,0,0.008,0,0.001,0,0,0,0,0,0,-72,54
0.09,0.16,0.92,0.018,0.01,0,0,0.026,0.007,0,0.008,0,0.001,0,0,0,0,0,0,-70,54
0.09,0.16,0.92,0.018,0.01,0,0,0.026,0.007,0,0.008,0,0.001,0,0,0,0,0,0,-76,54
0.09,0.16,0.92,0.018,0.01,0,0,0.026,0.007,0,0.008,0,0.001,0,0,0,0,0,0,-47,54
0.09,0.16,0.92,0.018,0.01,0,0,0.026,0.007,0,0.008,0,0.001,0,0,0,0,0,0,-82,54
0.069,0.11,1.45,0.009,0.003,0,0.5,0.007,0.0058,0,0,0.0024,0.011,0,0,0,0,0,0,-93.5942715,54
0.08,0.11,1.44,0.01,0.004,0,0.51,0.006,0.0085,0,0,0.0025,0.012,0,0,0,0,0,0,-101.9423343,54
0.062,0.1,1.46,0.01,0.004,0,0.51,0,0.006,0,0,0.0025,0.01,0,0,0,0,0,0,-69.29173131,54
0.15,0.3,1.38,0.011,0.007,0,0,0.038,0.0051,0,0.05,0,0,0,0,0.25,0,0,0,-60.44222949,54
0.15,0.31,1.38,0.009,0.009,0,0,0.037,0.0053,0,0.05,0,0,0,0,0.02,0,0,0,-55.80374845,54
0.15,0.3,1.38,0.01,0.006,0,0,0.039,0.0045,0,0.06,0,0,0,0,0.02,0,0,0,-63.03354897,54
0.15,0.31,1.4,0.01,0.007,0,0,0.036,0.0054,0,0.06,0,0,0,0,0.02,0,0,0,-59.23868279,54
0.16,0.31,1.38,0.011,0.007,0,0,0.038,0.0056,0,0.05,0,0,0,0,0.02,0,0,0,-50.29669918,54
0.16,0.31,1.37,0.009,0.009,0,0,0.038,0.0049,0,0.05,0,0,0,0,0.02,0,0,0,-49.65669042,54
0.066,0.33,1.46,0.013,0.003,0.2,0,0.043,0.004,0,0.05,0,0,0,0,0,0,0,0,-63.60523061,54
0.062,0.3,1.45,0.013,0.004,0.2,0,0.039,0.0038,0,0,0,0,0.2,0,0,0,0,0,-58.71633064,54
0.068,0.1,1.43,0.009,0.002,0,0.5,0.005,0.0079,0,0,0.0023,0.1,0,0,0,0,0,0,-83.09763366,54
0.071,0.1,1.45,0.005,0.003,0,0.5,0,0.0046,0,0,0.0022,0.01,0,0,0,0,0,0,-94.40611592,54
0.063,0.1,1.43,0.007,0.003,0,0.51,0,0.0058,0,0,0.0025,0.01,0,0,0,0,0,0,-97.73852916,54
0.068,0.1,1.45,0.008,0.004,0,0.51,0,0.0047,0,0,0.0022,0.01,0,0,0,0,0,0,-87.40352792,54
0.071,0.1,1.45,0.007,0.004,0,0.51,0.006,0.0065,0,0,0.0022,0.01,0,0,0,0,0,0,-97.75897013,54
0.097,0.29,1.45,0.014,0.004,0,0.31,0.029,0.007,0,0.1,0,0.0005,0,0,0,0,0,0,-74.53632198,54
0.1,0.29,1.43,0.016,0.002,0,0.31,0.03,0.007,0,0.1,0,0.012,0,0,0,0,0,0,-73.26539445,54
0.087,0.3,1.45,0.013,0.003,0,0.89,0.028,0.007,0,0.08,0,0.001,0,0,0.3,0,0,0,-73.26539445,54
0.15,0.3,1.38,0.011,0.007,0,0,0.038,0.0051,0,0.05,0,0,0,0,0.25,0,0,0,-22,54
0.15,0.31,1.38,0.009,0.009,0,0,0.037,0.0053,0,0.05,0,0,0,0,0.02,0,0,0,-26,54
0.15,0.3,1.38,0.01,0.006,0,0,0.039,0.0045,0,0.06,0,0,0,0,0.02,0,0,0,-22,54
0.15,0.31,1.4,0.01,0.007,0,0,0.036,0.0054,0,0.06,0,0,0,0,0.02,0,0,0,-40,54
0.16,0.31,1.38,0.011,0.007,0,0,0.038,0.0056,0,0.05,0,0,0,0,0.02,0,0,0,-36,54
0.16,0.31,1.37,0.009,0.009,0,0,0.038,0.0049,0,0.05,0,0,0,0,0.02,0,0,0,-20,54
0.27,0.25,0.53,0.013,0.005,0.33,4.05,0.07,0.004,0,0,0,0,1.24,0,0,0,0,0,0,54
0.27,0.25,0.53,0.013,0.005,0.33,4.05,0.07,0.004,0,0,0,0,1.24,0,0,0,0,0,-15,54
0.22,0.35,1.13,0.013,0.011,0.002,0.025,0.043,0.005,0.001,0.002,0.0001,0.002,0.028,0,0.039,0,0,0,-57.21408404,54
0.15,0.26,1.08,0.008,0.008,0.001,0.018,0.039,0.006,0.001,0.003,0.0001,0.001,0.017,0,0.009,0,0,0,-83.84464721,54
0.17,0.29,0.82,0.015,0.014,0.003,0.021,0.003,0.003,0.001,0.002,0.0001,0,0.025,0,0.015,0,0,0,-41.17678528,54
0.18,0.38,1.18,0.015,0.011,0.002,0.02,0.003,0.004,0.001,0.003,0.0001,0.001,0.023,0,0.011,0,0,0,-22.87161111,54
0.15,0.21,0.86,0.013,0.015,0.002,0.021,0.002,0.004,0.001,0.003,0.0001,0.001,0.019,0,0.023,0,0,0,-57.87285592,54
0.15,0.27,0.81,0.014,0.014,0.002,0.021,0.002,0.006,0.001,0.002,0.0001,0.001,0.016,0,0.013,0,0,0,-38.6221819,54
0.17,0.36,1.16,0.019,0.008,0.004,0.022,0.002,0.003,0.001,0.002,0.0002,0.001,0.039,0,0.026,0,0,0,-38.45249187,54
0.14,0.22,0.82,0.014,0.017,0.002,0.021,0.002,0.004,0.001,0.002,0.0001,0.001,0.022,0,0.02,0,0,0,-30.22342544,54
0.13,0.22,0.83,0.024,0.011,0.002,0.019,0.001,0.004,0.001,0.002,0.0001,0.001,0.024,0,0.011,0,0,0,-36.0993433,54
0.13,0.22,0.81,0.016,0.018,0.004,0.019,0.004,0.003,0.001,0.002,0.0001,0.001,0.038,0,0.015,0,0,0,-27.6729613,54
0.14,0.22,1.03,0.008,0.015,0.003,0.022,0.032,0.004,0.001,0.002,0.0001,0.001,0.023,0,0.012,0,0,0,-5.274112778,54
0.16,0.2,1.06,0.013,0.012,0,0,0.04,0.004,0.001,0.009,0,0.001,0,0,0,0,0,0,-46,54
0.16,0.2,1.06,0.013,0.012,0,0,0.04,0.004,0.001,0.009,0,0.001,0,0,0,0,0,0,-54,54
0.16,0.2,1.06,0.013,0.012,0,0,0.04,0.004,0.001,0.009,0,0.001,0,0,0,0,0,0,-80,54
0.16,0.2,1.06,0.013,0.012,0,0,0.04,0.004,0.001,0.009,0,0.001,0,0,0,0,0,0,-52,54
0.16,0.2,1.06,0.013,0.012,0,0,0.04,0.004,0.001,0.009,0,0.001,0,0,0,0,0,0,-56,54
0.16,0.2,1.06,0.013,0.012,0,0,0.04,0.004,0.001,0.009,0,0.001,0,0,0,0,0,0,-72,54
0.16,0.2,1.06,0.013,0.012,0,0,0.04,0.004,0.001,0.009,0,0.001,0,0,0,0,0,0,-55,54
0.16,0.2,1.06,0.013,0.012,0,0,0.04,0.004,0.001,0.009,0,0.001,0,0,0,0,0,0,-73,54
0.07,0.07,0.41,0.014,0.01,0,0,0.056,0.005,0.0025,0.018,0,0.001,0,0,0,0,0,0,-8,54
0.07,0.07,0.41,0.014,0.01,0,0,0.056,0.005,0.0025,0.018,0,0.001,0,0,0,0,0,0,-13,54
0.07,0.07,0.41,0.014,0.01,0,0,0.056,0.005,0.0025,0.018,0,0.001,0,0,0,0,0,0,-50,54
0.07,0.07,0.41,0.014,0.01,0,0,0.056,0.005,0.0025,0.018,0,0.001,0,0,0,0,0,0,-28,54
0.07,0.07,0.41,0.014,0.01,0,0,0.056,0.005,0.0025,0.018,0,0.001,0,0,0,0,0,0,-33,54
0.07,0.07,0.41,0.014,0.01,0,0,0.056,0.005,0.0025,0.018,0,0.001,0,0,0,0,0,0,-55,54
0.07,0.07,0.41,0.014,0.01,0,0,0.056,0.005,0.0025,0.018,0,0.001,0,0,0,0,0,0,-8,54
0.07,0.07,0.41,0.014,0.01,0,0,0.056,0.005,0.0025,0.018,0,0.001,0,0,0,0,0,0,-29,54
0.07,0.1,1.4,0.008,0.005,0,0,0.018,0.006,0.003,0.003,0,0.003,0,0,0,0,0,0,-96,54
0.07,0.1,1.4,0.008,0.005,0,0,0.018,0.006,0.003,0.003,0,0.003,0,0,0,0,0,0,-97,54
0.07,0.1,1.4,0.008,0.005,0,0,0.018,0.006,0.003,0.003,0,0.003,0,0,0,0,0,0,-108,54
0.07,0.1,1.4,0.008,0.005,0,0,0.018,0.006,0.003,0.003,0,0.003,0,0,0,0,0,0,-88,54
0.07,0.1,1.4,0.008,0.005,0,0,0.018,0.006,0.003,0.003,0,0.003,0,0,0,0,0,0,-53,54
0.07,0.1,1.4,0.008,0.005,0,0,0.018,0.006,0.003,0.003,0,0.003,0,0,0,0,0,0,-105,54
0.07,0.1,1.4,0.008,0.005,0,0,0.018,0.006,0.003,0.003,0,0.003,0,0,0,0,0,0,-91,54
0.07,0.1,1.4,0.008,0.005,0,0,0.018,0.006,0.003,0.003,0,0.003,0,0,0,0,0,0,-97,54
0.1,0.25,1.41,0.011,0.003,0,0.02,0.032,0.0055,0.005,0.029,0,0,0,0,0.02,0,0,0,-68.94633146,54
0.1,0.26,1.45,0.011,0.003,0,0.016,0.025,0.0052,0.005,0.054,0,0,0,0,0.02,0,0,0,-71.42026565,54
0.14,0.26,1.43,0.011,0.003,0,0.02,0.029,0.005,0.005,0.05,0,0,0,0,0.02,0,0,0,-60.29072984,54
0.11,0.26,1.4,0.009,0.003,0,0.02,0.03,0.009,0.005,0.028,0,0,0,0,0.02,0,0,0,-84.17939627,54
0.16,0.26,1.45,0.011,0.003,0.005,0.02,0.04,0.0051,0.005,0.026,0,0,0.02,0,0.02,0,0,0,-36.65149782,54
0.16,0.26,1.45,0.011,0.003,0.005,0.02,0.038,0.0056,0.005,0.043,0,0,0.02,0,0.02,0,0,0,-59.52052011,54
0.15,0.29,1.47,0.013,0.003,0.005,0.02,0.038,0.012,0.005,0.027,0,0,0.02,0,0.02,0,0,0,-39.02733705,54
0.14,0.27,1.46,0.012,0.003,0.005,0.02,0.038,0.014,0.005,0.047,0,0,0.02,0,0,0,0,0,-61.85405357,54
0.06,0.39,1.58,0.018,0.015,0.01,0.02,0.005,0.007,0.005,0.11,0.0005,0.005,0.02,0,0.02,0,0,0,-67,54
0.08,0.4,1.4,0.014,0.016,0.01,0.02,0.005,0.018,0.005,0.11,0.0005,0.005,0.02,0,0.02,0,0,0,-22,54
0.084,0.21,1.42,0.005,0.002,0.005,0.02,0.031,0.0047,0.005,0.05,0,0,0.02,0,0.02,0,0,0,-72,54
0.1,0.25,1.41,0.011,0.003,0,0.02,0.032,0.0055,0.005,0.029,0,0,0,0,0.02,0,0,0,-90,54
0.1,0.26,1.45,0.011,0.003,0,0.016,0.025,0.0052,0.005,0.054,0,0,0,0,0.02,0,0,0,-90,54
0.11,0.26,1.4,0.009,0.003,0,0.02,0.03,0.009,0.005,0.028,0,0,0,0,0.02,0,0,0,-95,54
0.12,0.4,1.39,0.019,0.014,0.01,0.02,0.005,0.0039,0.005,0.03,0.0005,0.005,0.02,0,0.02,0,0,0,-55,54
0.12,0.39,1.4,0.014,0.02,0.01,0.02,0.005,0.008,0.005,0.07,0.0005,0.005,0.02,0,0.02,0,0,0,-27,54
0.12,0.42,1.48,0.023,0.021,0.01,0.02,0.005,0.021,0.005,0.07,0.0005,0.005,0.02,0,0.02,0,0,0,3,54
0.12,0.4,1.4,0.017,0.019,0.01,0.02,0.005,0.018,0.005,0.11,0.0005,0.005,0.02,0,0.02,0,0,0,4,54
0.14,0.26,1.43,0.011,0.003,0,0.02,0.029,0.005,0.005,0.05,0,0,0,0,0.02,0,0,0,-75,54
0.14,0.27,1.46,0.012,0.003,0.005,0.02,0.038,0.014,0.005,0.047,0,0,0.02,0,0.02,0,0,0,-62,54
0.15,0.29,1.47,0.013,0.003,0.005,0.02,0.038,0.012,0.005,0.027,0,0,0.02,0,0.02,0,0,0,-40,54
0.15,0.4,1.41,0.023,0.02,0.01,0.02,0.04,0.024,0.005,0.11,0.0005,0.005,0.02,0,0.02,0,0,0,-11,54
0.16,0.26,1.45,0.011,0.003,0.005,0.02,0.04,0.0051,0.005,0.026,0,0,0.02,0,0.02,0,0,0,-58,54
0.16,0.26,1.45,0.011,0.003,0.005,0.02,0.038,0.0056,0.005,0.043,0,0,0.02,0,0.02,0,0,0,-72,54
0.067,0.21,1.44,0.002,0.0017,0,0.49,0.027,0.0013,0.01,0,0,0,0,0,0,0,0,0,-94.78573998,54
0.067,0.21,1.44,0.002,0.0017,0,0.49,0.027,0.0013,0.01,0,0,0,0,0,0,0,0,0,-90,54
0.07,0.35,1.47,0.01,0.004,0,0.51,0.038,0.0058,0.011,0,0,0.013,0,0,0,0,0,0,-106.3725148,54
0.074,0.21,1.44,0.017,0.0017,0,0.52,0.032,0.0015,0.014,0,0,0,0,0,0,0,0,0,-83.38027678,54
0.067,0.21,1.44,0.002,0.0017,0,0.49,0.027,0.0013,0.014,0,0,0,0,0,0,0,0,0,-91.57147848,54
0.061,0.21,1.45,0.007,0.0017,0,0.52,0.032,0.0021,0.014,0,0,0,0,0,0,0,0,0,-88.5800357,54
0.067,0.21,1.44,0.002,0.0017,0,0.49,0.027,0.0013,0.014,0,0,0,0,0,0,0,0,0,-90,54
0.08,0.21,1.45,0.002,0.0019,0,0.5,0.028,0.0012,0.015,0,0,0,0,0,0,0,0,0,-85.76971615,54
0.078,0.21,1.46,0.002,0.0018,0,0.5,0.03,0.0014,0.015,0,0,0,0,0,0,0,0,0,-89.13226776,54
0.076,0.2,1.44,0.002,0.004,0,0.51,0.029,0.0013,0.015,0,0,0,0,0,0,0,0,0,-88.5800357,54
0.078,0.21,1.46,0.002,0.0018,0,0.5,0.03,0.0014,0.015,0,0,0,0,0,0,0,0,0,-92.01298192,54
0.073,0.03,1.46,0.002,0.0016,0.005,0.005,0.027,0.0014,0.015,0.005,0,0,0.005,0,0,0,0,0,-96,54
0.073,0.03,1.46,0.002,0.0016,0.005,0.005,0.027,0.0014,0.015,0.005,0,0,0.005,0,0,0,0,0,-92,54
0.076,0.2,1.44,0.002,0.004,0,0.51,0.029,0.0013,0.015,0,0,0,0,0,0,0,0,0,-76,54
0.078,0.21,1.46,0.002,0.0018,0,0.5,0.03,0.0014,0.015,0,0,0,0,0,0,0,0,0,-79,54
0.078,0.21,1.46,0.002,0.0018,0,0.5,0.03,0.0014,0.015,0,0,0,0,0,0,0,0,0,-80,54
0.08,0.21,1.45,0.002,0.0019,0,0.5,0.028,0.0012,0.015,0,0,0,0,0,0,0,0,0,-81,54
0.087,0.18,1.43,0.009,0.005,0,0.52,0.026,0.0077,0.016,0,0,0,0,0,0,0,0,0,-79.80512657,54
0.08,0.18,1.44,0.002,0.0018,0,0.52,0.026,0.0018,0.016,0,0,0,0,0,0,0,0,0,-82.23302504,54
0.084,0.22,1.45,0.002,0.0017,0,0.51,0.027,0.0014,0.016,0,0,0,0,0,0,0,0,0,-85.00377619,54
0.08,0.18,1.44,0.002,0.0018,0,0.52,0.026,0.0018,0.016,0,0,0,0,0,0,0,0,0,-79,54
0.081,0.03,1.46,0.008,0.006,0.005,0.02,0.027,0.0069,0.016,0.008,0,0,0.012,0,0,0,0,0,-56,54
0.081,0.03,1.46,0.008,0.006,0.005,0.016,0.027,0.0069,0.016,0.008,0,0,0.012,0,0,0,0,0,-88,54
0.083,0.21,1.46,0.002,0.0017,0,0.51,0.027,0.0016,0.016,0,0,0,0,0,0,0,0,0,-90,54
0.083,0.21,1.46,0.002,0.0017,0,0.51,0.027,0.0016,0.016,0,0,0,0,0,0,0,0,0,-83,54
0.084,0.22,1.45,0.002,0.0017,0,0.51,0.027,0.0014,0.016,0,0,0,0,0,0,0,0,0,-79,54
0.087,0.18,1.43,0.009,0.005,0,0.52,0.026,0.0077,0.016,0,0,0,0,0,0,0,0,0,-55,54
0.08,0.2,1.39,0.003,0.0015,0,0.49,0.034,0.0025,0.017,0,0,0,0,0,0,0,0,0,-108.6246611,54
0.08,0.2,1.39,0.003,0.0015,0,0.49,0.034,0.0025,0.017,0,0,0,0,0,0,0,0,0,-108,54
0.083,0.22,1.47,0.003,0.006,0,0.5,0.03,0.0045,0.018,0,0,0,0,0,0,0,0,0,-81.05166973,54
0.092,0.22,1.45,0.017,0.005,0,0.5,0.03,0.0042,0.018,0,0,0,0,0,0,0,0,0,-84.59780638,54
0.081,0.21,1.45,0.009,0.006,0,0.51,0.03,0.0044,0.018,0,0,0,0,0,0,0,0,0,-96.84564467,54
0.16,0.35,1.07,0.014,0.002,0.002,0.018,0.038,0.007,0.019,0.002,0.0002,0.001,0.014,0,0.013,0,0,0,-24.14898316,54
0.091,0.21,1.43,0.016,0.004,0,0.52,0.037,0.0064,0.019,0,0,0,0,0,0,0,0,0,-92.2259848,54
0.091,0.21,1.43,0.016,0.004,0,0.52,0.037,0.0064,0.019,0,0,0,0,0,0,0,0,0,-58,54
0.072,0.11,1.45,0.009,0.005,0.15,0.49,0,0.0084,0.02,0,0.0042,0.01,0,0,0,0,0,0,-54.91658858,54
0.066,0.37,1.44,0.009,0.004,0,0.51,0.068,0.0049,0.02,0,0,0.013,0,0,0,0,0,0,-123.2542675,54
0.069,0.11,1.46,0.009,0.003,0,0.51,0.007,0.006,0.02,0,0.0023,0.011,0,0,0,0,0,0,-107.9182447,54
0.078,0.08,1.45,0.009,0.003,0.14,0.5,0.006,0.0071,0.02,0,0.0025,0.011,0,0,0,0,0,0,-83.57481219,54
0.084,0.22,1.45,0.002,0.0017,0,0.51,0.027,0.0014,0.02,0,0,0,0,0,0,0,0,0,-86.03255298,54
0.083,0.21,1.46,0.002,0.0017,0,0.51,0.027,0.0016,0.02,0,0,0,0,0,0,0,0,0,-82.94183847,54
0.08,0.21,1.45,0.002,0.0019,0,0.5,0.028,0.0012,0.02,0,0,0,0,0,0,0,0,0,-85.88294552,54
0.065,0.31,1.43,0.009,0.005,0,0.5,0.039,0.002,0.02,0,0,0,0,0,0,0,0,0,-110.7827184,54
0.065,0.31,1.43,0.009,0.005,0,0.5,0.039,0.002,0.02,0,0,0,0,0,0,0,0,0,-70,54
0.08,0.21,1.45,0.002,0.0019,0,0.5,0.028,0.0012,0.02,0,0,0,0,0,0,0,0,0,-85,54
0.083,0.21,1.46,0.002,0.0017,0,0.51,0.027,0.0016,0.02,0,0,0,0,0,0,0,0,0,-90,54
0.084,0.22,1.45,0.002,0.0017,0,0.51,0.027,0.0014,0.02,0,0,0,0,0,0,0,0,0,-80,54
0.14,0.4,1.36,0.013,0.008,0.002,0.019,0.027,0.004,0.021,0.004,0.0001,0.019,0.024,0,0.01,0,0,0,-112.7683208,54
0.074,0.38,1.47,0.01,0.003,0,0.51,0.038,0.0061,0.021,0,0,0.012,0,0,0,0,0,0,-141.0853112,54
0.075,0.11,1.49,0.01,0.003,0,0.51,0.034,0.0051,0.021,0,0,0.013,0,0,0,0,0,0,-94.27210407,54
0.077,0.37,1.45,0.009,0.004,0,0.5,0.042,0.0031,0.021,0,0,0.013,0,0,0,0,0,0,-115.8115114,54
0.07,0.11,1.45,0.01,0.004,0,0.5,0.064,0.0037,0.021,0,0,0.013,0,0,0,0,0,0,-119.0294556,54
0.07,0.36,1.47,0.01,0.004,0,0.51,0.038,0.0058,0.021,0,0,0.014,0,0,0,0,0,0,-124.3006037,54
0.094,0.2,1.41,0.003,0.004,0,0.51,0.041,0.0058,0.021,0,0,0,0,0,0,0,0,0,-99.51396858,54
0.076,0.31,1.44,0.011,0.006,0,0.02,0.042,0.0047,0.021,0,0,0.01,0,0,0,0,0,0,-88.65147976,54
0.08,0.3,1.4,0.011,0.005,0,0.02,0.036,0.0088,0.021,0,0,0.01,0,0,0,0,0,0,-87.55218093,54
0.075,0.3,1.44,0.01,0.004,0,0.02,0.041,0.0006,0.021,0,0,0.009,0,0,0,0,0,0,-98.49921108,54
0.078,0.3,1.45,0.01,0.006,0,0.02,0.039,0.0024,0.021,0,0,0.009,0,0,0,0,0,0,-104.8061783,54
0.077,0.32,1.45,0.01,0.006,0,0.5,0.037,0.0006,0.021,0,0,0,0,0,0,0,0,0,-99.95735546,54
0.071,0.31,1.54,0.01,0.006,0,0.5,0.036,0.004,0.021,0,0,0,0,0,0,0,0,0,-80.6854431,54
0.078,0.34,1.44,0.01,0.006,0,0.5,0.035,0.0088,0.021,0,0,0,0,0,0,0,0,0,-89.89913727,54
0.085,0.21,1.44,0.012,0.005,0,0.51,0.035,0.0059,0.021,0,0,0,0,0,0,0,0,0,-86.67006541,54
0.085,0.22,1.45,0.005,0.005,0,0.52,0.029,0.0054,0.021,0,0,0,0,0,0,0,0,0,-102.4223944,54
0.091,0.2,1.44,0.007,0.006,0,0.52,0.033,0.0062,0.021,0,0,0,0,0,0,0,0,0,-107.5831484,54
0.076,0.2,1.42,0.003,0.003,0,0.52,0.036,0.0062,0.021,0,0,0,0,0,0,0,0,0,-113.5995737,54
0.071,0.35,1.44,0.008,0.003,0,0.5,0.032,0.004,0.021,0,0,0.012,0,0,0,0,0,0,-119.0183334,54
0.083,0.35,1.44,0.007,0.003,0,0.5,0.032,0.0076,0.021,0,0,0.01,0,0,0,0,0,0,-105.4539336,54
0.071,0.31,1.54,0.01,0.006,0,0.5,0.036,0.004,0.021,0,0,0,0,0,0,0,0,0,-61,54
0.075,0.3,1.44,0.01,0.004,0,0.02,0.041,0.0006,0.021,0,0,0.009,0,0,0,0,0,0,-94,54
0.076,0.31,1.44,0.011,0.006,0,0.02,0.042,0.0047,0.021,0,0,0.01,0,0,0,0,0,0,-76,54
0.076,0.2,1.42,0.003,0.003,0,0.52,0.036,0.0062,0.021,0,0,0,0,0,0,0,0,0,-97,54
0.077,0.32,1.45,0.01,0.006,0,0.5,0.037,0.0006,0.021,0,0,0,0,0,0,0,0,0,-70,54
0.078,0.3,1.45,0.01,0.006,0,0.02,0.039,0.0024,0.021,0,0,0.009,0,0,0,0,0,0,-76,54
0.078,0.34,1.44,0.01,0.006,0,0.5,0.035,0.0088,0.021,0,0,0,0,0,0,0,0,0,-57,54
0.08,0.3,1.4,0.011,0.005,0,0.02,0.036,0.0088,0.021,0,0,0.01,0,0,0,0,0,0,-74,54
0.085,0.21,1.44,0.012,0.005,0,0.51,0.035,0.0059,0.021,0,0,0,0,0,0,0,0,0,-72,54
0.085,0.22,1.45,0.005,0.005,0,0.52,0.029,0.0054,0.021,0,0,0,0,0,0,0,0,0,-82,54
0.091,0.2,1.44,0.007,0.006,0,0.52,0.033,0.0062,0.021,0,0,0,0,0,0,0,0,0,-78,54
0.094,0.2,1.41,0.003,0.004,0,0.51,0.041,0.0058,0.021,0,0,0,0,0,0,0,0,0,-82,54
0.12,0.41,1.41,0.012,0.009,0.002,0.019,0.039,0.004,0.022,0.003,0.0002,0.018,0.019,0,0.012,0,0,0,-74.13838633,54
0.1,0.21,1.48,0.016,0.007,0,0.51,0.033,0.0078,0.022,0,0,0,0,0,0,0,0,0,-71.4922912,54
0.095,0.21,1.48,0.027,0.006,0,0.52,0.036,0.0063,0.022,0,0,0,0,0,0,0,0,0,-82.74696567,54
0.077,0.32,1.44,0.013,0.003,0,0,0.034,0.0042,0.022,0.05,0,0,0,0,0.15,0,0,0,-70.12420942,54
0.061,0.35,1.45,0.008,0.003,0,0.5,0.035,0.0038,0.022,0,0,0.011,0,0,0,0,0,0,-129.6847195,54
0.071,0.35,1.45,0.008,0.003,0,0.51,0.036,0.0055,0.022,0,0,0.011,0,0,0,0,0,0,-123.4866317,54
0.095,0.21,1.48,0.027,0.006,0,0.52,0.036,0.0063,0.022,0,0,0,0,0,0,0,0,0,-48,54
0.1,0.21,1.48,0.016,0.007,0,0.51,0.033,0.0078,0.022,0,0,0,0,0,0,0,0,0,-54,54
0.061,0.29,1.45,0.013,0.003,0,0.16,0.037,0.0047,0.023,0.05,0,0,0,0,0.15,0,0,0,-73.6303663,54
0.067,0.29,1.45,0.01,0.003,0,0.16,0.04,0.0034,0.023,0.05,0,0,0,0,0,0,0,0,-75.77909991,54
0.073,0.31,1.43,0.013,0.003,0.2,0,0.038,0.0053,0.023,0,0,0,0,0,0,0,0,0,-64.06940872,54
0.081,0.32,1.37,0.012,0.003,0,0,0.039,0.0047,0.025,0,0,0,0,0,0.02,0,0,0,-96.85668221,54
0.097,0.33,1.38,0.01,0.003,0,0,0.039,0.0047,0.025,0,0,0,0,0,0.02,0,0,0,-96.55816968,54
0.08,0.3,1.4,0.01,0.005,0,0,0.04,0.0048,0.025,0,0,0,0,0,0.02,0,0,0,-105.8771651,54
0.092,0.29,1.41,0.015,0.004,0.21,0.3,0.029,0.009,0.025,0.05,0,0.0005,0,0,0,0,0,0,-53.56299591,54
0.08,0.3,1.4,0.01,0.005,0,0,0.04,0.0048,0.025,0,0,0,0,0,0.02,0,0,0,-86,54
0.081,0.32,1.37,0.012,0.003,0,0,0.039,0.0047,0.025,0,0,0,0,0,0.02,0,0,0,-92,54
0.097,0.33,1.38,0.01,0.003,0,0,0.039,0.0047,0.025,0,0,0,0,0,0.02,0,0,0,-86,54
0.15,0.4,1.37,0.02,0.007,0.002,0.02,0.033,0.004,0.026,0.002,0.0002,0.002,0.02,0,0.017,0,0,0,-71.14020613,54
0.09,0.33,1.39,0.011,0.002,0,0,0.04,0.0049,0.026,0,0,0,0,0,0.02,0,0,0,-65.81951458,54
0.092,0.31,1.39,0.011,0.002,0,0,0.04,0.0036,0.026,0,0,0,0,0,0.02,0,0,0,-90.61496753,54
0.1,0.3,1.46,0.014,0.003,0,0.7,0.026,0.005,0.026,0.05,0,0.001,0,0,0.3,0,0,0,-56.68039834,54
0.1,0.3,1.46,0.015,0.003,0,0.31,0.031,0.006,0.026,0.05,0,0.0005,0,0,0,0,0,0,-80.50524121,54
0.097,0.3,1.45,0.014,0.004,0,0.42,0.03,0.007,0.026,0.05,0,0.0005,0,0,0.31,0,0,0,-80.4412834,54
0.079,0.29,1.59,0.014,0.004,0,0.41,0.028,0.006,0.026,0.05,0,0.0005,0,0,0,0,0,0,-86.17723763,54
0.1,0.31,1.46,0.015,0.002,0.08,0.31,0.025,0.005,0.026,0.05,0,0.0005,0,0,0,0,0,0,-53.10423625,54
0.09,0.33,1.39,0.011,0.002,0,0,0.04,0.0049,0.026,0,0,0,0,0,0.02,0,0,0,-60,54
0.092,0.31,1.39,0.011,0.002,0,0,0.04,0.0036,0.026,0,0,0,0,0,0.02,0,0,0,-84,54
0.15,0.38,1.41,0.013,0.013,0.002,0.023,0.041,0.005,0.027,0.002,0.0003,0.002,0.023,0,0.013,0,0,0,-97.61601076,54
0.09,0.3,1.39,0.011,0.002,0,0,0.041,0.0061,0.027,0,0,0,0,0,0.02,0,0,0,-78.65892919,54
0.097,0.31,1.39,0.01,0.002,0,0,0.04,0.0054,0.027,0,0,0,0,0,0.26,0,0,0,-96.69178323,54
0.073,0.29,1.45,0.014,0.004,0,0.41,0.028,0.01,0.027,0.05,0,0.0005,0,0,0,0,0,0,-85.98764736,54
0.09,0.3,1.39,0.011,0.002,0,0,0.041,0.0061,0.027,0,0,0,0,0,0.02,0,0,0,-73,54
0.097,0.31,1.39,0.01,0.002,0,0,0.04,0.0054,0.027,0,0,0,0,0,0.26,0,0,0,-64,54
0.084,0.3,1.46,0.014,0.003,0,0.91,0.029,0.005,0.029,0,0,0.0005,0,0,0.3,0,0,0,-56.67186203,54
0.15,0.26,1.45,0.012,0.003,0.005,0.02,0.038,0.0059,0.03,0.005,0,0,0.02,0,0.02,0,0,0,-28.47179132,54
0.091,0.3,1.42,0.013,0.003,0,0.89,0.026,0.006,0.03,0,0,0.002,0,0,0.3,0,0,0,-69.39440814,54
0.068,0.43,1.23,0.012,0.014,0.005,0.24,0.074,0.0092,0.03,0,0,0,0.52,0,0.35,0,0,0,-32,54
0.068,0.43,1.23,0.012,0.014,0.005,0.24,0.074,0.0092,0.03,0,0,0,0.52,0,0.35,0,0,0,-88,54
0.068,0.43,1.23,0.012,0.014,0.005,0.24,0.074,0.0092,0.03,0,0,0,0.52,0,0.35,0,0,0,-66,54
0.068,0.43,1.23,0.012,0.014,0.005,0.24,0.074,0.0092,0.03,0,0,0,0.52,0,0.35,0,0,0,-56,54
0.11,0.43,1.16,0.012,0.014,0.01,0.24,0.069,0.01,0.03,0,0,0,0.53,0,0.35,0,0,0,-40,54
0.11,0.43,1.16,0.012,0.014,0.01,0.24,0.069,0.01,0.03,0,0,0,0.53,0,0.35,0,0,0,-82,54
0.11,0.43,1.16,0.012,0.014,0.01,0.24,0.069,0.01,0.03,0,0,0,0.53,0,0.35,0,0,0,-78,54
0.11,0.43,1.16,0.012,0.014,0.01,0.24,0.069,0.01,0.03,0,0,0,0.53,0,0.35,0,0,0,-56,54
0.15,0.26,1.45,0.012,0.003,0.005,0.02,0.038,0.0059,0.03,0.005,0,0,0.02,0,0.02,0,0,0,-25,54
0.1,0.36,1.36,0.011,0.003,0.002,0.019,0.036,0.004,0.031,0.002,0.0001,0.002,0.017,0,0.01,0,0,0,-85.60217917,54
0.1,0.27,1.45,0.011,0.004,0,0.016,0.025,0.0058,0.031,0.005,0,0,0,0,0.02,0,0,0,-84.66825784,54
0.094,0.28,1.37,0.015,0.003,0,0.85,0.028,0.004,0.031,0,0,0.011,0,0,0.28,0,0,0,-104.017756,54
0.098,0.45,1.56,0.014,0.002,0,0.31,0.031,0.008,0.031,0.09,0,0.011,0,0,0.3,0,0,0,-75.91311943,54
0.1,0.27,1.45,0.011,0.004,0,0.016,0.025,0.0058,0.031,0.005,0,0,0,0,0.02,0,0,0,-80,54
0.1,0.19,1.4,0.005,0.002,0.005,0.02,0.031,0.004,0.031,0.005,0,0,0.02,0,0.02,0,0,0,-64,54
0.14,0.42,1.15,0.012,0.014,0.01,0.24,0.071,0.0084,0.031,0,0,0,0.54,0,0.35,0,0,0,-53,54
0.14,0.42,1.15,0.012,0.014,0.01,0.24,0.071,0.0084,0.031,0,0,0,0.54,0,0.35,0,0,0,-87,54
0.14,0.42,1.15,0.012,0.014,0.01,0.24,0.071,0.0084,0.031,0,0,0,0.54,0,0.35,0,0,0,5,54
0.14,0.42,1.15,0.012,0.014,0.01,0.24,0.071,0.0084,0.031,0,0,0,0.54,0,0.35,0,0,0,-50,54
0.14,0.25,1.44,0.011,0.003,0,0.016,0.027,0.0049,0.032,0.005,0,0,0,0,0.02,0,0,0,-63.77076866,54
0.11,0.29,1.41,0.015,0.003,0,0.3,0.027,0.005,0.032,0.05,0,0.011,0,0,0,0,0,0,-87.50756355,54
0.099,0.45,1.56,0.016,0.002,0,0.31,0.03,0.007,0.032,0.09,0,0,0,0,0.3,0,0,0,-32.50824194,54
0.12,0.27,1.41,0.014,0.002,0,0.31,0.028,0.008,0.032,0.09,0,0.012,0,0,0,0,0,0,-68.51670481,54
0.14,0.25,1.44,0.011,0.003,0,0.016,0.027,0.0049,0.032,0.005,0,0,0,0,0.02,0,0,0,-85,54
0.18,0.49,1.58,0.012,0.002,0.005,0.02,0.06,0.0057,0.032,0,0,0,0.02,0,0.02,0,0,0,-36,54
0.18,0.47,1.57,0.013,0.002,0.005,0.02,0.071,0.0059,0.032,0,0,0,0.02,0,0.02,0,0,0,-30,54
0.16,0.36,1.16,0.014,0.01,0.002,0.02,0.032,0.008,0.042,0.002,0.0001,0.002,0.23,0,0.016,0,0,0,-75.30893347,54
0.076,0.3,1.47,0.014,0.004,0,0.42,0.03,0.006,0.045,0.05,0,0.0005,0,0,0,0,0,0,-93.639376,54
0.089,0.31,1.42,0.016,0.006,0,0.33,0.043,0.007,0.045,0.05,0,0.0005,0,0,0,0,0,0,-60.13941718,54
0.16,0.47,1.45,0.015,0.007,0.001,0.02,0.041,0.008,0.046,0.003,0.0002,0.011,0.017,0,0.012,0,0,0,-110.8863774,54
0.086,0.3,1.46,0.014,0.002,0,0.42,0.028,0.009,0.046,0.09,0,0,0,0,0,0,0,0,-79.22334831,54
0.081,0.41,1.41,0.015,0.002,0,0.5,0.034,0.005,0.016,0,0,0.022,0,0,0,0,0,0,-29,55
0.081,0.41,1.41,0.015,0.002,0,0.5,0.034,0.005,0.016,0,0,0.022,0,0,0,0,0,0,-92,55
0.081,0.41,1.41,0.015,0.002,0,0.5,0.034,0.005,0.016,0,0,0.022,0,0,0,0,0,0,-68,55
0.081,0.41,1.41,0.015,0.002,0,0.5,0.034,0.005,0.016,0,0,0.022,0,0,0,0,0,0,-90,55
0.1,0.44,1.42,0.015,0.004,0,0.5,0.033,0.0049,0.017,0,0,0.003,0,0,0,0,0,0,-63,55
0.097,0.43,1.43,0.015,0.001,0,0.5,0.036,0.0049,0.017,0,0,0.01,0,0,0,0,0,0,-34,55
0.097,0.43,1.43,0.015,0.001,0,0.5,0.036,0.0049,0.017,0,0,0.01,0,0,0,0,0,0,-101,55
0.1,0.44,1.42,0.015,0.004,0,0.5,0.033,0.0049,0.017,0,0,0.003,0,0,0,0,0,0,-100,55
0.097,0.43,1.43,0.015,0.001,0,0.5,0.036,0.0049,0.017,0,0,0.01,0,0,0,0,0,0,-58,55
0.097,0.43,1.43,0.015,0.001,0,0.5,0.036,0.0049,0.017,0,0,0.01,0,0,0,0,0,0,-98,55
0.105,0.36,1.45,0.012,0.0071,0.0025,0.019,0.028,0.0039,0.022,0.0025,0,0.015,0.032,0,0.01,0.00025,0,0,39,80
0.099,0.34,1.46,0.011,0.0081,0.0025,0.019,0.031,0.005,0.022,0.0025,0,0.018,0.024,0,0.01,0.00025,0,0,64,80
0.079,0.37,1.36,0.011,0.0032,0.005,0.03,0.033,0.00565,0.027,0.0025,0,0.012,0.04,0,0.12,0.0019,0,0,6,80
0.115,0.35,1.47,0.016,0.0066,0.0025,0.021,0.028,0.005,0.027,0.0025,0,0.023,0.027,0,0.01,0.00025,0,0,75,80
0.078,0.38,1.4,0.012,0.0034,0.005,0.05,0.037,0.0054,0.028,0.0025,0,0.017,0.05,0,0.08,0.0011,0,0,10,80
0.071,0.35,1.55,0.012,0.0004,0.0025,0.01,0.042,0.004,0.03,0.045,0,0.018,0.01,0,0.01,0.0011,0,0,15,80
0.063,0.12,1.42,0.009,0.0006,0.0025,0.27,0.027,0.0036,0.031,0.038,0,0.013,0.12,0,0.29,0.0018,0,0,-17,80
0.1,0.39,1.4,0.018,0.005,0.005,0.25,0.036,0.0049,0.032,0.0025,0,0.008,0.03,0,0.02,0.00025,0,0,-10,80
0.085,0.33,1.47,0.014,0.0006,0.005,0.04,0.047,0.0035,0.035,0.0025,0,0.019,0.03,0,0.07,0.0017,0,0,25,80
0.072,0.33,1.55,0.013,0.0006,0.008,0.24,0.038,0.0033,0.036,0.073,0,0.002,0.027,0,0.022,0.0016,0,0,-25,80
0.05,0.23,1.2,0.01,0.002,0.015,0.15,0.049,0.0046,0.037,0.075,0,0.01,0.03,0,0.02,0,0,0,-35,80
0.043,0.21,1.3,0.008,0.0003,0.098,0.28,0.029,0.0036,0.039,0.059,0,0.008,0.02,0,0.28,0.0016,0,0,-22,80
0.049,0.26,1.31,0.009,0.002,0.01,0.14,0.041,0.004,0.039,0.052,0,0.001,0.02,0,0.01,0.0008,0,0,-15,80
0.069,0.34,1.56,0.014,0.001,0.002,0.02,0.031,0.005,0.04,0.05,0,0.011,0.01,0,0.01,0,0,0,35,80
0.043,0.32,1.31,0.006,0.001,0.06,0.24,0.03,0.0043,0.04,0.0025,0,0.019,0.02,0,0.16,0.00025,0,0,-26,80
0.079,0.33,1.63,0.01,0.001,0.006,0.03,0.039,0.0058,0.041,0.07,0,0.002,0.02,0,0.01,0,0,0,0,80
0.064,0.32,1.51,0.007,0.001,0.005,0.021,0.031,0.0037,0.041,0.0025,0,0.016,0.024,0,0.073,0.0009,0,0,-41,80
0.039,0.31,1.4,0.008,0.0005,0.008,0.17,0.039,0.003,0.042,0.073,0,0.001,0.03,0,0.15,0,0,0,-20,80
0.078,0.35,1.6,0.014,0.001,0.003,0.01,0.027,0.005,0.042,0.049,0,0.011,0.02,0,0.01,0,0,0,40,80
0.077,0.31,1.61,0.01,0.001,0.009,0.03,0.042,0.0037,0.042,0.07,0,0.003,0.04,0,0.03,0,0,0,-5,80
0.038,0.32,1.3,0.008,0.001,0.05,0.22,0.034,0.004,0.042,0.0025,0,0.015,0.02,0,0.15,0.0007,0,0,-9,80
0.033,0.32,1.36,0.012,0.0005,0.0025,0.01,0.04,0.0034,0.042,0.006,0,0.015,0.17,0,0.01,0.001,0,0,-12,80
0.038,0.33,1.35,0.006,0.001,0.05,0.24,0.036,0.0039,0.043,0.0025,0,0.017,0.02,0,0.17,0.0008,0,0,-12,80
0.039,0.33,1.32,0.006,0.0003,0.056,0.24,0.03,0.0051,0.045,0.0025,0,0.015,0.01,0,0.19,0.00025,0,0,14,80
0.043,0.32,1.16,0.0075,0.0008,0.08,0.14,0.033,0.0036,0.046,0.046,0,0.01,0.03,0,0.21,0.0015,0,0,3,80
0.062,0.32,1.56,0.012,0.0011,0.065,0.22,0.031,0.0027,0.047,0.032,0,0.008,0.029,0,0.23,0.00025,0,0,-7,80
0.034,0.31,1.39,0.012,0.0006,0.008,0.03,0.04,0.003,0.049,0.047,0,0.002,0.03,0,0.014,0.0018,0,0,-30,80
0.03,0.3,1.38,0.01,0.0005,0.007,0.03,0.042,0.0042,0.05,0.0025,0,0.02,0.02,0,0.017,0.0016,0,0,20,80
0.06,0.4,1.5,0.015,0.005,0.02,0.07,0.025,0.007,0,0.1,0.0003,0,0.08,0,0.07,0,0,0,-20,72
0.06,0.4,1.5,0.015,0.005,0.02,0.07,0.025,0.007,0,0.1,0.0003,0,0.08,0,0.07,0,0,0,-20,23
0.06,0.4,1.5,0.015,0.005,0.02,0.07,0.025,0.02,0,0.1,0.0003,0,0.08,0,0.07,0,0,0,-20,43
0.06,0.4,1.5,0.015,0.005,0.02,0.07,0.025,0.02,0,0.1,0.0003,0,0.08,0,0.07,0,0,0,-20,36
0.06,0.4,1.5,0.015,0.005,0.02,0.07,0.025,0.02,0,0.1,0.0003,0,0.08,0,0.07,0,0,0,-20,68
0.06,0.4,1.5,0.015,0.005,0.02,0.07,0.025,0.02,0,0.1,0.0003,0,0.08,0,0.07,0,0,0,-20,20
0.06,0.4,1.5,0.015,0.005,0.02,0.07,0.025,0.02,0,0.1,0.0003,0,0.08,0,0.07,0,0,0,-20,35
0.06,0.4,1.5,0.015,0.005,0.02,0.07,0.025,0.02,0,0.1,0.0003,0,0.08,0,0.07,0,0,0,-20,27
0.06,0.4,1.5,0.015,0.005,0.02,0.07,0.025,0.02,0,0.1,0.0003,0,0.08,0,0.07,0,0,0,-20,37
0.06,0.4,1.5,0.015,0.005,0.02,0.07,0.025,0.017,0,0.1,0.0003,0.01,0.08,0,0.07,0,0,0,-20,68
0.06,0.4,1.5,0.015,0.005,0.02,0.07,0.025,0.017,0,0.1,0.0003,0.01,0.08,0,0.07,0,0,0,-20,71
0.06,0.4,1.5,0.015,0.005,0.02,0.07,0.025,0.017,0,0.1,0.0003,0.01,0.08,0,0.07,0,0,0,-20,43
0.06,0.4,1.5,0.015,0.005,0.02,0.07,0.025,0.017,0,0.1,0.0003,0.01,0.08,0,0.07,0,0,0,-20,45
0.06,0.4,1.5,0.015,0.005,0.02,0.07,0.025,0.01,0,0.1,0.0003,0,0.08,0,0.07,0,0.008,0,-20,54
0.06,0.4,1.5,0.015,0.005,0.02,0.07,0.025,0.01,0,0.1,0.0003,0,0.08,0,0.07,0,0.008,0,-20,46
0.06,0.4,1.5,0.015,0.005,0.02,0.07,0.025,0.01,0,0.1,0.0003,0,0.08,0,0.07,0,0.008,0,-20,36
0.06,0.4,1.5,0.015,0.005,0.02,0.07,0.025,0.01,0,0.1,0.0003,0,0.08,0,0.07,0,0.008,0,-20,59
0.06,0.4,1.5,0.015,0.005,0.02,0.07,0.025,0.01,0,0.1,0.0003,0,0.08,0,0.07,0,0.008,0,-20,30
0.052,0.24,1.47,0.0068,0.0017,0.19,0.21,0.037,0.0062,0,0.026,0.0014,0.026,0.13,0,0,0,0,0,-20,6
0.068,0.37,1.4,0.014,0.005,0.02,0.07,0.025,0.02,0.003,0.1,0.0003,0.002,0.09,0,0.07,0,0,0.0096,-20,37
0.068,0.37,1.4,0.014,0.005,0.02,0.07,0.025,0.02,0.003,0.1,0.0003,0.002,0.09,0,0.07,0,0,0.0096,-20,20
0.068,0.37,1.4,0.014,0.005,0.02,0.07,0.025,0.02,0.003,0.1,0.0003,0.002,0.09,0,0.07,0,0,0.0096,-20,43
0.065,0.47,1.44,0.015,0.006,0.02,0.07,0.026,0.017,0.003,0.1,0.0003,0.009,0.09,0,0.07,0,0,0.0058,-20,45
0.065,0.47,1.44,0.015,0.006,0.02,0.07,0.026,0.017,0.003,0.1,0.0003,0.009,0.09,0,0.07,0,0,0.0058,-20,43
0.065,0.47,1.44,0.015,0.006,0.02,0.07,0.026,0.017,0.003,0.1,0.0003,0.009,0.09,0,0.07,0,0,0.0058,-20,68
0.06,0.4,1.5,0.015,0.005,0.02,0.07,0.025,0.01,0.03,0.1,0.0003,0,0.08,0,0.07,0,0,0,-20,52
0.06,0.4,1.5,0.015,0.005,0.02,0.07,0.025,0.01,0.03,0.1,0.0003,0,0.08,0,0.07,0,0,0,-20,45
0.06,0.4,1.5,0.015,0.005,0.02,0.07,0.025,0.01,0.03,0.1,0.0003,0,0.08,0,0.07,0,0,0,-20,39
0.06,0.4,1.5,0.015,0.005,0.02,0.07,0.025,0.01,0.03,0.1,0.0003,0.007,0.08,0,0.07,0,0,0,-20,76
0.06,0.4,1.5,0.015,0.005,0.02,0.07,0.025,0.01,0.03,0.1,0.0003,0.007,0.08,0,0.07,0,0,0,-20,63
0.06,0.4,1.5,0.015,0.005,0.02,0.07,0.025,0.01,0.03,0.1,0.0003,0.007,0.08,0,0.07,0,0,0,-20,43
0.061,0.48,1.48,0.015,0.005,0.02,0.09,0.035,0.011,0.03,0.11,0.0003,0.003,0.08,0,0.08,0,0,0.007,-20,39
0.061,0.48,1.48,0.015,0.005,0.02,0.09,0.035,0.011,0.03,0.11,0.0003,0.003,0.08,0,0.08,0,0,0.007,-20,45
0.061,0.48,1.48,0.015,0.005,0.02,0.09,0.035,0.011,0.03,0.11,0.0003,0.003,0.08,0,0.08,0,0,0.007,-20,52
0.056,0.51,1.45,0.016,0.005,0.02,0.09,0.022,0.011,0.031,0.11,0.0003,0.008,0.08,0,0.07,0,0,0,-20,43
0.056,0.51,1.45,0.016,0.005,0.02,0.09,0.022,0.011,0.031,0.11,0.0003,0.008,0.08,0,0.07,0,0,0,-20,63
0.056,0.51,1.45,0.016,0.005,0.02,0.09,0.022,0.011,0.031,0.11,0.0003,0.008,0.08,0,0.07,0,0,0,-20,76
0.207,0.22,1.28,0.001,0.006,0.52,0.61,0.015,0.005,0,0,0,0,0,0,0.03,0,0,0,-40,103
0.203,0.23,1.34,0.001,0.015,0.53,0.5,0.015,0.005,0,0,0,0,0,0,0.01,0,0,0,-40,49
0.2,0.22,1.29,0.001,0.027,0.51,0.62,0.03,0.005,0,0,0,0,0,0,0.04,0,0,0,-40,30
0.214,0.22,1.29,0.001,0.035,0.51,0.61,0.012,0.005,0,0,0,0,0,0,0.03,0,0,0,-40,31
0.27,0.35,1.4,0.012,0.009,0.02,0.08,0.025,0.016,0,0.2,0,0,0.22,0,0.09,0,0,0,-40,14.1
0.25,0.33,1.4,0.022,0.03,0.018,0.011,0,0,0,0,0,0,0.15,0,0,0,0,0,-40,25.6
0.25,0.33,1.4,0.022,0.03,0.018,0.011,0,0,0,0,0,0,0.15,0,0,0,0,0,-40,40.7
0.207,0.22,1.28,0.001,0.006,0.52,0.61,0.015,0.005,0,0,0,0,0,0,0.03,0,0,0,-60,69
0.203,0.23,1.34,0.001,0.015,0.53,0.5,0.015,0.005,0,0,0,0,0,0,0.01,0,0,0,-60,43
0.2,0.22,1.29,0.001,0.027,0.51,0.62,0.03,0.005,0,0,0,0,0,0,0.04,0,0,0,-60,23
0.214,0.22,1.29,0.001,0.035,0.51,0.61,0.012,0.005,0,0,0,0,0,0,0.03,0,0,0,-60,23
0.117,0.057,1.571,0.009,0.005,0.21,0.03,0.068,0.0046,0.05,0.06,0.002,0.003,0.5,0,0,0,0,0,20,70
0.117,0.057,1.571,0.009,0.005,0.21,0.03,0.068,0.0046,0.05,0.06,0.002,0.003,0.5,0,0,0,0,0,-40,25
0.117,0.057,1.571,0.009,0.005,0.21,0.03,0.068,0.0046,0.05,0.06,0.002,0.003,0.5,0,0,0,0,0,20,58
0.117,0.057,1.571,0.009,0.005,0.21,0.03,0.068,0.0046,0.05,0.06,0.002,0.003,0.5,0,0,0,0,0,-40,18
0.119,0.047,1.595,0.011,0.006,0.21,0.038,0.029,0.0055,0.05,0.06,0.002,0.028,0.5,0,0,0,0,0,20,84
0.119,0.047,1.595,0.011,0.006,0.21,0.038,0.029,0.0055,0.05,0.06,0.002,0.028,0.5,0,0,0,0,0,-40,20
0.119,0.047,1.595,0.011,0.006,0.21,0.038,0.029,0.0055,0.05,0.06,0.002,0.028,0.5,0,0,0,0,0,20,28
0.119,0.047,1.595,0.011,0.006,0.21,0.038,0.029,0.0055,0.05,0.06,0.002,0.028,0.5,0,0,0,0,0,-40,17
0.06,0.22,1.72,0.01,0.002,0.16,0.21,0.025,0.008,0.038,0.015,0,0.004,0.05,0,0.18,0,0,0,20,150
0.06,0.22,1.72,0.01,0.002,0.16,0.21,0.025,0.008,0.038,0.015,0,0.004,0.05,0,0.18,0,0,0,-80,108
0.06,0.2,1.75,0.01,0.006,0.3,0.9,0,0.007,0.045,0.05,0,0.02,0.3,0,0,0,0,0,20,142
0.06,0.2,1.75,0.01,0.006,0.3,0.9,0,0.007,0.045,0.05,0,0.02,0.3,0,0,0,0,0,-40,71
0.06,0.2,1.75,0.01,0.006,0.3,0.9,0,0.007,0.045,0.05,0,0.02,0.3,0,0,0,0,0,-60,43
0.03,0.48,1.46,0.01,0.006,0.19,0,0.19,0.003,0.04,0.05,0.002,0.04,0,0,0,0,0,0,20,46
0.03,0.48,1.46,0.01,0.006,0.19,0,0.19,0.003,0.04,0.05,0.002,0.04,0,0,0,0,0,0,0,20
0.03,0.48,1.46,0.01,0.006,0.19,0,0.19,0.003,0.04,0.05,0.002,0.04,0,0,0,0,0,0,-20,2
0.1,0.15,1.25,0.01,0.01,0,0,0.014,0.007,0.05,0,0,0.01,0,0,0,0,0,0,20,92
0.1,0.15,1.25,0.01,0.01,0,0,0.014,0.007,0.05,0,0,0.01,0,0,0,0,0,0,-80,50
0.08,0.3,1.2,0.01,0.007,0.5,3.6,0,0.007,0,0.02,0,0.02,0.3,0,1.8,0,0,0,-40,78
