C,Si,Mn,P,S,Mo,Ni,Al,N,Nb,V,B,Ti,Cr,Ce,Cu,Ca,Zr,O,UTS
0.14,0.35,1.56,0.01,0.015,0,0,0.03,0.009,0,0,0,0,0,0,0,0,0,0,470
0.15,0.31,1.41,0.01,0.015,0,0,0.02,0.013,0,0.096,0,0,0,0,0,0,0,0,579
0.207,0.22,1.28,0.001,0.006,0.52,0.61,0.015,0.005,0,0,0,0,0,0,0.03,0,0,0,722
0.203,0.23,1.34,0.001,0.015,0.53,0.5,0.015,0.005,0,0,0,0,0,0,0.01,0,0,0,715.6
0.2,0.22,1.29,0.001,0.027,0.51,0.62,0.03,0.005,0,0,0,0,0,0,0.04,0,0,0,714.6
0.214,0.22,1.29,0.001,0.035,0.51,0.61,0.012,0.005,0,0,0,0,0,0,0.03,0,0,0,722.1
0.094,0.32,1.34,0.011,0.0065,0,0,0.031,0.006,0,0,0,0,0,0.02,0,0,0,0,457
0.094,0.32,1.34,0.011,0.0065,0,0,0.031,0.006,0,0,0,0,0,0.02,0,0,0,0,533
0.094,0.32,1.34,0.011,0.0065,0,0,0.031,0.006,0,0,0,0,0,0.02,0,0,0,0,554
0.094,0.32,1.34,0.011,0.0065,0,0,0.031,0.006,0,0,0,0,0,0.02,0,0,0,0,615
0.06,0.4,1.5,0.015,0.005,0.02,0.07,0.025,0.007,0,0.1,0.0003,0,0.08,0,0.07,0,0,0,617
0.06,0.4,1.5,0.015,0.005,0.02,0.07,0.025,0.007,0,0.1,0.0003,0,0.08,0,0.07,0,0,0,671
0.06,0.4,1.5,0.015,0.005,0.02,0.07,0.025,0.02,0,0.1,0.0003,0,0.08,0,0.07,0,0,0,664
0.06,0.4,1.5,0.015,0.005,0.02,0.07,0.025,0.02,0,0.1,0.0003,0,0.08,0,0.07,0,0,0,641
0.06,0.4,1.5,0.015,0.005,0.02,0.07,0.025,0.02,0,0.1,0.0003,0,0.08,0,0.07,0,0,0,555
0.06,0.4,1.5,0.015,0.005,0.02,0.07,0.025,0.02,0,0.1,0.0003,0,0.08,0,0.07,0,0,0,703
0.06,0.4,1.5,0.015,0.005,0.02,0.07,0.025,0.02,0,0.1,0.0003,0,0.08,0,0.07,0,0,0,644
0.06,0.4,1.5,0.015,0.005,0.02,0.07,0.025,0.02,0,0.1,0.0003,0,0.08,0,0.07,0,0,0,631
0.06,0.4,1.5,0.015,0.005,0.02,0.07,0.025,0.02,0,0.1,0.0003,0,0.08,0,0.07,0,0,0,642
0.06,0.4,1.5,0.015,0.005,0.02,0.07,0.025,0.017,0,0.1,0.0003,0.01,0.08,0,0.07,0,0,0,579
0.06,0.4,1.5,0.015,0.005,0.02,0.07,0.025,0.017,0,0.1,0.0003,0.01,0.08,0,0.07,0,0,0,578
0.06,0.4,1.5,0.015,0.005,0.02,0.07,0.025,0.017,0,0.1,0.0003,0.01,0.08,0,0.07,0,0,0,609
0.06,0.4,1.5,0.015,0.005,0.02,0.07,0.025,0.017,0,0.1,0.0003,0.01,0.08,0,0.07,0,0,0,571
0.06,0.4,1.5,0.015,0.005,0.02,0.07,0.025,0.01,0,0.1,0.0003,0,0.08,0,0.07,0,0.008,0,631
0.06,0.4,1.5,0.015,0.005,0.02,0.07,0.025,0.01,0,0.1,0.0003,0,0.08,0,0.07,0,0.008,0,623
0.06,0.4,1.5,0.015,0.005,0.02,0.07,0.025,0.01,0,0.1,0.0003,0,0.08,0,0.07,0,0.008,0,619
0.06,0.4,1.5,0.015,0.005,0.02,0.07,0.025,0.01,0,0.1,0.0003,0,0.08,0,0.07,0,0.008,0,543
0.06,0.4,1.5,0.015,0.005,0.02,0.07,0.025,0.01,0,0.1,0.0003,0,0.08,0,0.07,0,0.008,0,655
0.19,0.29,0.63,0.015,0.028,0,0,0.004,0.0061,0,0,0,0,0,0,0,0,0,0,497
0.17,0.27,0.69,0.015,0.027,0,0,0.13,0.006,0,0,0,0,0,0,0,0,0,0,477
0.2,0.03,0.68,0.019,0.022,0,0,0.008,0.005,0,0,0,0,0,0,0,0,0,0,473
0.2,0.04,0.61,0.012,0.027,0,0,0.126,0.0045,0,0,0,0,0,0,0,0,0,0,472
0.094,0.02,1.38,0.01,0.002,0,0,0.018,0.005,0,0,0,0,0,0,0,0,0,0,437
0.098,0.3,1.42,0.01,0.002,0,0,0.021,0.003,0,0,0,0,0,0,0,0,0,0,470
0.097,0.01,1.41,0.006,0.002,0,0,0.19,0.005,0,0,0,0,0,0,0,0,0,0,426
0.095,0.29,1.4,0.006,0.002,0,0,0.19,0.004,0,0,0,0,0,0,0,0,0,0,454
0.39,0.53,1.27,0.016,0.022,0,0,0.016,0.0048,0,0,0,0,0,0,0,0,0,0,823
0.39,0.53,1.27,0.016,0.022,0,0,0.016,0.0048,0,0,0,0,0,0,0,0,0,0,773
0.39,0.53,1.27,0.016,0.022,0,0,0.016,0.0048,0,0,0,0,0,0,0,0,0,0,794
0.38,0.52,1.28,0.016,0.027,0,0,0.007,0.0056,0,0.08,0,0,0,0,0,0,0,0,944
0.38,0.52,1.28,0.016,0.027,0,0,0.007,0.0056,0,0.08,0,0,0,0,0,0,0,0,858
0.38,0.52,1.28,0.016,0.027,0,0,0.007,0.0056,0,0.08,0,0,0,0,0,0,0,0,890
0.11,0.21,1.24,0,0,0,0,0,0,0,0,0,0,0,0,0,0,0,0,480
0.06,0.11,0.28,0.012,0,0,0,0.02,0.0044,0,0,0,0,0,0,0,0,0,0,403
0.25,0.6,1,0.03,0.03,0.15,0.8,0,0,0,0.03,0,0,0.25,0,0,0,0,0,535
0.25,0.6,1,0.035,0.035,0.15,0.8,0,0,0,0.03,0,0,0.25,0,0,0,0,0,795
0.054,0.22,1.42,0.0053,0.0013,0.21,0.22,0.034,0.0045,0,0.032,0.0006,0.011,0.18,0,0,0,0,0,632
0.052,0.24,1.47,0.0068,0.0017,0.19,0.21,0.037,0.0062,0,0.026,0.0014,0.026,0.13,0,0,0,0,0,620
0.21,0.28,1.37,0.033,0.021,0,0,0,0.006,0,0,0,0,0,0,0,0,0,0,580
0.21,0.28,1.37,0.033,0.021,0,0,0,0.006,0,0,0,0,0,0,0,0,0,0,587
0.21,0.28,1.37,0.033,0.021,0,0,0,0.006,0,0,0,0,0,0,0,0,0,0,584
0.21,0.28,1.37,0.033,0.021,0,0,0,0.006,0,0,0,0,0,0,0,0,0,0,586
0.21,0.28,1.37,0.033,0.021,0,0,0,0.006,0,0,0,0,0,0,0,0,0,0,599
0.21,0.28,1.37,0.033,0.021,0,0,0,0.006,0,0,0,0,0,0,0,0,0,0,590
0.16,0.133,0.623,0.008,0.04,0,0,0.036,0,0,0,0,0,0,0,0.303,0,0,0,350
0.158,0.14,0.607,0.1,0.042,0,0,0.043,0,0,0,0,0,0,0,0.301,0,0,0,350
0.16,0.157,0.599,0.28,0.04,0,0,0.05,0,0,0,0,0,0,0,0.3,0,0,0,325
0.156,0.143,0.63,0.52,0.039,0,0,0.049,0,0,0,0,0,0,0,0.312,0,0,0,325
0.162,0.13,0.605,0.68,0.04,0,0,0.042,0,0,0,0,0,0,0,0.3,0,0,0,450
0.18,0.22,0.6,0.02,0.017,0,0,0,0,0,0,0,0,0,0,0,0,0,0,495
0.18,0.22,0.6,0.02,0.017,0,0,0,0,0,0,0,0,0,0,0,0,0,0,510
0.18,0.22,0.6,0.02,0.017,0,0,0,0,0,0,0,0,0,0,0,0,0,0,525
0.18,0.22,0.6,0.02,0.017,0,0,0,0,0,0,0,0,0,0,0,0,0,0,545
0.06,0,1.5,0,0,0,0,0,0,0.07,0.1,0,0.02,0,0,0,0,0,0,670
0.06,0,1.5,0,0,0,0,0,0,0.08,0,0,0.07,0,0,0,0,0,0,673
0.06,0.26,0.51,0,0,0,0,0,0,0,0,0,0,0,0,0,0,0,0,510
0.06,0.27,1,0,0,0,0,0,0,0,0,0,0,0,0,0,0,0,0,580
0.09,0.17,1,0,0,0,0,0,0,0,0,0,0,0,0,0,0,0,0,564
0.21,0.29,0.99,0,0,0,0,0,0,0,0,0,0,0,0,0,0,0,0,515
0.38,0.2,0.76,0,0,0,0,0,0,0,0,0,0,0,0,0,0,0,0,768
0.193,0.19,1.35,0,0,0.482,0.922,0.009,0.005,0,0,0,0,0.128,0,0,0,0,0,577
0.2,0.185,1.42,0,0,0.485,0.926,0.013,0.014,0,0,0,0,0.127,0,0,0,0,0,595
0.198,0.201,1.36,0,0,0.484,0.928,0.019,0.015,0,0,0,0,0.127,0,0,0,0,0,600
0.085,0.33,1.38,0.012,0.008,0,0,0.03,0.007,0,0,0,0,0,0.02,0,0,0,0,540
0.085,0.33,1.38,0.012,0.008,0,0,0.03,0.007,0,0,0,0,0,0.02,0,0,0,0,612
0.085,0.33,1.38,0.012,0.008,0,0,0.03,0.007,0,0,0,0,0,0.02,0,0,0,0,758
0.085,0.33,1.38,0.012,0.008,0,0,0.03,0.007,0,0,0,0,0,0.02,0,0,0,0,550
0.085,0.33,1.38,0.012,0.008,0,0,0.03,0.007,0,0,0,0,0,0.02,0,0,0,0,650
0.085,0.33,1.38,0.012,0.008,0,0,0.03,0.007,0,0,0,0,0,0.02,0,0,0,0,737
0.085,0.33,1.38,0.012,0.008,0,0,0.03,0.007,0,0,0,0,0,0.02,0,0,0,0,580
0.085,0.33,1.38,0.012,0.008,0,0,0.03,0.007,0,0,0,0,0,0.02,0,0,0,0,633
0.085,0.33,1.38,0.012,0.008,0,0,0.03,0.007,0,0,0,0,0,0.02,0,0,0,0,758
0.085,0.33,1.38,0.012,0.008,0,0,0.03,0.007,0,0,0,0,0,0.02,0,0,0,0,758
0.085,0.33,1.38,0.012,0.008,0,0,0.03,0.007,0,0,0,0,0,0.02,0,0,0,0,650
0.085,0.33,1.38,0.012,0.008,0,0,0.03,0.007,0,0,0,0,0,0.02,0,0,0,0,580
0.085,0.33,1.38,0.012,0.008,0,0,0.03,0.007,0,0,0,0,0,0.02,0,0,0,0,550
0.1,0.35,1.34,0.007,0.012,0,0,0.04,0.004,0,0,0,0,0,0.02,0,0,0,0,584
0.1,0.35,1.34,0.007,0.012,0,0,0.04,0.004,0,0,0,0,0,0.02,0,0,0,0,596
0.098,0.25,1.3,0.001,0.0016,0,0,0.043,0.006,0,0,0,0,0,0.015,0,0,0,0,729
0.098,0.25,1.3,0.001,0.0016,0,0,0.043,0.006,0,0,0,0,0,0.015,0,0,0,0,629
0.35,0.27,1.56,0.016,0.016,0.03,0,0.026,0,0,0.17,0,0,0.14,0,0.27,0,0,0,973
0.35,0.27,1.56,0.016,0.016,0.03,0,0.026,0,0,0.17,0,0,0.14,0,0.27,0,0,0,978
0.34,0.32,1.2,0.012,0.013,0.03,0,0.04,0,0,0.17,0,0,0.12,0,0.22,0,0,0,745
0.34,0.32,1.2,0.012,0.013,0.03,0,0.04,0,0,0.17,0,0,0.12,0,0.22,0,0,0,776
0.193,0.19,1.35,0,0,0.482,0.922,0.009,0.005,0,0,0,0,0.128,0,0,0,0,0,577
0.2,0.185,1.42,0,0,0.485,0.926,0.013,0.014,0,0,0,0,0.127,0,0,0,0,0,595
0.198,0.201,1.36,0,0,0.484,0.928,0.019,0.015,0,0,0,0,0.127,0,0,0,0,0,600
0.21,0.28,1.37,0.033,0.021,0,0,0,0.0065,0,0,0,0,0,0,0,0,0,0,580
0.21,0.28,1.37,0.033,0.021,0,0,0,0.0065,0,0,0,0,0,0,0,0,0,0,587
0.21,0.28,1.37,0.033,0.021,0,0,0,0.0065,0,0,0,0,0,0,0,0,0,0,601
0.21,0.28,1.37,0.033,0.021,0,0,0,0.0065,0,0,0,0,0,0,0,0,0,0,584
0.21,0.28,1.37,0.033,0.021,0,0,0,0.0065,0,0,0,0,0,0,0,0,0,0,586
0.21,0.28,1.37,0.033,0.021,0,0,0,0.0065,0,0,0,0,0,0,0,0,0,0,604
0.21,0.28,1.37,0.033,0.021,0,0,0,0.0065,0,0,0,0,0,0,0,0,0,0,599
0.21,0.28,1.37,0.033,0.021,0,0,0,0.0065,0,0,0,0,0,0,0,0,0,0,590
0.21,0.28,1.37,0.033,0.021,0,0,0,0.0065,0,0,0,0,0,0,0,0,0,0,620
0.0012,0,0.045,0.003,0,0,0,0,0,0,0,0,0,0,0,0,0,0,0,292
0.19,0.33,1.43,0.022,0.016,0,0,0.016,0,0,0.1,0,0.001,0,0,0,0,0,0,721
0.19,0.42,1.32,0.024,0.028,0,0,0.022,0,0,0.12,0,0.023,0,0,0,0,0,0,688
0.27,0.35,1.4,0.012,0.009,0.02,0.08,0.025,0.016,0,0.2,0,0,0.22,0,0.09,0,0,0,905
0.25,0.33,1.4,0.022,0.03,0.018,0.011,0,0,0,0,0,0,0.15,0,0,0,0,0,705
0.25,0.33,1.4,0.022,0.03,0.018,0.011,0,0,0,0,0,0,0.15,0,0,0,0,0,835
0.4,0.56,1.49,0.016,0.042,0,0,0,0.009,0,0.114,0,0.014,0,0,0,0,0,0,941
0.4,0.56,1.49,0.016,0.042,0,0,0,0.009,0,0.114,0,0.014,0,0,0,0,0,0,937
0.4,0.56,1.49,0.016,0.042,0,0,0,0.009,0,0.114,0,0.014,0,0,0,0,0,0,966
0.24,0.06,0.3,0.005,0.009,0.19,3.12,0,0,0,0.11,0,0,1.5,0,0,0,0,0,764.4
0.24,0.06,0.3,0.005,0.009,0.19,3.12,0,0,0,0.11,0,0,1.5,0,0,0,0,0,740.88
0.19,0.21,1.28,0.012,0.013,0.52,0.64,0,0,0,0,0,0,0,0,0,0,0,0,600
0.15,0.18,0.33,0.012,0.013,0.37,2.55,0,0,0,0,0,0,1.66,0,0.033,0,0,0,730
0.12,0.21,1.27,0.01,0.01,0,0,0.02,0,0,0,0,0,0,0,0,0,0,0,467.3
0.13,0.15,1.15,0.01,0.01,0,0,0.04,0,0,0.09,0,0,0,0,0,0,0,0,495.4
0.12,0.21,1.12,0.01,0.01,0,0,0.02,0,0,0,0,0.08,0,0,0,0,0,0,528.3
0.11,0.21,1.3,0.01,0.01,0,0,0.05,0,0,0.07,0,0.07,0,0,0,0,0,0,547.4
0.17,0.23,1.33,0.01,0.007,0.03,0.14,0.02,0,0,0,0,0,0.09,0,0.17,0,0,0,528
0.15,0.26,1.33,0.01,0.034,0.03,0.15,0.02,0,0,0,0,0,0.1,0,0.17,0,0,0,520
0.1,0.34,1.33,0.011,0.008,0.01,0.05,0.06,0,0,0,0,0,0.06,0.015,0.07,0,0,0,496
0.193,0.19,1.35,0,0,0.482,0.922,0.009,0,0,0,0,0,0.128,0,0,0,0,0,577
0.099,0.196,0.701,0,0,0.962,2.5,0.023,0,0,0,0,0,0.143,0,0,0,0,0,644
0.06,0.22,1.55,0,0,1,1.46,0.023,0,0,0,0,0,0.15,0,0,0,0,0,629
0.18,0.24,1.42,0.017,0.004,0,0.84,0.014,0,0,0,0,0,0.12,0,0.14,0,0,0,622
0.18,0.08,1.43,0.008,0.003,0,0.78,0.005,0,0,0,0,0,0.04,0,0.06,0,0,0,547
0.18,0.1,1.46,0.006,0.003,0,0.86,0.018,0,0,0,0,0,0.15,0,0.03,0,0,0,584
0.21,0.24,1.36,0.007,0.002,0,0.92,0.022,0,0,0,0,0,0.21,0,0.03,0,0,0,595
0.17,0.25,1.44,0.004,0.002,0,0.75,0.016,0,0,0,0,0,0.2,0,0.01,0,0,0,607
0.069,0.11,1.45,0.009,0.003,0,0.5,0.007,0.0058,0,0,0.0024,0.011,0,0,0,0,0,0,441
0.08,0.11,1.44,0.01,0.004,0,0.51,0.006,0.0085,0,0,0.0025,0.012,0,0,0,0,0,0,442
0.062,0.1,1.46,0.01,0.004,0,0.51,0,0.006,0,0,0.0025,0.01,0,0,0,0,0,0,428
0.15,0.3,1.38,0.011,0.007,0,0,0.038,0.0051,0,0.05,0,0,0,0,0.25,0,0,0,551
0.15,0.31,1.38,0.009,0.009,0,0,0.037,0.0053,0,0.05,0,0,0,0,0.02,0,0,0,519
0.15,0.3,1.38,0.01,0.006,0,0,0.039,0.0045,0,0.06,0,0,0,0,0.02,0,0,0,524
0.15,0.31,1.4,0.01,0.007,0,0,0.036,0.0054,0,0.06,0,0,0,0,0.02,0,0,0,532
0.16,0.31,1.38,0.011,0.007,0,0,0.038,0.0056,0,0.05,0,0,0,0,0.02,0,0,0,536
0.16,0.31,1.37,0.009,0.009,0,0,0.038,0.0049,0,0.05,0,0,0,0,0.02,0,0,0,538
0.066,0.33,1.46,0.013,0.003,0.2,0,0.043,0.004,0,0.05,0,0,0,0,0,0,0,0,522
0.062,0.3,1.45,0.013,0.004,0.2,0,0.039,0.0038,0,0,0,0,0.2,0,0,0,0,0,502
0.068,0.1,1.43,0.009,0.002,0,0.5,0.005,0.0079,0,0,0.0023,0.1,0,0,0,0,0,0,453
0.071,0.1,1.45,0.005,0.003,0,0.5,0,0.0046,0,0,0.0022,0.01,0,0,0,0,0,0,447
0.063,0.1,1.43,0.007,0.003,0,0.51,0,0.0058,0,0,0.0025,0.01,0,0,0,0,0,0,421
0.068,0.1,1.45,0.008,0.004,0,0.51,0,0.0047,0,0,0.0022,0.01,0,0,0,0,0,0,422
0.071,0.1,1.45,0.007,0.004,0,0.51,0.006,0.0065,0,0,0.0022,0.01,0,0,0,0,0,0,429
0.097,0.29,1.45,0.014,0.004,0,0.31,0.029,0.007,0,0.1,0,0.0005,0,0,0,0,0,0,539
0.1,0.29,1.43,0.016,0.002,0,0.31,0.03,0.007,0,0.1,0,0.012,0,0,0,0,0,0,548
0.087,0.3,1.45,0.013,0.003,0,0.89,0.028,0.007,0,0.08,0,0.001,0,0,0.3,0,0,0,562
0.062,0.1,1.45,0.009,0.003,0,0.5,0,0.0058,0,0,0.0024,0.009,0,0,0,0,0,0,432
0.063,0.1,1.45,0.009,0.004,0,0.5,0.005,0.0043,0,0,0.0024,0.009,0,0,0,0,0,0,499
0.066,0.11,1.46,0.008,0.004,0,0.51,0.005,0.0063,0,0,0.0024,0.01,0,0,0,0,0,0,548
0.068,0.1,1.46,0.007,0.004,0,0.5,0,0.0077,0,0,0.0024,0.011,0,0,0,0,0,0,466
0.069,0.36,1.55,0.011,0.003,0,0,0.035,0.0052,0,0,0,0,0,0,0,0,0,0,502
0.069,0.36,1.55,0.011,0.003,0,0,0.035,0.0052,0,0,0,0,0,0,0,0,0,0,506
0.069,0.36,1.55,0.011,0.003,0,0,0.035,0.0052,0,0,0,0,0,0,0,0,0,0,502
0.078,0.4,1.5,0.009,0.003,0,0,0.036,0.0049,0,0,0,0.015,0,0,0,0,0,0,503
0.078,0.4,1.5,0.009,0.003,0,0,0.036,0.0049,0,0,0,0.015,0,0,0,0,0,0,486
0.078,0.4,1.5,0.009,0.003,0,0,0.036,0.0049,0,0,0,0.015,0,0,0,0,0,0,486
0.15,0.3,1.38,0.011,0.007,0,0,0.038,0.0051,0,0.05,0,0,0,0,0.25,0,0,0,551
0.15,0.31,1.38,0.009,0.009,0,0,0.037,0.0053,0,0.05,0,0,0,0,0.02,0,0,0,519
0.15,0.3,1.38,0.01,0.006,0,0,0.039,0.0045,0,0.06,0,0,0,0,0.02,0,0,0,524
0.15,0.31,1.4,0.01,0.007,0,0,0.036,0.0054,0,0.06,0,0,0,0,0.02,0,0,0,532
0.16,0.31,1.38,0.011,0.007,0,0,0.038,0.0056,0,0.05,0,0,0,0,0.02,0,0,0,536
0.16,0.31,1.37,0.009,0.009,0,0,0.038,0.0049,0,0.05,0,0,0,0,0.02,0,0,0,538
0.27,0.25,0.53,0.013,0.005,0.33,4.05,0.07,0.004,0,0,0,0,1.24,0,0,0,0,0,1465
0.27,0.25,0.53,0.013,0.005,0.33,4.05,0.07,0.004,0,0,0,0,1.24,0,0,0,0,0,1288
0.34,0.27,0.54,0.014,0.005,0.3,4.03,0.07,0.004,0,0,0,0,1.24,0,0,0,0,0,1790
0.34,0.27,0.54,0.014,0.005,0.3,4.03,0.07,0.004,0,0,0,0,1.24,0,0,0,0,0,1681
0.22,0.35,1.13,0.013,0.011,0.002,0.025,0.043,0.005,0.001,0.002,0.0001,0.002,0.028,0,0.039,0,0,0,534
0.15,0.26,1.08,0.008,0.008,0.001,0.018,0.039,0.006,0.001,0.003,0.0001,0.001,0.017,0,0.009,0,0,0,456
0.17,0.29,0.82,0.015,0.014,0.003,0.021,0.003,0.003,0.001,0.002,0.0001,0,0.025,0,0.015,0,0,0,444
0.18,0.38,1.18,0.015,0.011,0.002,0.02,0.003,0.004,0.001,0.003,0.0001,0.001,0.023,0,0.011,0,0,0,500
0.15,0.21,0.86,0.013,0.015,0.002,0.021,0.002,0.004,0.001,0.003,0.0001,0.001,0.019,0,0.023,0,0,0,461
0.15,0.27,0.81,0.014,0.014,0.002,0.021,0.002,0.006,0.001,0.002,0.0001,0.001,0.016,0,0.013,0,0,0,456
0.17,0.36,1.16,0.019,0.008,0.004,0.022,0.002,0.003,0.001,0.002,0.0002,0.001,0.039,0,0.026,0,0,0,517
0.14,0.22,0.82,0.014,0.017,0.002,0.021,0.002,0.004,0.001,0.002,0.0001,0.001,0.022,0,0.02,0,0,0,438
0.13,0.22,0.83,0.024,0.011,0.002,0.019,0.001,0.004,0.001,0.002,0.0001,0.001,0.024,0,0.011,0,0,0,443
0.13,0.22,0.81,0.016,0.018,0.004,0.019,0.004,0.003,0.001,0.002,0.0001,0.001,0.038,0,0.015,0,0,0,434
0.14,0.22,1.03,0.008,0.015,0.003,0.022,0.032,0.004,0.001,0.002,0.0001,0.001,0.023,0,0.012,0,0,0,449
0.15,0.14,1,0,0,0,0,0.031,0.003,0.0015,0,0,0.002,0,0,0,0,0,0,443
0.15,0.14,1,0,0,0,0,0.031,0.003,0.0015,0,0,0.002,0,0,0,0,0,0,498
0.15,0.14,1,0,0,0,0,0.031,0.003,0.0015,0,0,0.002,0,0,0,0,0,0,530
0.15,0.14,1,0,0,0,0,0.031,0.003,0.0015,0,0,0.002,0,0,0,0,0,0,505
0.15,0.14,1,0,0,0,0,0.031,0.003,0.0015,0,0,0.002,0,0,0,0,0,0,523
0.15,0.14,1,0,0,0,0,0.031,0.003,0.0015,0,0,0.002,0,0,0,0,0,0,552
0.15,0.14,1,0,0,0,0,0.031,0.003,0.0015,0,0,0.002,0,0,0,0,0,0,551
0.092,0.2,1.41,0.005,0.004,0,0,0.039,0.0067,0.003,0.003,0.0003,0,0,0,0,0,0,0,448
0.084,0.21,1.42,0.005,0.002,0,0,0.031,0.0047,0.003,0.05,0.0004,0,0,0,0,0,0,0,450
0.094,0.21,1.44,0.005,0.003,0,0,0.029,0.0052,0.003,0.1,0.0005,0,0,0,0,0,0,0,493
0.16,0.27,1.26,0.016,0.008,0.003,0.02,0.01,0.0093,0.003,0.003,0,0.003,0.01,0,0.01,0,0,0.0071,518
0.16,0.27,1.27,0.016,0.008,0.003,0.02,0.014,0.0094,0.003,0.003,0,0.003,0.01,0,0.01,0,0,0.0096,529
0.16,0.27,1.26,0.016,0.008,0.003,0.02,0.01,0.0092,0.003,0.003,0,0.003,0.01,0,0.01,0,0,0.0078,529
0.15,0.23,1.29,0.016,0.008,0.003,0.02,0.013,0.0094,0.003,0.003,0,0.003,0.01,0,0.01,0,0,0.0061,527
0.16,0.24,1.3,0.016,0.008,0.003,0.02,0.013,0.0095,0.003,0.003,0,0.003,0.01,0,0.01,0,0,0.0067,535
0.16,0.33,1.45,0.017,0.009,0.003,0.03,0.028,0.011,0.003,0.003,0,0.003,0.04,0,0.01,0,0,0.0047,550
0.16,0.33,1.45,0.017,0.009,0.003,0.03,0.03,0.011,0.003,0.003,0,0.003,0.04,0,0.01,0,0,0.0051,555
0.16,0.32,1.44,0.017,0.009,0.003,0.03,0.026,0.011,0.003,0.003,0,0.003,0.04,0,0.01,0,0,0.0054,565
0.16,0.27,1.26,0.016,0.008,0.003,0.02,0.01,0.0093,0.003,0.003,0,0.003,0.01,0,0.01,0,0,0.0071,512
0.16,0.27,1.27,0.016,0.008,0.003,0.02,0.014,0.0094,0.003,0.003,0,0.003,0.01,0,0.01,0,0,0.0096,513
0.16,0.27,1.26,0.016,0.008,0.003,0.02,0.01,0.0092,0.003,0.003,0,0.003,0.01,0,0.01,0,0,0.0078,513
0.15,0.23,1.29,0.016,0.008,0.003,0.02,0.013,0.0094,0.003,0.003,0,0.003,0.01,0,0.01,0,0,0.0061,511
0.16,0.24,1.3,0.016,0.008,0.003,0.02,0.013,0.0095,0.003,0.003,0,0.003,0.01,0,0.01,0,0,0.0067,516
0.16,0.33,1.45,0.017,0.009,0.003,0.03,0.028,0.011,0.003,0.003,0,0.003,0.04,0,0.01,0,0,0.0047,535
0.16,0.33,1.45,0.017,0.009,0.003,0.03,0.03,0.011,0.003,0.003,0,0.003,0.04,0,0.01,0,0,0.0051,534
0.16,0.32,1.44,0.017,0.009,0.003,0.03,0.026,0.011,0.003,0.003,0,0.003,0.04,0,0.01,0,0,0.0054,540
0.068,0.37,1.4,0.014,0.005,0.02,0.07,0.025,0.02,0.003,0.1,0.0003,0.002,0.09,0,0.07,0,0,0.0096,642
0.068,0.37,1.4,0.014,0.005,0.02,0.07,0.025,0.02,0.003,0.1,0.0003,0.002,0.09,0,0.07,0,0,0.0096,703
0.068,0.37,1.4,0.014,0.005,0.02,0.07,0.025,0.02,0.003,0.1,0.0003,0.002,0.09,0,0.07,0,0,0.0096,644
0.065,0.47,1.44,0.015,0.006,0.02,0.07,0.026,0.017,0.003,0.1,0.0003,0.009,0.09,0,0.07,0,0,0.0058,571
0.065,0.47,1.44,0.015,0.006,0.02,0.07,0.026,0.017,0.003,0.1,0.0003,0.009,0.09,0,0.07,0,0,0.0058,609
0.065,0.47,1.44,0.015,0.006,0.02,0.07,0.026,0.017,0.003,0.1,0.0003,0.009,0.09,0,0.07,0,0,0.0058,579
0.1,0.25,1.41,0.011,0.003,0,0.02,0.032,0.0055,0.005,0.029,0,0,0,0,0.02,0,0,0,464
0.1,0.26,1.45,0.011,0.003,0,0.016,0.025,0.0052,0.005,0.054,0,0,0,0,0.02,0,0,0,480
0.14,0.26,1.43,0.011,0.003,0,0.02,0.029,0.005,0.005,0.05,0,0,0,0,0.02,0,0,0,512
0.11,0.26,1.4,0.009,0.003,0,0.02,0.03,0.009,0.005,0.028,0,0,0,0,0.02,0,0,0,486
0.16,0.26,1.45,0.011,0.003,0.005,0.02,0.04,0.0051,0.005,0.026,0,0,0.02,0,0.02,0,0,0,521
0.16,0.26,1.45,0.011,0.003,0.005,0.02,0.038,0.0056,0.005,0.043,0,0,0.02,0,0.02,0,0,0,535
0.15,0.29,1.47,0.013,0.003,0.005,0.02,0.038,0.012,0.005,0.027,0,0,0.02,0,0.02,0,0,0,538
0.14,0.27,1.46,0.012,0.003,0.005,0.02,0.038,0.014,0.005,0.047,0,0,0.02,0,0,0,0,0,552
0.045,0.55,1.41,0.013,0.015,0.01,0.02,0.039,0.0067,0.005,0.06,0,0,0.02,0,0.02,0,0,0,477
0.045,0.5,1.4,0.015,0.012,0.01,0.02,0.037,0.0065,0.005,0.005,0,0.012,0.02,0,0.02,0,0,0,428
0.046,0.53,1.37,0.012,0.014,0.01,0.02,0.038,0.0065,0.005,0.06,0,0,0.02,0,0.02,0,0,0,435
0.048,0.5,1.4,0.015,0.013,0.01,0.02,0.034,0.0067,0.005,0.005,0,0.011,0.02,0,0.02,0,0,0,393
0.06,0.39,1.58,0.018,0.015,0.01,0.02,0.005,0.007,0.005,0.11,0.0005,0.005,0.02,0,0.02,0,0,0,478
0.062,0.34,1.5,0.012,0.006,0.02,0.07,0.029,0.016,0.005,0.12,0,0,0.07,0,0.07,0,0,0,669
0.063,0.34,1.56,0.012,0.006,0.02,0.07,0.035,0.017,0.005,0.12,0,0,0.07,0,0.07,0,0,0,665
0.07,0.43,1.46,0.019,0.021,0.01,0.02,0.006,0.008,0.005,0.11,0.0005,0.005,0.02,0,0.02,0,0,0,469
0.08,0.4,1.4,0.014,0.016,0.01,0.02,0.005,0.018,0.005,0.11,0.0005,0.005,0.02,0,0.02,0,0,0,508
0.08,0.42,1.45,0.015,0.012,0,0.02,0.035,0.012,0.005,0.09,0,0,0,0,0.02,0,0,0,484
0.08,0.4,1.45,0.015,0.016,0,0.26,0.038,0.0067,0.005,0.09,0,0.011,0,0,0.26,0,0,0,467
0.08,0.35,1.43,0.015,0.005,0,0.26,0.034,0.0069,0.005,0.13,0,0,0,0,0.35,0,0,0,535
0.084,0.21,1.42,0.005,0.002,0.005,0.02,0.031,0.0047,0.005,0.05,0,0,0.02,0,0.02,0,0,0,450
0.09,0.39,1.44,0.014,0.014,0,0.26,0.039,0.0085,0.005,0.09,0,0,0,0,0.26,0,0,0,530
0.09,0.4,1.48,0.015,0.007,0,0.26,0.037,0.0084,0.005,0.09,0,0.011,0,0,0.25,0,0,0,472
0.09,0.2,1.41,0.006,0.004,0.005,0.02,0.032,0.007,0.005,0.005,0,0,0.02,0,0.02,0,0,0,448
0.09,0.35,1.42,0.016,0.015,0,0.26,0.038,0.0084,0.005,0.13,0,0.021,0,0,0.36,0,0,0,495
0.09,0.35,1.42,0.016,0.014,0,0.26,0.036,0.0087,0.005,0.13,0,0.021,0,0,0.36,0,0,0,488
0.09,0.34,1.41,0.015,0.001,0,0.26,0.035,0.0089,0.005,0.11,0,0,0,0,0.35,0,0,0,518
0.095,0.21,1.4,0.006,0.002,0.005,0.02,0.03,0.005,0.005,0.11,0,0,0.02,0,0.02,0,0,0,493
0.1,0.25,1.41,0.011,0.003,0,0.02,0.032,0.0055,0.005,0.029,0,0,0,0,0.02,0,0,0,464
0.1,0.26,1.45,0.011,0.003,0,0.016,0.025,0.0052,0.005,0.054,0,0,0,0,0.02,0,0,0,479
0.1,0.41,1.43,0.015,0.012,0,0.02,0.035,0.012,0.005,0.07,0,0,0,0,0.02,0,0,0,501
0.1,0.42,1.43,0.015,0.011,0,0.02,0.034,0.011,0.005,0.07,0,0,0,0,0.02,0,0,0,502
0.1,0.4,1.45,0.015,0.015,0,0.26,0.037,0.0057,0.005,0.09,0,0.02,0,0,0.26,0,0,0,489
0.1,0.35,1.45,0.015,0.015,0,0.26,0.039,0.0057,0.005,0.13,0,0.011,0,0,0.36,0,0,0,530
0.1,0.35,1.43,0.013,0.013,0,0.26,0.037,0.0053,0.005,0.13,0,0,0,0,0.36,0,0,0,550
0.1,0.36,1.43,0.014,0.005,0,0.26,0.037,0.0088,0.005,0.13,0,0,0,0,0.36,0,0,0,569
0.11,0.26,1.4,0.009,0.003,0,0.02,0.03,0.009,0.005,0.028,0,0,0,0,0.02,0,0,0,486
0.11,0.42,1.39,0.015,0.012,0,0.02,0.036,0.0046,0.005,0.08,0,0,0,0,0.02,0,0,0,480
0.11,0.42,1.46,0.015,0.013,0,0.02,0.039,0.0059,0.005,0.08,0,0.011,0,0,0.02,0,0,0,478
0.11,0.41,1.37,0.015,0.012,0,0.02,0.037,0.0045,0.005,0.08,0,0,0,0,0.02,0,0,0,481
0.11,0.42,1.43,0.014,0.013,0,0.02,0.038,0.0051,0.005,0.08,0,0.011,0,0,0.02,0,0,0,473
0.11,0.39,1.4,0.012,0.014,0,0.02,0.039,0.0058,0.005,0.09,0,0.011,0,0,0.02,0,0,0,475
0.12,0.4,1.39,0.019,0.014,0.01,0.02,0.005,0.0039,0.005,0.03,0.0005,0.005,0.02,0,0.02,0,0,0,499
0.12,0.39,1.4,0.014,0.02,0.01,0.02,0.005,0.008,0.005,0.07,0.0005,0.005,0.02,0,0.02,0,0,0,522
0.12,0.42,1.48,0.023,0.021,0.01,0.02,0.005,0.021,0.005,0.07,0.0005,0.005,0.02,0,0.02,0,0,0,598
0.12,0.4,1.4,0.017,0.019,0.01,0.02,0.005,0.018,0.005,0.11,0.0005,0.005,0.02,0,0.02,0,0,0,601
0.12,0.43,1.4,0.015,0.004,0,0.02,0.035,0.0043,0.005,0.08,0,0,0,0,0.02,0,0,0,498
0.12,0.42,1.37,0.015,0.004,0,0.02,0.034,0.0041,0.005,0.08,0,0,0,0,0.02,0,0,0,506
0.14,0.26,1.43,0.011,0.003,0,0.02,0.029,0.005,0.005,0.05,0,0,0,0,0.02,0,0,0,512
0.14,0.27,1.46,0.012,0.003,0.005,0.02,0.038,0.014,0.005,0.047,0,0,0.02,0,0.02,0,0,0,552
0.15,0.29,1.47,0.013,0.003,0.005,0.02,0.038,0.012,0.005,0.027,0,0,0.02,0,0.02,0,0,0,538
0.15,0.4,1.41,0.023,0.02,0.01,0.02,0.04,0.024,0.005,0.11,0.0005,0.005,0.02,0,0.02,0,0,0,601
0.16,0.26,1.45,0.011,0.003,0.005,0.02,0.04,0.0051,0.005,0.026,0,0,0.02,0,0.02,0,0,0,521
0.16,0.26,1.45,0.011,0.003,0.005,0.02,0.038,0.0056,0.005,0.043,0,0,0.02,0,0.02,0,0,0,535
0.15,0.27,1.36,0.017,0.008,0.003,0.03,0.027,0.01,0.006,0.003,0,0.003,0.04,0,0.01,0,0,0.0054,548
0.15,0.27,1.36,0.017,0.008,0.003,0.03,0.027,0.01,0.006,0.003,0,0.003,0.04,0,0.01,0,0,0.0054,524
0.15,0.27,1.39,0.016,0.008,0.003,0.03,0.028,0.011,0.01,0.003,0,0.003,0.04,0,0.01,0,0,0.0057,542
0.15,0.27,1.39,0.016,0.008,0.003,0.03,0.028,0.011,0.01,0.003,0,0.003,0.04,0,0.01,0,0,0.0057,522
0.067,0.21,1.44,0.002,0.0017,0,0.49,0.027,0.0013,0.01,0,0,0,0,0,0,0,0,0,480
0.067,0.21,1.44,0.002,0.0017,0,0.49,0.027,0.0013,0.01,0,0,0,0,0,0,0,0,0,480
0.071,0.38,1.47,0.01,0.003,0,0,0.063,0.0045,0.01,0,0,0,0,0,0,0,0,0,539
0.071,0.38,1.47,0.01,0.003,0,0,0.063,0.0045,0.01,0,0,0,0,0,0,0,0,0,548
0.071,0.38,1.47,0.01,0.003,0,0,0.063,0.0045,0.01,0,0,0,0,0,0,0,0,0,533
0.079,0.42,1.46,0.01,0.003,0,0,0.034,0.004,0.01,0,0,0.01,0,0,0,0,0,0,548
0.079,0.42,1.46,0.01,0.003,0,0,0.034,0.004,0.01,0,0,0.01,0,0,0,0,0,0,518
0.079,0.42,1.46,0.01,0.003,0,0,0.034,0.004,0.01,0,0,0.01,0,0,0,0,0,0,535
0.07,0.35,1.47,0.01,0.004,0,0.51,0.038,0.0058,0.011,0,0,0.013,0,0,0,0,0,0,484
0.074,0.21,1.44,0.017,0.0017,0,0.52,0.032,0.0015,0.014,0,0,0,0,0,0,0,0,0,496
0.067,0.21,1.44,0.002,0.0017,0,0.49,0.027,0.0013,0.014,0,0,0,0,0,0,0,0,0,480
0.061,0.21,1.45,0.007,0.0017,0,0.52,0.032,0.0021,0.014,0,0,0,0,0,0,0,0,0,476
0.067,0.21,1.44,0.002,0.0017,0,0.49,0.027,0.0013,0.014,0,0,0,0,0,0,0,0,0,480
0.08,0.21,1.45,0.002,0.0019,0,0.5,0.028,0.0012,0.015,0,0,0,0,0,0,0,0,0,504
0.078,0.21,1.46,0.002,0.0018,0,0.5,0.03,0.0014,0.015,0,0,0,0,0,0,0,0,0,507
0.076,0.2,1.44,0.002,0.004,0,0.51,0.029,0.0013,0.015,0,0,0,0,0,0,0,0,0,485
0.078,0.21,1.46,0.002,0.0018,0,0.5,0.03,0.0014,0.015,0,0,0,0,0,0,0,0,0,507
0.073,0.03,1.46,0.002,0.0016,0.005,0.005,0.027,0.0014,0.015,0.005,0,0,0.005,0,0,0,0,0,490
0.073,0.03,1.46,0.002,0.0016,0.005,0.005,0.027,0.0014,0.015,0.005,0,0,0.005,0,0,0,0,0,490
0.076,0.2,1.44,0.002,0.004,0,0.51,0.029,0.0013,0.015,0,0,0,0,0,0,0,0,0,485
0.078,0.21,1.46,0.002,0.0018,0,0.5,0.03,0.0014,0.015,0,0,0,0,0,0,0,0,0,507
0.078,0.21,1.46,0.002,0.0018,0,0.5,0.03,0.0014,0.015,0,0,0,0,0,0,0,0,0,507
0.08,0.21,1.45,0.002,0.0019,0,0.5,0.028,0.0012,0.015,0,0,0,0,0,0,0,0,0,504
0.087,0.18,1.43,0.009,0.005,0,0.52,0.026,0.0077,0.016,0,0,0,0,0,0,0,0,0,492
0.08,0.18,1.44,0.002,0.0018,0,0.52,0.026,0.0018,0.016,0,0,0,0,0,0,0,0,0,487
0.084,0.22,1.45,0.002,0.0017,0,0.51,0.027,0.0014,0.016,0,0,0,0,0,0,0,0,0,499
0.08,0.18,1.44,0.002,0.0018,0,0.52,0.026,0.0018,0.016,0,0,0,0,0,0,0,0,0,487
0.081,0.03,1.46,0.008,0.006,0.005,0.02,0.027,0.0069,0.016,0.008,0,0,0.012,0,0,0,0,0,511
0.081,0.03,1.46,0.008,0.006,0.005,0.016,0.027,0.0069,0.016,0.008,0,0,0.012,0,0,0,0,0,511
0.083,0.21,1.46,0.002,0.0017,0,0.51,0.027,0.0016,0.016,0,0,0,0,0,0,0,0,0,504
0.083,0.21,1.46,0.002,0.0017,0,0.51,0.027,0.0016,0.016,0,0,0,0,0,0,0,0,0,504
0.084,0.22,1.45,0.002,0.0017,0,0.51,0.027,0.0014,0.016,0,0,0,0,0,0,0,0,0,499
0.087,0.18,1.43,0.009,0.005,0,0.52,0.026,0.0077,0.016,0,0,0,0,0,0,0,0,0,492
0.08,0.2,1.39,0.003,0.0015,0,0.49,0.034,0.0025,0.017,0,0,0,0,0,0,0,0,0,489
0.078,0.2,1.39,0.003,0.002,0,0.49,0.034,0.0025,0.017,0,0,0,0,0,0,0,0,0,489
0.078,0.2,1.39,0.003,0.002,0,0.49,0.034,0.0025,0.017,0,0,0,0,0,0,0,0,0,489
0.08,0.2,1.39,0.003,0.0015,0,0.49,0.034,0.0025,0.017,0,0,0,0,0,0,0,0,0,489
0.083,0.22,1.47,0.003,0.006,0,0.5,0.03,0.0045,0.018,0,0,0,0,0,0,0,0,0,487
0.092,0.22,1.45,0.017,0.005,0,0.5,0.03,0.0042,0.018,0,0,0,0,0,0,0,0,0,501
0.081,0.21,1.45,0.009,0.006,0,0.51,0.03,0.0044,0.018,0,0,0,0,0,0,0,0,0,498
0.16,0.35,1.07,0.014,0.002,0.002,0.018,0.038,0.007,0.019,0.002,0.0002,0.001,0.014,0,0.013,0,0,0,523
0.091,0.21,1.43,0.016,0.004,0,0.52,0.037,0.0064,0.019,0,0,0,0,0,0,0,0,0,507
0.07,0.39,1.46,0.011,0.006,0.02,0.07,0.037,0.017,0.019,0.13,0,0.009,0.08,0,0.07,0,0,0,656
0.091,0.21,1.43,0.016,0.004,0,0.52,0.037,0.0064,0.019,0,0,0,0,0,0,0,0,0,507
0.072,0.11,1.45,0.009,0.005,0.15,0.49,0,0.0084,0.02,0,0.0042,0.01,0,0,0,0,0,0,574
0.066,0.37,1.44,0.009,0.004,0,0.51,0.068,0.0049,0.02,0,0,0.013,0,0,0,0,0,0,489
0.069,0.11,1.46,0.009,0.003,0,0.51,0.007,0.006,0.02,0,0.0023,0.011,0,0,0,0,0,0,504
0.078,0.08,1.45,0.009,0.003,0.14,0.5,0.006,0.0071,0.02,0,0.0025,0.011,0,0,0,0,0,0,547
0.084,0.22,1.45,0.002,0.0017,0,0.51,0.027,0.0014,0.02,0,0,0,0,0,0,0,0,0,499
0.083,0.21,1.46,0.002,0.0017,0,0.51,0.027,0.0016,0.02,0,0,0,0,0,0,0,0,0,504
0.08,0.21,1.45,0.002,0.0019,0,0.5,0.028,0.0012,0.02,0,0,0,0,0,0,0,0,0,504
0.065,0.31,1.43,0.009,0.005,0,0.5,0.039,0.002,0.02,0,0,0,0,0,0,0,0,0,489
0.062,0.44,1.46,0.013,0.007,0.02,0.09,0.027,0.015,0.02,0.11,0,0,0.07,0,0.07,0,0,0,614
0.065,0.31,1.43,0.009,0.005,0,0.5,0.039,0.002,0.02,0,0,0,0,0,0,0,0,0,489
0.065,0.45,1.43,0.013,0.007,0.02,0.09,0.027,0.015,0.02,0.11,0,0,0.07,0,0.07,0,0,0,613
0.065,0.37,1.32,0.013,0.006,0.02,0.07,0.026,0.015,0.02,0.12,0,0,0.07,0,0.07,0,0,0,639
0.065,0.35,1.35,0.013,0.006,0.02,0.07,0.022,0.015,0.02,0.12,0,0,0.08,0,0.07,0,0,0,664
0.066,0.38,1.45,0.012,0.006,0.02,0.07,0.037,0.017,0.02,0.13,0,0.009,0.08,0,0.07,0,0,0,615
0.067,0.39,1.37,0.013,0.005,0.03,0.08,0.022,0.018,0.02,0.11,0,0,0.1,0,0.07,0,0,0,601
0.08,0.21,1.45,0.002,0.0019,0,0.5,0.028,0.0012,0.02,0,0,0,0,0,0,0,0,0,504
0.083,0.21,1.46,0.002,0.0017,0,0.51,0.027,0.0016,0.02,0,0,0,0,0,0,0,0,0,504
0.084,0.22,1.45,0.002,0.0017,0,0.51,0.027,0.0014,0.02,0,0,0,0,0,0,0,0,0,499
0.14,0.4,1.36,0.013,0.008,0.002,0.019,0.027,0.004,0.021,0.004,0.0001,0.019,0.024,0,0.01,0,0,0,510
0.074,0.38,1.47,0.01,0.003,0,0.51,0.038,0.0061,0.021,0,0,0.012,0,0,0,0,0,0,492
0.075,0.11,1.49,0.01,0.003,0,0.51,0.034,0.0051,0.021,0,0,0.013,0,0,0,0,0,0,472
0.077,0.37,1.45,0.009,0.004,0,0.5,0.042,0.0031,0.021,0,0,0.013,0,0,0,0,0,0,529
0.07,0.11,1.45,0.01,0.004,0,0.5,0.064,0.0037,0.021,0,0,0.013,0,0,0,0,0,0,499
0.07,0.36,1.47,0.01,0.004,0,0.51,0.038,0.0058,0.021,0,0,0.014,0,0,0,0,0,0,490
0.094,0.2,1.41,0.003,0.004,0,0.51,0.041,0.0058,0.021,0,0,0,0,0,0,0,0,0,499
0.076,0.31,1.44,0.011,0.006,0,0.02,0.042,0.0047,0.021,0,0,0.01,0,0,0,0,0,0,468
0.08,0.3,1.4,0.011,0.005,0,0.02,0.036,0.0088,0.021,0,0,0.01,0,0,0,0,0,0,472
0.075,0.3,1.44,0.01,0.004,0,0.02,0.041,0.0006,0.021,0,0,0.009,0,0,0,0,0,0,476
0.078,0.3,1.45,0.01,0.006,0,0.02,0.039,0.0024,0.021,0,0,0.009,0,0,0,0,0,0,468
0.077,0.32,1.45,0.01,0.006,0,0.5,0.037,0.0006,0.021,0,0,0,0,0,0,0,0,0,509
0.071,0.31,1.54,0.01,0.006,0,0.5,0.036,0.004,0.021,0,0,0,0,0,0,0,0,0,504
0.078,0.34,1.44,0.01,0.006,0,0.5,0.035,0.0088,0.021,0,0,0,0,0,0,0,0,0,504
0.085,0.21,1.44,0.012,0.005,0,0.51,0.035,0.0059,0.021,0,0,0,0,0,0,0,0,0,506
0.085,0.22,1.45,0.005,0.005,0,0.52,0.029,0.0054,0.021,0,0,0,0,0,0,0,0,0,493
0.091,0.2,1.44,0.007,0.006,0,0.52,0.033,0.0062,0.021,0,0,0,0,0,0,0,0,0,498
0.076,0.2,1.42,0.003,0.003,0,0.52,0.036,0.0062,0.021,0,0,0,0,0,0,0,0,0,488
0.071,0.35,1.44,0.008,0.003,0,0.5,0.032,0.004,0.021,0,0,0.012,0,0,0,0,0,0,486
0.083,0.35,1.44,0.007,0.003,0,0.5,0.032,0.0076,0.021,0,0,0.01,0,0,0,0,0,0,507
0.063,0.39,1.48,0.012,0.005,0.02,0.07,0.041,0.017,0.021,0.13,0,0.01,0.08,0,0.07,0,0,0,619
0.063,0.35,1.45,0.009,0.003,0,0.5,0.034,0.0052,0.021,0,0,0.012,0,0,0,0,0,0,472
0.064,0.45,1.46,0.012,0.007,0.02,0.09,0.031,0.015,0.021,0.11,0,0,0.07,0,0.07,0,0,0,622
0.065,0.38,1.39,0.013,0.006,0.02,0.07,0.029,0.015,0.021,0.12,0,0,0.08,0,0.07,0,0,0,723
0.065,0.36,1.45,0.009,0.003,0,0.5,0.034,0.0038,0.021,0,0,0.012,0,0,0,0,0,0,507
0.067,0.4,1.44,0.013,0.005,0.03,0.08,0.025,0.018,0.021,0.11,0,0,0.1,0,0.07,0,0,0,656
0.071,0.31,1.54,0.01,0.006,0,0.5,0.036,0.004,0.021,0,0,0,0,0,0,0,0,0,504
0.075,0.3,1.44,0.01,0.004,0,0.02,0.041,0.0006,0.021,0,0,0.009,0,0,0,0,0,0,476
0.076,0.31,1.44,0.011,0.006,0,0.02,0.042,0.0047,0.021,0,0,0.01,0,0,0,0,0,0,468
0.076,0.2,1.42,0.003,0.003,0,0.52,0.036,0.0062,0.021,0,0,0,0,0,0,0,0,0,488
0.077,0.32,1.45,0.01,0.006,0,0.5,0.037,0.0006,0.021,0,0,0,0,0,0,0,0,0,509
0.078,0.3,1.45,0.01,0.006,0,0.02,0.039,0.0024,0.021,0,0,0.009,0,0,0,0,0,0,468
0.078,0.34,1.44,0.01,0.006,0,0.5,0.035,0.0088,0.021,0,0,0,0,0,0,0,0,0,504
0.08,0.3,1.4,0.011,0.005,0,0.02,0.036,0.0088,0.021,0,0,0.01,0,0,0,0,0,0,472
0.085,0.21,1.44,0.012,0.005,0,0.51,0.035,0.0059,0.021,0,0,0,0,0,0,0,0,0,506
0.085,0.22,1.45,0.005,0.005,0,0.52,0.029,0.0054,0.021,0,0,0,0,0,0,0,0,0,493
0.091,0.2,1.44,0.007,0.006,0,0.52,0.033,0.0062,0.021,0,0,0,0,0,0,0,0,0,498
0.094,0.2,1.41,0.003,0.004,0,0.51,0.041,0.0058,0.021,0,0,0,0,0,0,0,0,0,499
0.12,0.41,1.41,0.012,0.009,0.002,0.019,0.039,0.004,0.022,0.003,0.0002,0.018,0.019,0,0.012,0,0,0,556
0.1,0.21,1.48,0.016,0.007,0,0.51,0.033,0.0078,0.022,0,0,0,0,0,0,0,0,0,519
0.095,0.21,1.48,0.027,0.006,0,0.52,0.036,0.0063,0.022,0,0,0,0,0,0,0,0,0,507
0.077,0.32,1.44,0.013,0.003,0,0,0.034,0.0042,0.022,0.05,0,0,0,0,0.15,0,0,0,548
0.061,0.35,1.45,0.008,0.003,0,0.5,0.035,0.0038,0.022,0,0,0.011,0,0,0,0,0,0,477
0.071,0.35,1.45,0.008,0.003,0,0.51,0.036,0.0055,0.022,0,0,0.011,0,0,0,0,0,0,495
0.072,0.35,1.45,0.007,0.004,0,0.51,0.036,0.0036,0.022,0,0,0.012,0,0,0,0,0,0,513
0.075,0.34,1.45,0.008,0.003,0,0.5,0.032,0.0049,0.022,0,0,0.011,0,0,0,0,0,0,565
0.095,0.21,1.48,0.027,0.006,0,0.52,0.036,0.0063,0.022,0,0,0,0,0,0,0,0,0,507
0.1,0.21,1.48,0.016,0.007,0,0.51,0.033,0.0078,0.022,0,0,0,0,0,0,0,0,0,519
0.061,0.29,1.45,0.013,0.003,0,0.16,0.037,0.0047,0.023,0.05,0,0,0,0,0.15,0,0,0,530
0.067,0.29,1.45,0.01,0.003,0,0.16,0.04,0.0034,0.023,0.05,0,0,0,0,0,0,0,0,530
0.073,0.31,1.43,0.013,0.003,0.2,0,0.038,0.0053,0.023,0,0,0,0,0,0,0,0,0,558
0.06,0.35,1.45,0.008,0.003,0,0.51,0.035,0.0037,0.023,0,0,0.011,0,0,0,0,0,0,558
0.15,0.3,1.39,0.016,0.024,0,0,0,0.005,0.024,0,0,0,0,0,0,0,0,0,605
0.15,0.3,1.39,0.016,0.024,0,0,0,0.005,0.024,0,0,0,0,0,0,0,0,0,584
0.15,0.3,1.39,0.016,0.024,0,0,0,0.005,0.024,0,0,0,0,0,0,0,0,0,549
0.15,0.3,1.39,0.016,0.024,0,0,0,0.005,0.024,0,0,0,0,0,0,0,0,0,598
0.15,0.3,1.39,0.016,0.024,0,0,0,0.005,0.024,0,0,0,0,0,0,0,0,0,623
0.15,0.3,1.39,0.016,0.024,0,0,0,0.005,0.024,0,0,0,0,0,0,0,0,0,638
0.091,0.31,1.43,0,0.001,0,0,0,0,0.024,0,0,0,0,0,0,0,0,0,600
0.21,0.146,1.35,0.03,0.033,0,0,0,0,0.025,0,0,0,0,0,0,0,0,0,647.46
0.081,0.32,1.37,0.012,0.003,0,0,0.039,0.0047,0.025,0,0,0,0,0,0.02,0,0,0,479
0.097,0.33,1.38,0.01,0.003,0,0,0.039,0.0047,0.025,0,0,0,0,0,0.02,0,0,0,479
0.08,0.3,1.4,0.01,0.005,0,0,0.04,0.0048,0.025,0,0,0,0,0,0.02,0,0,0,473
0.092,0.29,1.41,0.015,0.004,0.21,0.3,0.029,0.009,0.025,0.05,0,0.0005,0,0,0,0,0,0,594
0.08,0.3,1.4,0.01,0.005,0,0,0.04,0.0048,0.025,0,0,0,0,0,0.02,0,0,0,473
0.081,0.32,1.37,0.012,0.003,0,0,0.039,0.0047,0.025,0,0,0,0,0,0.02,0,0,0,479
0.097,0.33,1.38,0.01,0.003,0,0,0.039,0.0047,0.025,0,0,0,0,0,0.02,0,0,0,479
0.15,0.4,1.37,0.02,0.007,0.002,0.02,0.033,0.004,0.026,0.002,0.0002,0.002,0.02,0,0.017,0,0,0,548
0.09,0.33,1.39,0.011,0.002,0,0,0.04,0.0049,0.026,0,0,0,0,0,0.02,0,0,0,493
0.092,0.31,1.39,0.011,0.002,0,0,0.04,0.0036,0.026,0,0,0,0,0,0.02,0,0,0,498
0.1,0.3,1.46,0.014,0.003,0,0.7,0.026,0.005,0.026,0.05,0,0.001,0,0,0.3,0,0,0,602
0.1,0.3,1.46,0.015,0.003,0,0.31,0.031,0.006,0.026,0.05,0,0.0005,0,0,0,0,0,0,563
0.097,0.3,1.45,0.014,0.004,0,0.42,0.03,0.007,0.026,0.05,0,0.0005,0,0,0.31,0,0,0,566
0.079,0.29,1.59,0.014,0.004,0,0.41,0.028,0.006,0.026,0.05,0,0.0005,0,0,0,0,0,0,550
0.1,0.31,1.46,0.015,0.002,0.08,0.31,0.025,0.005,0.026,0.05,0,0.0005,0,0,0,0,0,0,584
0.071,0.43,1.49,0.009,0.006,0.02,0.08,0.026,0.0089,0.026,0.12,0,0,0.07,0,0.07,0,0,0,678
0.09,0.33,1.39,0.011,0.002,0,0,0.04,0.0049,0.026,0,0,0,0,0,0.02,0,0,0,493
0.092,0.31,1.39,0.011,0.002,0,0,0.04,0.0036,0.026,0,0,0,0,0,0.02,0,0,0,498
0.15,0.38,1.41,0.013,0.013,0.002,0.023,0.041,0.005,0.027,0.002,0.0003,0.002,0.023,0,0.013,0,0,0,563
0.09,0.3,1.39,0.011,0.002,0,0,0.041,0.0061,0.027,0,0,0,0,0,0.02,0,0,0,490
0.097,0.31,1.39,0.01,0.002,0,0,0.04,0.0054,0.027,0,0,0,0,0,0.26,0,0,0,504
0.073,0.29,1.45,0.014,0.004,0,0.41,0.028,0.01,0.027,0.05,0,0.0005,0,0,0,0,0,0,529
0.09,0.3,1.39,0.011,0.002,0,0,0.041,0.0061,0.027,0,0,0,0,0,0.02,0,0,0,490
0.097,0.31,1.39,0.01,0.002,0,0,0.04,0.0054,0.027,0,0,0,0,0,0.26,0,0,0,504
0.15,0.29,1.23,0.017,0.008,0.003,0.02,0.014,0.011,0.028,0.003,0,0.003,0.01,0,0.01,0,0,0.0077,552
0.15,0.29,1.25,0.018,0.008,0.003,0.02,0.016,0.01,0.028,0.003,0,0.003,0.01,0,0.01,0,0,0.0066,549
0.15,0.29,1.23,0.018,0.008,0.003,0.02,0.015,0.01,0.028,0.003,0,0.003,0.01,0,0.01,0,0,0.0069,546
0.15,0.29,1.23,0.017,0.008,0.003,0.02,0.014,0.011,0.028,0.003,0,0.003,0.01,0,0.01,0,0,0.0077,522
0.15,0.29,1.25,0.018,0.008,0.003,0.02,0.016,0.01,0.028,0.003,0,0.003,0.01,0,0.01,0,0,0.0066,520
0.15,0.29,1.23,0.018,0.008,0.003,0.02,0.015,0.01,0.028,0.003,0,0.003,0.01,0,0.01,0,0,0.0069,522
0.16,0.32,1.29,0.018,0.008,0.003,0.02,0.014,0.0097,0.029,0.003,0,0.003,0.01,0,0.01,0,0,0.0062,561
0.16,0.32,1.29,0.017,0.008,0.003,0.02,0.017,0.0095,0.029,0.003,0,0.003,0.01,0,0.01,0,0,0.0053,580
0.16,0.32,1.29,0.018,0.008,0.003,0.02,0.014,0.0097,0.029,0.003,0,0.003,0.01,0,0.01,0,0,0.0062,531
0.16,0.32,1.29,0.017,0.008,0.003,0.02,0.017,0.0095,0.029,0.003,0,0.003,0.01,0,0.01,0,0,0.0053,537
0.084,0.3,1.46,0.014,0.003,0,0.91,0.029,0.005,0.029,0,0,0.0005,0,0,0.3,0,0,0,571
0.061,0.38,1.39,0.012,0.006,0.02,0.08,0.013,0.0089,0.029,0.13,0,0.005,0.07,0,0.07,0,0,0,613
0.062,0.39,1.49,0.012,0.007,0.02,0.08,0.033,0.0075,0.029,0.13,0,0,0.07,0,0.07,0,0,0,692
0.062,0.39,1.44,0.012,0.006,0.02,0.08,0.018,0.0093,0.029,0.13,0,0.005,0.07,0,0.07,0,0,0,646
0.064,0.39,1.51,0.013,0.007,0.02,0.08,0.034,0.0077,0.029,0.14,0,0,0.07,0,0.07,0,0,0,694
0.06,0.4,1.5,0.015,0.005,0.02,0.07,0.025,0.01,0.03,0.1,0.0003,0,0.08,0,0.07,0,0,0,674
0.06,0.4,1.5,0.015,0.005,0.02,0.07,0.025,0.01,0.03,0.1,0.0003,0,0.08,0,0.07,0,0,0,653
0.06,0.4,1.5,0.015,0.005,0.02,0.07,0.025,0.01,0.03,0.1,0.0003,0,0.08,0,0.07,0,0,0,740
0.06,0.4,1.5,0.015,0.005,0.02,0.07,0.025,0.01,0.03,0.1,0.0003,0.007,0.08,0,0.07,0,0,0,599
0.06,0.4,1.5,0.015,0.005,0.02,0.07,0.025,0.01,0.03,0.1,0.0003,0.007,0.08,0,0.07,0,0,0,646
0.06,0.4,1.5,0.015,0.005,0.02,0.07,0.025,0.01,0.03,0.1,0.0003,0.007,0.08,0,0.07,0,0,0,695
0.061,0.48,1.48,0.015,0.005,0.02,0.09,0.035,0.011,0.03,0.11,0.0003,0.003,0.08,0,0.08,0,0,0.007,740
0.061,0.48,1.48,0.015,0.005,0.02,0.09,0.035,0.011,0.03,0.11,0.0003,0.003,0.08,0,0.08,0,0,0.007,653
0.061,0.48,1.48,0.015,0.005,0.02,0.09,0.035,0.011,0.03,0.11,0.0003,0.003,0.08,0,0.08,0,0,0.007,673
0.15,0.26,1.45,0.012,0.003,0.005,0.02,0.038,0.0059,0.03,0.005,0,0,0.02,0,0.02,0,0,0,548
0.091,0.3,1.42,0.013,0.003,0,0.89,0.026,0.006,0.03,0,0,0.002,0,0,0.3,0,0,0,557
0.062,0.4,1.51,0.012,0.007,0.02,0.08,0.033,0.0077,0.03,0.14,0,0,0.07,0,0.07,0,0,0,654
0.065,0.43,1.46,0.011,0.005,0.02,0.06,0.028,0.0088,0.03,0.12,0,0,0.07,0,0.07,0,0,0,675
0.068,0.43,1.23,0.012,0.014,0.005,0.24,0.074,0.0092,0.03,0,0,0,0.52,0,0.35,0,0,0,510
0.068,0.43,1.23,0.012,0.014,0.005,0.24,0.074,0.0092,0.03,0,0,0,0.52,0,0.35,0,0,0,507
0.068,0.43,1.23,0.012,0.014,0.005,0.24,0.074,0.0092,0.03,0,0,0,0.52,0,0.35,0,0,0,521
0.068,0.43,1.23,0.012,0.014,0.005,0.24,0.074,0.0092,0.03,0,0,0,0.52,0,0.35,0,0,0,573
0.11,0.43,1.16,0.012,0.014,0.01,0.24,0.069,0.01,0.03,0,0,0,0.53,0,0.35,0,0,0,523
0.11,0.43,1.16,0.012,0.014,0.01,0.24,0.069,0.01,0.03,0,0,0,0.53,0,0.35,0,0,0,527
0.11,0.43,1.16,0.012,0.014,0.01,0.24,0.069,0.01,0.03,0,0,0,0.53,0,0.35,0,0,0,544
0.11,0.43,1.16,0.012,0.014,0.01,0.24,0.069,0.01,0.03,0,0,0,0.53,0,0.35,0,0,0,592
0.11,0.41,1.43,0.015,0.012,0,0.02,0.039,0.0057,0.03,0.005,0,0,0,0,0.02,0,0,0,519
0.11,0.41,1.4,0.015,0.011,0,0.02,0.038,0.0057,0.03,0.005,0,0,0,0,0.02,0,0,0,494
0.15,0.26,1.45,0.012,0.003,0.005,0.02,0.038,0.0059,0.03,0.005,0,0,0.02,0,0.02,0,0,0,548
0.1,0.19,1.4,0.005,0.002,0,0,0.031,0.004,0.031,0.003,0.0006,0,0,0,0,0,0,0,484
0.1,0.36,1.36,0.011,0.003,0.002,0.019,0.036,0.004,0.031,0.002,0.0001,0.002,0.017,0,0.01,0,0,0,528
0.056,0.51,1.45,0.016,0.005,0.02,0.09,0.022,0.011,0.031,0.11,0.0003,0.008,0.08,0,0.07,0,0,0,695
0.056,0.51,1.45,0.016,0.005,0.02,0.09,0.022,0.011,0.031,0.11,0.0003,0.008,0.08,0,0.07,0,0,0,646
0.056,0.51,1.45,0.016,0.005,0.02,0.09,0.022,0.011,0.031,0.11,0.0003,0.008,0.08,0,0.07,0,0,0,599
0.1,0.02,0.91,0.011,0.008,0,0,0.04,0.007,0.031,0,0,0.041,0,0,0,0,0.005,0,485
0.1,0.02,0.91,0.011,0.008,0,0,0.04,0.007,0.031,0,0,0.041,0,0,0,0,0.005,0,409
0.1,0.02,0.91,0.011,0.008,0,0,0.04,0.007,0.031,0,0,0.041,0,0,0,0,0.005,0,435
0.1,0.02,0.91,0.011,0.008,0,0,0.04,0.007,0.031,0,0,0.041,0,0,0,0,0.005,0,492
0.1,0.02,0.91,0.011,0.008,0,0,0.04,0.007,0.031,0,0,0.041,0,0,0,0,0.005,0,495
0.1,0.02,0.91,0.011,0.008,0,0,0.04,0.007,0.031,0,0,0.041,0,0,0,0,0.005,0,489
0.1,0.02,0.91,0.011,0.008,0,0,0.04,0.007,0.031,0,0,0.041,0,0,0,0,0.005,0,475
0.1,0.02,0.91,0.011,0.008,0,0,0.04,0.007,0.031,0,0,0.041,0,0,0,0,0.005,0,467
0.1,0.02,0.91,0.011,0.008,0,0,0.04,0.007,0.031,0,0,0.041,0,0,0,0,0.005,0,456
0.1,0.02,0.91,0.011,0.008,0,0,0.04,0.007,0.031,0,0,0.041,0,0,0,0,0.005,0,517
0.1,0.02,0.91,0.011,0.008,0,0,0.04,0.007,0.031,0,0,0.041,0,0,0,0,0.005,0,514
0.1,0.02,0.91,0.011,0.008,0,0,0.04,0.007,0.031,0,0,0.041,0,0,0,0,0.005,0,505
0.1,0.02,0.91,0.011,0.008,0,0,0.04,0.007,0.031,0,0,0.041,0,0,0,0,0.005,0,488
0.1,0.02,0.91,0.011,0.008,0,0,0.04,0.007,0.031,0,0,0.041,0,0,0,0,0.005,0,481
0.1,0.02,0.91,0.011,0.008,0,0,0.04,0.007,0.031,0,0,0.041,0,0,0,0,0.005,0,456
0.1,0.02,0.91,0.011,0.008,0,0,0.04,0.007,0.031,0,0,0.041,0,0,0,0,0.005,0,466
0.1,0.02,0.91,0.011,0.008,0,0,0.04,0.007,0.031,0,0,0.041,0,0,0,0,0.005,0,475
0.1,0.02,0.91,0.011,0.008,0,0,0.04,0.007,0.031,0,0,0.041,0,0,0,0,0.005,0,480
0.1,0.02,0.91,0.011,0.008,0,0,0.04,0.007,0.031,0,0,0.041,0,0,0,0,0.005,0,478
0.1,0.02,0.91,0.011,0.008,0,0,0.04,0.007,0.031,0,0,0.041,0,0,0,0,0.005,0,427
0.1,0.27,1.45,0.011,0.004,0,0.016,0.025,0.0058,0.031,0.005,0,0,0,0,0.02,0,0,0,502
0.094,0.28,1.37,0.015,0.003,0,0.85,0.028,0.004,0.031,0,0,0.011,0,0,0.28,0,0,0,560
0.098,0.45,1.56,0.014,0.002,0,0.31,0.031,0.008,0.031,0.09,0,0.011,0,0,0.3,0,0,0,596
0.062,0.41,1.48,0.012,0.006,0.02,0.08,0.041,0.0087,0.031,0.13,0,0.007,0.07,0,0.07,0,0,0,622
0.1,0.27,1.45,0.011,0.004,0,0.016,0.025,0.0058,0.031,0.005,0,0,0,0,0.02,0,0,0,502
0.1,0.19,1.4,0.005,0.002,0.005,0.02,0.031,0.004,0.031,0.005,0,0,0.02,0,0.02,0,0,0,484
0.14,0.42,1.15,0.012,0.014,0.01,0.24,0.071,0.0084,0.031,0,0,0,0.54,0,0.35,0,0,0,551
0.14,0.42,1.15,0.012,0.014,0.01,0.24,0.071,0.0084,0.031,0,0,0,0.54,0,0.35,0,0,0,543
0.14,0.42,1.15,0.012,0.014,0.01,0.24,0.071,0.0084,0.031,0,0,0,0.54,0,0.35,0,0,0,602
0.14,0.42,1.15,0.012,0.014,0.01,0.24,0.071,0.0084,0.031,0,0,0,0.54,0,0.35,0,0,0,622
0.086,0.32,1.34,0.011,0.0065,0,0,0.035,0.0056,0.032,0,0,0,0,0.015,0,0,0,0,510
0.086,0.32,1.34,0.011,0.0065,0,0,0.035,0.0056,0.032,0,0,0,0,0.015,0,0,0,0,593
0.086,0.32,1.34,0.011,0.0065,0,0,0.035,0.0056,0.032,0,0,0,0,0.015,0,0,0,0,600
0.086,0.32,1.34,0.011,0.0065,0,0,0.035,0.0056,0.032,0,0,0,0,0.015,0,0,0,0,695
0.14,0.25,1.44,0.011,0.003,0,0.016,0.027,0.0049,0.032,0.005,0,0,0,0,0.02,0,0,0,528
0.11,0.29,1.41,0.015,0.003,0,0.3,0.027,0.005,0.032,0.05,0,0.011,0,0,0,0,0,0,546
0.099,0.45,1.56,0.016,0.002,0,0.31,0.03,0.007,0.032,0.09,0,0,0,0,0.3,0,0,0,633
0.12,0.27,1.41,0.014,0.002,0,0.31,0.028,0.008,0.032,0.09,0,0.012,0,0,0,0,0,0,564
0.14,0.25,1.44,0.011,0.003,0,0.016,0.027,0.0049,0.032,0.005,0,0,0,0,0.02,0,0,0,528
0.18,0.49,1.58,0.012,0.002,0.005,0.02,0.06,0.0057,0.032,0,0,0,0.02,0,0.02,0,0,0,583
0.18,0.47,1.57,0.013,0.002,0.005,0.02,0.071,0.0059,0.032,0,0,0,0.02,0,0.02,0,0,0,586
0.11,0.3,1.4,0,0,0,0,0,0,0.034,0,0,0,0,0,0,0,0,0,525
0.05,0.48,1.35,0.014,0.01,0.01,0.02,0.04,0.0055,0.036,0.005,0,0,0.02,0,0.02,0,0,0,454
0.051,0.5,1.4,0.014,0.011,0.01,0.02,0.04,0.0058,0.036,0.005,0,0,0.02,0,0.02,0,0,0,492
0.025,0.24,1.56,0.002,0.0006,0.32,2.99,0,0.0062,0.039,0.019,0,0,0,0,0,0,0,0,630
0.073,0.39,1.63,0,0,0.2,0,0,0,0.039,0,0,0.014,0.5,0,0,0,0,0,756
0.025,0.24,1.56,0.002,0.0006,0.32,0,0,0.0062,0.04,0.02,0,0,0,0,0,0,0,0.0043,590
0.07,0.25,0.9,0.007,0.0015,0,0.2,0,0.004,0.04,0.04,0,0.015,0,0,0.2,0,0,0.004,630
0.025,0.24,1.56,0.002,0.0006,0.32,0,0,0.0062,0.04,0.02,0,0,0,0,0,0,0,0.0043,590
0.07,0.25,0.9,0.007,0.0015,0,0.2,0,0.004,0.04,0.04,0,0.015,0,0,0.2,0,0,0.004,630
0.07,0.25,1.1,0,0,0,0,0.041,0.003,0.04,0,0,0.02,0,0,0,0,0,0,489
0.07,0.25,1.1,0,0,0,0,0.041,0.003,0.04,0,0,0.02,0,0,0,0,0,0,524
0.07,0.25,1.1,0,0,0,0,0.041,0.003,0.04,0,0,0.02,0,0,0,0,0,0,561
0.07,0.25,1.1,0,0,0,0,0.041,0.003,0.04,0,0,0.02,0,0,0,0,0,0,563
0.07,0.25,1.1,0,0,0,0,0.041,0.003,0.04,0,0,0.02,0,0,0,0,0,0,483
0.07,0.25,1.1,0,0,0,0,0.041,0.003,0.04,0,0,0.02,0,0,0,0,0,0,509
0.1,0.24,1.17,0.01,0.01,0,0,0.04,0,0.04,0.04,0,0.05,0,0,0,0,0,0,543.2
0.16,0.36,1.16,0.014,0.01,0.002,0.02,0.032,0.008,0.042,0.002,0.0001,0.002,0.23,0,0.016,0,0,0,540
0.14,0.32,1.55,0.009,0.016,0,0,0.02,0.0097,0.043,0.1,0,0.023,0,0,0,0,0,0,560
0.076,0.3,1.47,0.014,0.004,0,0.42,0.03,0.006,0.045,0.05,0,0.0005,0,0,0,0,0,0,550
0.089,0.31,1.42,0.016,0.006,0,0.33,0.043,0.007,0.045,0.05,0,0.0005,0,0,0,0,0,0,570
0.16,0.47,1.45,0.015,0.007,0.001,0.02,0.041,0.008,0.046,0.003,0.0002,0.011,0.017,0,0.012,0,0,0,569
0.086,0.3,1.46,0.014,0.002,0,0.42,0.028,0.009,0.046,0.09,0,0,0,0,0,0,0,0,579
0.14,0.3,1.54,0.009,0.02,0,0,0.03,0.0094,0.047,0.092,0,0,0,0,0,0,0,0,596
0.07,0.31,1.36,0,0.005,0.15,0,0,0.009,0.052,0,0,0.01,0,0,0,0,0,0,628
0.079,0.25,1.36,0.008,0.003,0,0,0.03,0.0036,0.059,0,0,0,0,0,0,0,0,0,552
0.06,0,1.5,0,0,0.15,0,0,0,0.08,0,0.001,0.075,0,0,0,0,0,0,882
0.006,0,1.5,0,0,0,0,0,0,0.08,0,0,0.07,0,0,0,0,0,0,673
0.03,0.16,1.49,0.013,0.001,0,0.16,0.024,0.005,0.086,0,0,0.011,0.27,0,0.25,0,0,0,520
0.07,0.14,1.35,0.009,0.003,0,0,0.044,0.007,0.086,0,0,0.047,0,0,0,0,0,0,720
0.12,0.14,1.15,0.01,0.01,0,0,0.02,0,0.1,0,0,0,0,0,0,0,0,0,508.8
0.1,0.08,1.47,0,0,0,0,0,0,0.45,0,0,0.31,0,0,0,0,0,0,676
0.06,0,1.5,0,0,0,0,0,0,0.08,0,0,0.07,0,0,0,0,0,0,673
0.117,0.057,1.571,0.009,0.005,0.21,0.03,0.068,0.0046,0.05,0.06,0.002,0.003,0.5,0,0,0,0,0,894
0.117,0.057,1.571,0.009,0.005,0.21,0.03,0.068,0.0046,0.05,0.06,0.002,0.003,0.5,0,0,0,0,0,980
0.119,0.047,1.595,0.011,0.006,0.21,0.038,0.029,0.0055,0.05,0.06,0.002,0.028,0.5,0,0,0,0,0,802
0.119,0.047,1.595,0.011,0.006,0.21,0.038,0.029,0.0055,0.05,0.06,0.002,0.028,0.5,0,0,0,0,0,1103
0.06,0.22,1.72,0.01,0.002,0.16,0.21,0.025,0.008,0.038,0.015,0,0.004,0.05,0,0.18,0,0,0,649
0.06,0.2,1.75,0.01,0.006,0.3,0.9,0,0.007,0.045,0.05,0,0.02,0.3,0,0,0,0,0,563
0.03,0.48,1.46,0.01,0.006,0.19,0,0.19,0.003,0.04,0.05,0.002,0.04,0,0,0,0,0,0,696
0.1,0.15,1.25,0.01,0.01,0,0,0.014,0.007,0.05,0,0,0.01,0,0,0,0,0,0,660
0.08,0.3,1.2,0.01,0.007,0.5,3.6,0,0.007,0,0.02,0,0.02,0.3,0,1.8,0,0,0,895
