C,Si,Mn,P,S,Mo,Ni,Al,N,Nb,V,B,Ti,Cr,Ce,Cu,Ca,Zr,O,YS
0.14,0.35,1.56,0.01,0.015,0,0,0.03,0.009,0,0,0,0,0,0,0,0,0,0,272
0.15,0.31,1.41,0.01,0.015,0,0,0.02,0.013,0,0.096,0,0,0,0,0,0,0,0,378
0.054,0.03,0.54,0,0,0,0,0,0.005,0,0,0,0.075,0,0,0,0,0,0,412
0.061,0.03,0.56,0,0,0,0,0,0.005,0,0,0,0.092,0,0,0,0,0,0,410
0.055,0.03,0.55,0,0,0,0,0,0.005,0,0,0,0.092,0,0,0,0,0,0,395
0.054,0.03,0.54,0,0,0,0,0,0.005,0,0,0,0.092,0,0,0,0,0,0,428
0.048,0.03,0.53,0,0,0,0,0,0.004,0,0,0,0.11,0,0,0,0,0,0,430
0.052,0.03,0.55,0,0,0,0,0,0.004,0,0,0,0.033,0,0,0,0,0,0,400
0.052,0.03,0.53,0,0,0,0,0,0.005,0,0,0,0.065,0,0,0,0,0,0,440
0.054,0.03,0.55,0,0,0,0,0,0.004,0,0,0,0.06,0,0,0,0,0,0,418
0.052,0.03,0.55,0,0,0,0,0,0.005,0,0,0,0.052,0,0,0,0,0,0,418
0.051,0.03,0.52,0,0,0,0,0,0.004,0,0,0,0.042,0,0,0,0,0,0,412
0.045,0.03,0.49,0,0,0,0,0,0.004,0,0,0,0.092,0,0,0,0,0,0,388
0.069,0.03,0.55,0,0,0,0,0,0.004,0,0,0,0.08,0,0,0,0,0,0,464
0.075,0.03,0.5,0,0,0,0,0,0.006,0,0,0,0.1,0,0,0,0,0,0,505
0.065,0.03,0.49,0,0,0,0,0,0.006,0,0,0,0.082,0,0,0,0,0,0,395
0.065,0.03,0.47,0,0,0,0,0,0.006,0,0,0,0.09,0,0,0,0,0,0,398
0.06,0.03,0.45,0,0,0,0,0,0.007,0,0,0,0.18,0,0,0,0,0,0,483
0.009,0.03,0.96,0,0,0,0,0,0.005,0,0,0,0,0,0,0,0,0,0,197
0.03,0.17,0.55,0,0,0,0,0,0.005,0,0,0,0,0,0,0,0,0,0,169
0.03,0.17,0.55,0,0,0,0,0,0.005,0,0,0,0,0,0,0,0,0,0,213
0.03,0.17,0.55,0,0,0,0,0,0.005,0,0,0,0,0,0,0,0,0,0,357
0.031,0.05,0.41,0,0,0,0,0,0.005,0,0,0,0,0,0,0,0,0,0,165
0.031,0.05,0.41,0,0,0,0,0,0.005,0,0,0,0,0,0,0,0,0,0,224
0.031,0.05,0.41,0,0,0,0,0,0.005,0,0,0,0,0,0,0,0,0,0,357
0.031,0.03,0.59,0,0,0,0,0,0.004,0,0,0,0,0,0,0,0,0,0,228
0.02,0.09,0.42,0,0,0,0,0,0.006,0,0,0,0,0,0,0,0,0,0,192
0.02,0.09,0.42,0,0,0,0,0,0.006,0,0,0,0,0,0,0,0,0,0,185
0.02,0.09,0.42,0,0,0,0,0,0.006,0,0,0,0,0,0,0,0,0,0,182
0.02,0.03,0.35,0,0,0,0,0,0.006,0,0,0,0,0,0,0,0,0,0,209
0.02,0.03,0.35,0,0,0,0,0,0.006,0,0,0,0,0,0,0,0,0,0,189
0.02,0.03,0.35,0,0,0,0,0,0.006,0,0,0,0,0,0,0,0,0,0,182
0.02,0.01,1.08,0,0,0,0,0,0.0124,0,0,0,0,0,0,0,0,0,0,239
0.02,0.01,1.08,0,0,0,0,0,0.0124,0,0,0,0,0,0,0,0,0,0,203
0.02,0.01,1.08,0,0,0,0,0,0.0124,0,0,0,0,0,0,0,0,0,0,196
0.02,0.02,0.81,0,0,0,0,0,0.0055,0,0,0,0,0,0,0,0,0,0,200
0.02,0.02,0.81,0,0,0,0,0,0.0055,0,0,0,0,0,0,0,0,0,0,182
0.02,0.02,0.81,0,0,0,0,0,0.0055,0,0,0,0,0,0,0,0,0,0,172
0.02,0.07,0.5,0,0,0,0,0,0.007,0,0,0,0,0,0,0,0,0,0,209
0.02,0.07,0.5,0,0,0,0,0,0.007,0,0,0,0,0,0,0,0,0,0,183
0.02,0.07,0.5,0,0,0,0,0,0.007,0,0,0,0,0,0,0,0,0,0,179
0.02,0.01,0.31,0,0,0,0,0,0.0075,0,0,0,0,0,0,0,0,0,0,228
0.02,0.01,0.31,0,0,0,0,0,0.0075,0,0,0,0,0,0,0,0,0,0,208
0.02,0.01,0.31,0,0,0,0,0,0.0075,0,0,0,0,0,0,0,0,0,0,193
0.21,0.28,1.37,0.033,0.021,0,0,0,0.0065,0,0,0,0,0,0,0,0,0,0,375
0.21,0.28,1.37,0.033,0.021,0,0,0,0.0065,0,0,0,0,0,0,0,0,0,0,390
0.21,0.28,1.37,0.033,0.021,0,0,0,0.0065,0,0,0,0,0,0,0,0,0,0,405
0.21,0.28,1.37,0.033,0.021,0,0,0,0.0065,0,0,0,0,0,0,0,0,0,0,390
0.21,0.28,1.37,0.033,0.021,0,0,0,0.0065,0,0,0,0,0,0,0,0,0,0,401
0.21,0.28,1.37,0.033,0.021,0,0,0,0.0065,0,0,0,0,0,0,0,0,0,0,479
0.21,0.28,1.37,0.033,0.021,0,0,0,0.0065,0,0,0,0,0,0,0,0,0,0,425
0.21,0.28,1.37,0.033,0.021,0,0,0,0.0065,0,0,0,0,0,0,0,0,0,0,410
0.21,0.28,1.37,0.033,0.021,0,0,0,0.0065,0,0,0,0,0,0,0,0,0,0,502
0.207,0.22,1.28,0.001,0.006,0.52,0.61,0.015,0.005,0,0,0,0,0,0,0.03,0,0,0,650
0.203,0.23,1.34,0.001,0.015,0.53,0.5,0.015,0.005,0,0,0,0,0,0,0.01,0,0,0,645
0.2,0.22,1.29,0.001,0.027,0.51,0.62,0.03,0.005,0,0,0,0,0,0,0.04,0,0,0,640
0.214,0.22,1.29,0.001,0.035,0.51,0.61,0.012,0.005,0,0,0,0,0,0,0.03,0,0,0,644
0.094,0.32,1.34,0.011,0.0065,0,0,0.031,0.006,0,0,0,0,0,0.02,0,0,0,0,360
0.094,0.32,1.34,0.011,0.0065,0,0,0.031,0.006,0,0,0,0,0,0.02,0,0,0,0,454
0.094,0.32,1.34,0.011,0.0065,0,0,0.031,0.006,0,0,0,0,0,0.02,0,0,0,0,480
0.094,0.32,1.34,0.011,0.0065,0,0,0.031,0.006,0,0,0,0,0,0.02,0,0,0,0,557
0.06,0.4,1.5,0.015,0.005,0.02,0.07,0.025,0.007,0,0.1,0.0003,0,0.08,0,0.07,0,0,0,493
0.06,0.4,1.5,0.015,0.005,0.02,0.07,0.025,0.007,0,0.1,0.0003,0,0.08,0,0.07,0,0,0,560
0.06,0.4,1.5,0.015,0.005,0.02,0.07,0.025,0.02,0,0.1,0.0003,0,0.08,0,0.07,0,0,0,557
0.06,0.4,1.5,0.015,0.005,0.02,0.07,0.025,0.02,0,0.1,0.0003,0,0.08,0,0.07,0,0,0,521
0.06,0.4,1.5,0.015,0.005,0.02,0.07,0.025,0.02,0,0.1,0.0003,0,0.08,0,0.07,0,0,0,466
0.06,0.4,1.5,0.015,0.005,0.02,0.07,0.025,0.02,0,0.1,0.0003,0,0.08,0,0.07,0,0,0,600
0.06,0.4,1.5,0.015,0.005,0.02,0.07,0.025,0.02,0,0.1,0.0003,0,0.08,0,0.07,0,0,0,527
0.06,0.4,1.5,0.015,0.005,0.02,0.07,0.025,0.02,0,0.1,0.0003,0,0.08,0,0.07,0,0,0,489
0.06,0.4,1.5,0.015,0.005,0.02,0.07,0.025,0.02,0,0.1,0.0003,0,0.08,0,0.07,0,0,0,518
0.06,0.4,1.5,0.015,0.005,0.02,0.07,0.025,0.017,0,0.1,0.0003,0.01,0.08,0,0.07,0,0,0,463
0.06,0.4,1.5,0.015,0.005,0.02,0.07,0.025,0.017,0,0.1,0.0003,0.01,0.08,0,0.07,0,0,0,459
0.06,0.4,1.5,0.015,0.005,0.02,0.07,0.025,0.017,0,0.1,0.0003,0.01,0.08,0,0.07,0,0,0,522
0.06,0.4,1.5,0.015,0.005,0.02,0.07,0.025,0.017,0,0.1,0.0003,0.01,0.08,0,0.07,0,0,0,461
0.06,0.4,1.5,0.015,0.005,0.02,0.07,0.025,0.01,0,0.1,0.0003,0,0.08,0,0.07,0,0.008,0,531
0.06,0.4,1.5,0.015,0.005,0.02,0.07,0.025,0.01,0,0.1,0.0003,0,0.08,0,0.07,0,0.008,0,524
0.06,0.4,1.5,0.015,0.005,0.02,0.07,0.025,0.01,0,0.1,0.0003,0,0.08,0,0.07,0,0.008,0,508
0.06,0.4,1.5,0.015,0.005,0.02,0.07,0.025,0.01,0,0.1,0.0003,0,0.08,0,0.07,0,0.008,0,416
0.06,0.4,1.5,0.015,0.005,0.02,0.07,0.025,0.01,0,0.1,0.0003,0,0.08,0,0.07,0,0.008,0,552
0.19,0.29,0.63,0.015,0.028,0,0,0.004,0.0061,0,0,0,0,0,0,0,0,0,0,304
0.17,0.27,0.69,0.015,0.027,0,0,0.13,0.006,0,0,0,0,0,0,0,0,0,0,293
0.2,0.03,0.68,0.019,0.022,0,0,0.008,0.005,0,0,0,0,0,0,0,0,0,0,282
0.2,0.04,0.61,0.012,0.027,0,0,0.126,0.0045,0,0,0,0,0,0,0,0,0,0,283
0.094,0.02,1.38,0.01,0.002,0,0,0.018,0.005,0,0,0,0,0,0,0,0,0,0,266
0.098,0.3,1.42,0.01,0.002,0,0,0.021,0.003,0,0,0,0,0,0,0,0,0,0,298
0.097,0.01,1.41,0.006,0.002,0,0,0.19,0.005,0,0,0,0,0,0,0,0,0,0,271
0.095,0.29,1.4,0.006,0.002,0,0,0.19,0.004,0,0,0,0,0,0,0,0,0,0,295
0.35,0.6,1.5,0.035,0.031,0,0,0,0,0,0.1,0,0,0,0,0,0,0,0,660
0.35,0.6,1.5,0.035,0.031,0,0,0,0,0,0.1,0,0,0,0,0,0,0,0,615
0.39,0.53,1.27,0.016,0.022,0,0,0.016,0.0048,0,0,0,0,0,0,0,0,0,0,490
0.39,0.53,1.27,0.016,0.022,0,0,0.016,0.0048,0,0,0,0,0,0,0,0,0,0,439
0.39,0.53,1.27,0.016,0.022,0,0,0.016,0.0048,0,0,0,0,0,0,0,0,0,0,459
0.38,0.52,1.28,0.016,0.027,0,0,0.007,0.0056,0,0.08,0,0,0,0,0,0,0,0,650
0.38,0.52,1.28,0.016,0.027,0,0,0.007,0.0056,0,0.08,0,0,0,0,0,0,0,0,563
0.38,0.52,1.28,0.016,0.027,0,0,0.007,0.0056,0,0.08,0,0,0,0,0,0,0,0,595
0.11,0.21,1.24,0,0,0,0,0,0,0,0,0,0,0,0,0,0,0,0,285
0.06,0.11,0.28,0.012,0,0,0,0.02,0.0044,0,0,0,0,0,0,0,0,0,0,329
0.25,0.6,1,0.03,0.03,0.15,0.8,0,0,0,0.03,0,0,0.25,0,0,0,0,0,230
0.25,0.6,1,0.035,0.035,0.15,0.8,0,0,0,0.03,0,0,0.25,0,0,0,0,0,540
0.054,0.22,1.42,0.0053,0.0013,0.21,0.22,0.034,0.0045,0,0.032,0.0006,0.011,0.18,0,0,0,0,0,531
0.052,0.24,1.47,0.0068,0.0017,0.19,0.21,0.037,0.0062,0,0.026,0.0014,0.026,0.13,0,0,0,0,0,545
0.05,0.03,0.32,0.02,0.01,0,0,0.035,0.012,0,0.022,0,0,0,0,0,0,0,0,275
0.05,0.03,0.55,0.02,0.01,0,0,0.035,0.012,0,0.03,0,0,0,0,0,0,0,0,310
0.05,0.03,0.75,0.02,0.01,0,0,0.035,0.014,0,0.05,0,0,0,0,0,0,0,0,340
0.05,0.03,1.1,0.02,0.01,0,0,0.035,0.015,0,0.06,0,0,0,0,0,0,0,0,380
0.05,0.03,1.25,0.02,0.01,0,0,0.035,0.017,0,0.08,0,0,0,0,0,0,0,0,410
0.21,0.28,1.37,0.033,0.021,0,0,0,0.006,0,0,0,0,0,0,0,0,0,0,375
0.21,0.28,1.37,0.033,0.021,0,0,0,0.006,0,0,0,0,0,0,0,0,0,0,390
0.21,0.28,1.37,0.033,0.021,0,0,0,0.006,0,0,0,0,0,0,0,0,0,0,390
0.21,0.28,1.37,0.033,0.021,0,0,0,0.006,0,0,0,0,0,0,0,0,0,0,401
0.21,0.28,1.37,0.033,0.021,0,0,0,0.006,0,0,0,0,0,0,0,0,0,0,425
0.21,0.28,1.37,0.033,0.021,0,0,0,0.006,0,0,0,0,0,0,0,0,0,0,410
0.18,0.22,0.6,0.02,0.017,0,0,0,0,0,0,0,0,0,0,0,0,0,0,340
0.18,0.22,0.6,0.02,0.017,0,0,0,0,0,0,0,0,0,0,0,0,0,0,355
0.18,0.22,0.6,0.02,0.017,0,0,0,0,0,0,0,0,0,0,0,0,0,0,370
0.18,0.22,0.6,0.02,0.017,0,0,0,0,0,0,0,0,0,0,0,0,0,0,430
0.06,0,1.5,0,0,0,0,0,0,0.07,0.1,0,0.02,0,0,0,0,0,0,599
0.06,0,1.5,0,0,0,0,0,0,0.08,0,0,0.07,0,0,0,0,0,0,607
0.06,0.26,0.51,0,0,0,0,0,0,0,0,0,0,0,0,0,0,0,0,490
0.06,0.27,1,0,0,0,0,0,0,0,0,0,0,0,0,0,0,0,0,519
0.09,0.17,1,0,0,0,0,0,0,0,0,0,0,0,0,0,0,0,0,520
0.21,0.29,0.99,0,0,0,0,0,0,0,0,0,0,0,0,0,0,0,0,500
0.38,0.2,0.76,0,0,0,0,0,0,0,0,0,0,0,0,0,0,0,0,575
0.193,0.19,1.35,0,0,0.482,0.922,0.009,0.005,0,0,0,0,0.128,0,0,0,0,0,434
0.2,0.185,1.42,0,0,0.485,0.926,0.013,0.014,0,0,0,0,0.127,0,0,0,0,0,465
0.198,0.201,1.36,0,0,0.484,0.928,0.019,0.015,0,0,0,0,0.127,0,0,0,0,0,479
0.085,0.33,1.38,0.012,0.008,0,0,0.03,0.007,0,0,0,0,0,0.02,0,0,0,0,472
0.085,0.33,1.38,0.012,0.008,0,0,0.03,0.007,0,0,0,0,0,0.02,0,0,0,0,572
0.085,0.33,1.38,0.012,0.008,0,0,0.03,0.007,0,0,0,0,0,0.02,0,0,0,0,747
0.085,0.33,1.38,0.012,0.008,0,0,0.03,0.007,0,0,0,0,0,0.02,0,0,0,0,497
0.085,0.33,1.38,0.012,0.008,0,0,0.03,0.007,0,0,0,0,0,0.02,0,0,0,0,616
0.085,0.33,1.38,0.012,0.008,0,0,0.03,0.007,0,0,0,0,0,0.02,0,0,0,0,723
0.085,0.33,1.38,0.012,0.008,0,0,0.03,0.007,0,0,0,0,0,0.02,0,0,0,0,502
0.085,0.33,1.38,0.012,0.008,0,0,0.03,0.007,0,0,0,0,0,0.02,0,0,0,0,573
0.085,0.33,1.38,0.012,0.008,0,0,0.03,0.007,0,0,0,0,0,0.02,0,0,0,0,747
0.085,0.33,1.38,0.012,0.008,0,0,0.03,0.007,0,0,0,0,0,0.02,0,0,0,0,747
0.085,0.33,1.38,0.012,0.008,0,0,0.03,0.007,0,0,0,0,0,0.02,0,0,0,0,616
0.085,0.33,1.38,0.012,0.008,0,0,0.03,0.007,0,0,0,0,0,0.02,0,0,0,0,502
0.085,0.33,1.38,0.012,0.008,0,0,0.03,0.007,0,0,0,0,0,0.02,0,0,0,0,497
0.1,0.35,1.34,0.007,0.012,0,0,0.04,0.004,0,0,0,0,0,0.02,0,0,0,0,327
0.1,0.35,1.34,0.007,0.012,0,0,0.04,0.004,0,0,0,0,0,0.02,0,0,0,0,522
0.1,0.35,1.34,0.007,0.012,0,0,0.04,0.004,0,0,0,0,0,0.02,0,0,0,0,508
0.1,0.35,1.34,0.007,0.012,0,0,0.04,0.004,0,0,0,0,0,0.02,0,0,0,0,508
0.1,0.35,1.34,0.007,0.012,0,0,0.04,0.004,0,0,0,0,0,0.02,0,0,0,0,522
0.098,0.25,1.3,0.001,0.0016,0,0,0.043,0.006,0,0,0,0,0,0.015,0,0,0,0,712
0.098,0.25,1.3,0.001,0.0016,0,0,0.043,0.006,0,0,0,0,0,0.015,0,0,0,0,602
0.35,0.27,1.56,0.016,0.016,0.03,0,0.026,0,0,0.17,0,0,0.14,0,0.27,0,0,0,648
0.35,0.27,1.56,0.016,0.016,0.03,0,0.026,0,0,0.17,0,0,0.14,0,0.27,0,0,0,692
0.34,0.32,1.2,0.012,0.013,0.03,0,0.04,0,0,0.17,0,0,0.12,0,0.22,0,0,0,559
0.34,0.32,1.2,0.012,0.013,0.03,0,0.04,0,0,0.17,0,0,0.12,0,0.22,0,0,0,604
0.193,0.19,1.35,0,0,0.482,0.922,0.009,0.005,0,0,0,0,0.128,0,0,0,0,0,434
0.2,0.185,1.42,0,0,0.485,0.926,0.013,0.014,0,0,0,0,0.127,0,0,0,0,0,465
0.198,0.201,1.36,0,0,0.484,0.928,0.019,0.015,0,0,0,0,0.127,0,0,0,0,0,479
0.21,0.28,1.37,0.033,0.021,0,0,0,0.0065,0,0,0,0,0,0,0,0,0,0,375
0.21,0.28,1.37,0.033,0.021,0,0,0,0.0065,0,0,0,0,0,0,0,0,0,0,390
0.21,0.28,1.37,0.033,0.021,0,0,0,0.0065,0,0,0,0,0,0,0,0,0,0,405
0.21,0.28,1.37,0.033,0.021,0,0,0,0.0065,0,0,0,0,0,0,0,0,0,0,390
0.21,0.28,1.37,0.033,0.021,0,0,0,0.0065,0,0,0,0,0,0,0,0,0,0,401
0.21,0.28,1.37,0.033,0.021,0,0,0,0.0065,0,0,0,0,0,0,0,0,0,0,479
0.21,0.28,1.37,0.033,0.021,0,0,0,0.0065,0,0,0,0,0,0,0,0,0,0,425
0.21,0.28,1.37,0.033,0.021,0,0,0,0.0065,0,0,0,0,0,0,0,0,0,0,410
0.21,0.28,1.37,0.033,0.021,0,0,0,0.0065,0,0,0,0,0,0,0,0,0,0,502
0.0012,0,0.045,0.003,0,0,0,0,0,0,0,0,0,0,0,0,0,0,0,150
0.19,0.33,1.43,0.022,0.016,0,0,0.016,0,0,0.1,0,0.001,0,0,0,0,0,0,601
0.19,0.42,1.32,0.024,0.028,0,0,0.022,0,0,0.12,0,0.023,0,0,0,0,0,0,532
0.27,0.35,1.4,0.012,0.009,0.02,0.08,0.025,0.016,0,0.2,0,0,0.22,0,0.09,0,0,0,694
0.25,0.33,1.4,0.022,0.03,0.018,0.011,0,0,0,0,0,0,0.15,0,0,0,0,0,564
0.25,0.33,1.4,0.022,0.03,0.018,0.011,0,0,0,0,0,0,0.15,0,0,0,0,0,742
0.4,0.56,1.49,0.016,0.042,0,0,0,0.009,0,0.114,0,0.014,0,0,0,0,0,0,674
0.4,0.56,1.49,0.016,0.042,0,0,0,0.009,0,0.114,0,0.014,0,0,0,0,0,0,681
0.4,0.56,1.49,0.016,0.042,0,0,0,0.009,0,0.114,0,0.014,0,0,0,0,0,0,714
0.24,0.06,0.3,0.005,0.009,0.19,3.12,0,0,0,0.11,0,0,1.5,0,0,0,0,0,637
0.24,0.06,0.3,0.005,0.009,0.19,3.12,0,0,0,0.11,0,0,1.5,0,0,0,0,0,609.56
0.19,0.21,1.28,0.012,0.013,0.52,0.64,0,0,0,0,0,0,0,0,0,0,0,0,450
0.15,0.18,0.33,0.012,0.013,0.37,2.55,0,0,0,0,0,0,1.66,0,0.033,0,0,0,614
0.12,0.21,1.27,0.01,0.01,0,0,0.02,0,0,0,0,0,0,0,0,0,0,0,351
0.13,0.15,1.15,0.01,0.01,0,0,0.04,0,0,0.09,0,0,0,0,0,0,0,0,394
0.12,0.21,1.12,0.01,0.01,0,0,0.02,0,0,0,0,0.08,0,0,0,0,0,0,456.5
0.11,0.21,1.3,0.01,0.01,0,0,0.05,0,0,0.07,0,0.07,0,0,0,0,0,0,439.2
0.17,0.23,1.33,0.01,0.007,0.03,0.14,0.02,0,0,0,0,0,0.09,0,0.17,0,0,0,371
0.15,0.26,1.33,0.01,0.034,0.03,0.15,0.02,0,0,0,0,0,0.1,0,0.17,0,0,0,364
0.1,0.34,1.33,0.011,0.008,0.01,0.05,0.06,0,0,0,0,0,0.06,0.015,0.07,0,0,0,342
0.193,0.19,1.35,0,0,0.482,0.922,0.009,0,0,0,0,0,0.128,0,0,0,0,0,434
0.099,0.196,0.701,0,0,0.962,2.5,0.023,0,0,0,0,0,0.143,0,0,0,0,0,508
0.06,0.22,1.55,0,0,1,1.46,0.023,0,0,0,0,0,0.15,0,0,0,0,0,426
0.18,0.24,1.42,0.017,0.004,0,0.84,0.014,0,0,0,0,0,0.12,0,0.14,0,0,0,484
0.18,0.08,1.43,0.008,0.003,0,0.78,0.005,0,0,0,0,0,0.04,0,0.06,0,0,0,408
0.18,0.1,1.46,0.006,0.003,0,0.86,0.018,0,0,0,0,0,0.15,0,0.03,0,0,0,430
0.21,0.24,1.36,0.007,0.002,0,0.92,0.022,0,0,0,0,0,0.21,0,0.03,0,0,0,447
0.17,0.25,1.44,0.004,0.002,0,0.75,0.016,0,0,0,0,0,0.2,0,0.01,0,0,0,468
0.069,0.11,1.45,0.009,0.003,0,0.5,0.007,0.0058,0,0,0.0024,0.011,0,0,0,0,0,0,308
0.08,0.11,1.44,0.01,0.004,0,0.51,0.006,0.0085,0,0,0.0025,0.012,0,0,0,0,0,0,310
0.062,0.1,1.46,0.01,0.004,0,0.51,0,0.006,0,0,0.0025,0.01,0,0,0,0,0,0,289
0.15,0.3,1.38,0.011,0.007,0,0,0.038,0.0051,0,0.05,0,0,0,0,0.25,0,0,0,369
0.15,0.31,1.38,0.009,0.009,0,0,0.037,0.0053,0,0.05,0,0,0,0,0.02,0,0,0,332
0.15,0.3,1.38,0.01,0.006,0,0,0.039,0.0045,0,0.06,0,0,0,0,0.02,0,0,0,344
0.15,0.31,1.4,0.01,0.007,0,0,0.036,0.0054,0,0.06,0,0,0,0,0.02,0,0,0,344
0.16,0.31,1.38,0.011,0.007,0,0,0.038,0.0056,0,0.05,0,0,0,0,0.02,0,0,0,360
0.16,0.31,1.37,0.009,0.009,0,0,0.038,0.0049,0,0.05,0,0,0,0,0.02,0,0,0,358
0.066,0.33,1.46,0.013,0.003,0.2,0,0.043,0.004,0,0.05,0,0,0,0,0,0,0,0,411
0.062,0.3,1.45,0.013,0.004,0.2,0,0.039,0.0038,0,0,0,0,0.2,0,0,0,0,0,371
0.068,0.1,1.43,0.009,0.002,0,0.5,0.005,0.0079,0,0,0.0023,0.1,0,0,0,0,0,0,341
0.071,0.1,1.45,0.005,0.003,0,0.5,0,0.0046,0,0,0.0022,0.01,0,0,0,0,0,0,349
0.063,0.1,1.43,0.007,0.003,0,0.51,0,0.0058,0,0,0.0025,0.01,0,0,0,0,0,0,317
0.068,0.1,1.45,0.008,0.004,0,0.51,0,0.0047,0,0,0.0022,0.01,0,0,0,0,0,0,312
0.071,0.1,1.45,0.007,0.004,0,0.51,0.006,0.0065,0,0,0.0022,0.01,0,0,0,0,0,0,307
0.097,0.29,1.45,0.014,0.004,0,0.31,0.029,0.007,0,0.1,0,0.0005,0,0,0,0,0,0,414
0.1,0.29,1.43,0.016,0.002,0,0.31,0.03,0.007,0,0.1,0,0.012,0,0,0,0,0,0,417
0.087,0.3,1.45,0.013,0.003,0,0.89,0.028,0.007,0,0.08,0,0.001,0,0,0.3,0,0,0,421
0.062,0.1,1.45,0.009,0.003,0,0.5,0,0.0058,0,0,0.0024,0.009,0,0,0,0,0,0,320
0.063,0.1,1.45,0.009,0.004,0,0.5,0.005,0.0043,0,0,0.0024,0.009,0,0,0,0,0,0,399
0.066,0.11,1.46,0.008,0.004,0,0.51,0.005,0.0063,0,0,0.0024,0.01,0,0,0,0,0,0,438
0.068,0.1,1.46,0.007,0.004,0,0.5,0,0.0077,0,0,0.0024,0.011,0,0,0,0,0,0,351
0.069,0.36,1.55,0.011,0.003,0,0,0.035,0.0052,0,0,0,0,0,0,0,0,0,0,324
0.069,0.36,1.55,0.011,0.003,0,0,0.035,0.0052,0,0,0,0,0,0,0,0,0,0,312
0.078,0.4,1.5,0.009,0.003,0,0,0.036,0.0049,0,0,0,0.015,0,0,0,0,0,0,383
0.078,0.4,1.5,0.009,0.003,0,0,0.036,0.0049,0,0,0,0.015,0,0,0,0,0,0,361
0.078,0.4,1.5,0.009,0.003,0,0,0.036,0.0049,0,0,0,0.015,0,0,0,0,0,0,358
0.15,0.3,1.38,0.011,0.007,0,0,0.038,0.0051,0,0.05,0,0,0,0,0.25,0,0,0,369
0.15,0.31,1.38,0.009,0.009,0,0,0.037,0.0053,0,0.05,0,0,0,0,0.02,0,0,0,332
0.15,0.3,1.38,0.01,0.006,0,0,0.039,0.0045,0,0.06,0,0,0,0,0.02,0,0,0,344
0.15,0.31,1.4,0.01,0.007,0,0,0.036,0.0054,0,0.06,0,0,0,0,0.02,0,0,0,344
0.16,0.31,1.38,0.011,0.007,0,0,0.038,0.0056,0,0.05,0,0,0,0,0.02,0,0,0,360
0.16,0.31,1.37,0.009,0.009,0,0,0.038,0.0049,0,0.05,0,0,0,0,0.02,0,0,0,358
0.22,0.35,1.13,0.013,0.011,0.002,0.025,0.043,0.005,0.001,0.002,0.0001,0.002,0.028,0,0.039,0,0,0,374
0.15,0.26,1.08,0.008,0.008,0.001,0.018,0.039,0.006,0.001,0.003,0.0001,0.001,0.017,0,0.009,0,0,0,298
0.17,0.29,0.82,0.015,0.014,0.003,0.021,0.003,0.003,0.001,0.002,0.0001,0,0.025,0,0.015,0,0,0,272
0.18,0.38,1.18,0.015,0.011,0.002,0.02,0.003,0.004,0.001,0.003,0.0001,0.001,0.023,0,0.011,0,0,0,309
0.15,0.21,0.86,0.013,0.015,0.002,0.021,0.002,0.004,0.001,0.003,0.0001,0.001,0.019,0,0.023,0,0,0,355
0.15,0.27,0.81,0.014,0.014,0.002,0.021,0.002,0.006,0.001,0.002,0.0001,0.001,0.016,0,0.013,0,0,0,301
0.17,0.36,1.16,0.019,0.008,0.004,0.022,0.002,0.003,0.001,0.002,0.0002,0.001,0.039,0,0.026,0,0,0,342
0.14,0.22,0.82,0.014,0.017,0.002,0.021,0.002,0.004,0.001,0.002,0.0001,0.001,0.022,0,0.02,0,0,0,295
0.13,0.22,0.83,0.024,0.011,0.002,0.019,0.001,0.004,0.001,0.002,0.0001,0.001,0.024,0,0.011,0,0,0,287
0.13,0.22,0.81,0.016,0.018,0.004,0.019,0.004,0.003,0.001,0.002,0.0001,0.001,0.038,0,0.015,0,0,0,306
0.14,0.22,1.03,0.008,0.015,0.003,0.022,0.032,0.004,0.001,0.002,0.0001,0.001,0.023,0,0.012,0,0,0,308
0.15,0.14,1,0,0,0,0,0.031,0.003,0.0015,0,0,0.002,0,0,0,0,0,0,288
0.15,0.14,1,0,0,0,0,0.031,0.003,0.0015,0,0,0.002,0,0,0,0,0,0,376
0.15,0.14,1,0,0,0,0,0.031,0.003,0.0015,0,0,0.002,0,0,0,0,0,0,400
0.15,0.14,1,0,0,0,0,0.031,0.003,0.0015,0,0,0.002,0,0,0,0,0,0,388
0.15,0.14,1,0,0,0,0,0.031,0.003,0.0015,0,0,0.002,0,0,0,0,0,0,392
0.15,0.14,1,0,0,0,0,0.031,0.003,0.0015,0,0,0.002,0,0,0,0,0,0,431
0.15,0.14,1,0,0,0,0,0.031,0.003,0.0015,0,0,0.002,0,0,0,0,0,0,500
0.092,0.2,1.41,0.005,0.004,0,0,0.039,0.0067,0.003,0.003,0.0003,0,0,0,0,0,0,0,291
0.084,0.21,1.42,0.005,0.002,0,0,0.031,0.0047,0.003,0.05,0.0004,0,0,0,0,0,0,0,322
0.094,0.21,1.44,0.005,0.003,0,0,0.029,0.0052,0.003,0.1,0.0005,0,0,0,0,0,0,0,363
0.16,0.27,1.26,0.016,0.008,0.003,0.02,0.01,0.0093,0.003,0.003,0,0.003,0.01,0,0.01,0,0,0.0071,291
0.16,0.27,1.27,0.016,0.008,0.003,0.02,0.014,0.0094,0.003,0.003,0,0.003,0.01,0,0.01,0,0,0.0096,332
0.16,0.27,1.26,0.016,0.008,0.003,0.02,0.01,0.0092,0.003,0.003,0,0.003,0.01,0,0.01,0,0,0.0078,337
0.15,0.23,1.29,0.016,0.008,0.003,0.02,0.013,0.0094,0.003,0.003,0,0.003,0.01,0,0.01,0,0,0.0061,361
0.16,0.24,1.3,0.016,0.008,0.003,0.02,0.013,0.0095,0.003,0.003,0,0.003,0.01,0,0.01,0,0,0.0067,371
0.16,0.33,1.45,0.017,0.009,0.003,0.03,0.028,0.011,0.003,0.003,0,0.003,0.04,0,0.01,0,0,0.0047,330
0.16,0.33,1.45,0.017,0.009,0.003,0.03,0.03,0.011,0.003,0.003,0,0.003,0.04,0,0.01,0,0,0.0051,360
0.16,0.32,1.44,0.017,0.009,0.003,0.03,0.026,0.011,0.003,0.003,0,0.003,0.04,0,0.01,0,0,0.0054,410
0.16,0.27,1.26,0.016,0.008,0.003,0.02,0.01,0.0093,0.003,0.003,0,0.003,0.01,0,0.01,0,0,0.0071,318
0.16,0.27,1.27,0.016,0.008,0.003,0.02,0.014,0.0094,0.003,0.003,0,0.003,0.01,0,0.01,0,0,0.0096,308
0.16,0.27,1.26,0.016,0.008,0.003,0.02,0.01,0.0092,0.003,0.003,0,0.003,0.01,0,0.01,0,0,0.0078,311
0.15,0.23,1.29,0.016,0.008,0.003,0.02,0.013,0.0094,0.003,0.003,0,0.003,0.01,0,0.01,0,0,0.0061,317
0.16,0.24,1.3,0.016,0.008,0.003,0.02,0.013,0.0095,0.003,0.003,0,0.003,0.01,0,0.01,0,0,0.0067,320
0.16,0.33,1.45,0.017,0.009,0.003,0.03,0.028,0.011,0.003,0.003,0,0.003,0.04,0,0.01,0,0,0.0047,370
0.16,0.33,1.45,0.017,0.009,0.003,0.03,0.03,0.011,0.003,0.003,0,0.003,0.04,0,0.01,0,0,0.0051,376
0.16,0.32,1.44,0.017,0.009,0.003,0.03,0.026,0.011,0.003,0.003,0,0.003,0.04,0,0.01,0,0,0.0054,384
0.068,0.37,1.4,0.014,0.005,0.02,0.07,0.025,0.02,0.003,0.1,0.0003,0.002,0.09,0,0.07,0,0,0.0096,518
0.068,0.37,1.4,0.014,0.005,0.02,0.07,0.025,0.02,0.003,0.1,0.0003,0.002,0.09,0,0.07,0,0,0.0096,600
0.068,0.37,1.4,0.014,0.005,0.02,0.07,0.025,0.02,0.003,0.1,0.0003,0.002,0.09,0,0.07,0,0,0.0096,557
0.065,0.47,1.44,0.015,0.006,0.02,0.07,0.026,0.017,0.003,0.1,0.0003,0.009,0.09,0,0.07,0,0,0.0058,461
0.065,0.47,1.44,0.015,0.006,0.02,0.07,0.026,0.017,0.003,0.1,0.0003,0.009,0.09,0,0.07,0,0,0.0058,522
0.065,0.47,1.44,0.015,0.006,0.02,0.07,0.026,0.017,0.003,0.1,0.0003,0.009,0.09,0,0.07,0,0,0.0058,463
0.1,0.25,1.41,0.011,0.003,0,0.02,0.032,0.0055,0.005,0.029,0,0,0,0,0.02,0,0,0,330
0.1,0.26,1.45,0.011,0.003,0,0.016,0.025,0.0052,0.005,0.054,0,0,0,0,0.02,0,0,0,340
0.14,0.26,1.43,0.011,0.003,0,0.02,0.029,0.005,0.005,0.05,0,0,0,0,0.02,0,0,0,354
0.11,0.26,1.4,0.009,0.003,0,0.02,0.03,0.009,0.005,0.028,0,0,0,0,0.02,0,0,0,350
0.16,0.26,1.45,0.011,0.003,0.005,0.02,0.04,0.0051,0.005,0.026,0,0,0.02,0,0.02,0,0,0,345
0.16,0.26,1.45,0.011,0.003,0.005,0.02,0.038,0.0056,0.005,0.043,0,0,0.02,0,0.02,0,0,0,372
0.15,0.29,1.47,0.013,0.003,0.005,0.02,0.038,0.012,0.005,0.027,0,0,0.02,0,0.02,0,0,0,359
0.14,0.27,1.46,0.012,0.003,0.005,0.02,0.038,0.014,0.005,0.047,0,0,0.02,0,0,0,0,0,385
0.045,0.55,1.41,0.013,0.015,0.01,0.02,0.039,0.0067,0.005,0.06,0,0,0.02,0,0.02,0,0,0,352
0.045,0.5,1.4,0.015,0.012,0.01,0.02,0.037,0.0065,0.005,0.005,0,0.012,0.02,0,0.02,0,0,0,270
0.048,0.5,1.4,0.015,0.013,0.01,0.02,0.034,0.0067,0.005,0.005,0,0.011,0.02,0,0.02,0,0,0,216
0.06,0.39,1.58,0.018,0.015,0.01,0.02,0.005,0.007,0.005,0.11,0.0005,0.005,0.02,0,0.02,0,0,0,364
0.062,0.34,1.5,0.012,0.006,0.02,0.07,0.029,0.016,0.005,0.12,0,0,0.07,0,0.07,0,0,0,572
0.063,0.34,1.56,0.012,0.006,0.02,0.07,0.035,0.017,0.005,0.12,0,0,0.07,0,0.07,0,0,0,559
0.07,0.43,1.46,0.019,0.021,0.01,0.02,0.006,0.008,0.005,0.11,0.0005,0.005,0.02,0,0.02,0,0,0,350
0.08,0.4,1.4,0.014,0.016,0.01,0.02,0.005,0.018,0.005,0.11,0.0005,0.005,0.02,0,0.02,0,0,0,398
0.08,0.42,1.45,0.015,0.012,0,0.02,0.035,0.012,0.005,0.09,0,0,0,0,0.02,0,0,0,310
0.08,0.4,1.45,0.015,0.016,0,0.26,0.038,0.0067,0.005,0.09,0,0.011,0,0,0.26,0,0,0,297
0.08,0.35,1.43,0.015,0.005,0,0.26,0.034,0.0069,0.005,0.13,0,0,0,0,0.35,0,0,0,353
0.084,0.21,1.42,0.005,0.002,0.005,0.02,0.031,0.0047,0.005,0.05,0,0,0.02,0,0.02,0,0,0,322
0.09,0.39,1.44,0.014,0.014,0,0.26,0.039,0.0085,0.005,0.09,0,0,0,0,0.26,0,0,0,352
0.09,0.4,1.48,0.015,0.007,0,0.26,0.037,0.0084,0.005,0.09,0,0.011,0,0,0.25,0,0,0,305
0.09,0.2,1.41,0.006,0.004,0.005,0.02,0.032,0.007,0.005,0.005,0,0,0.02,0,0.02,0,0,0,291
0.09,0.35,1.42,0.016,0.015,0,0.26,0.038,0.0084,0.005,0.13,0,0.021,0,0,0.36,0,0,0,322
0.09,0.35,1.42,0.016,0.014,0,0.26,0.036,0.0087,0.005,0.13,0,0.021,0,0,0.36,0,0,0,310
0.09,0.34,1.41,0.015,0.001,0,0.26,0.035,0.0089,0.005,0.11,0,0,0,0,0.35,0,0,0,344
0.095,0.21,1.4,0.006,0.002,0.005,0.02,0.03,0.005,0.005,0.11,0,0,0.02,0,0.02,0,0,0,364
0.1,0.25,1.41,0.011,0.003,0,0.02,0.032,0.0055,0.005,0.029,0,0,0,0,0.02,0,0,0,329
0.1,0.26,1.45,0.011,0.003,0,0.016,0.025,0.0052,0.005,0.054,0,0,0,0,0.02,0,0,0,340
0.1,0.41,1.43,0.015,0.012,0,0.02,0.035,0.012,0.005,0.07,0,0,0,0,0.02,0,0,0,330
0.1,0.42,1.43,0.015,0.011,0,0.02,0.034,0.011,0.005,0.07,0,0,0,0,0.02,0,0,0,328
0.1,0.4,1.45,0.015,0.015,0,0.26,0.037,0.0057,0.005,0.09,0,0.02,0,0,0.26,0,0,0,302
0.1,0.35,1.45,0.015,0.015,0,0.26,0.039,0.0057,0.005,0.13,0,0.011,0,0,0.36,0,0,0,338
0.1,0.35,1.43,0.013,0.013,0,0.26,0.037,0.0053,0.005,0.13,0,0,0,0,0.36,0,0,0,361
0.1,0.36,1.43,0.014,0.005,0,0.26,0.037,0.0088,0.005,0.13,0,0,0,0,0.36,0,0,0,384
0.11,0.26,1.4,0.009,0.003,0,0.02,0.03,0.009,0.005,0.028,0,0,0,0,0.02,0,0,0,350
0.11,0.42,1.39,0.015,0.012,0,0.02,0.036,0.0046,0.005,0.08,0,0,0,0,0.02,0,0,0,295
0.11,0.42,1.46,0.015,0.013,0,0.02,0.039,0.0059,0.005,0.08,0,0.011,0,0,0.02,0,0,0,305
0.11,0.41,1.37,0.015,0.012,0,0.02,0.037,0.0045,0.005,0.08,0,0,0,0,0.02,0,0,0,294
0.11,0.42,1.43,0.014,0.013,0,0.02,0.038,0.0051,0.005,0.08,0,0.011,0,0,0.02,0,0,0,296
0.11,0.39,1.4,0.012,0.014,0,0.02,0.039,0.0058,0.005,0.09,0,0.011,0,0,0.02,0,0,0,290
0.12,0.4,1.39,0.019,0.014,0.01,0.02,0.005,0.0039,0.005,0.03,0.0005,0.005,0.02,0,0.02,0,0,0,330
0.12,0.39,1.4,0.014,0.02,0.01,0.02,0.005,0.008,0.005,0.07,0.0005,0.005,0.02,0,0.02,0,0,0,383
0.12,0.42,1.48,0.023,0.021,0.01,0.02,0.005,0.021,0.005,0.07,0.0005,0.005,0.02,0,0.02,0,0,0,460
0.12,0.4,1.4,0.017,0.019,0.01,0.02,0.005,0.018,0.005,0.11,0.0005,0.005,0.02,0,0.02,0,0,0,456
0.12,0.43,1.4,0.015,0.004,0,0.02,0.035,0.0043,0.005,0.08,0,0,0,0,0.02,0,0,0,302
0.12,0.42,1.37,0.015,0.004,0,0.02,0.034,0.0041,0.005,0.08,0,0,0,0,0.02,0,0,0,318
0.14,0.26,1.43,0.011,0.003,0,0.02,0.029,0.005,0.005,0.05,0,0,0,0,0.02,0,0,0,354
0.14,0.27,1.46,0.012,0.003,0.005,0.02,0.038,0.014,0.005,0.047,0,0,0.02,0,0.02,0,0,0,385
0.15,0.29,1.47,0.013,0.003,0.005,0.02,0.038,0.012,0.005,0.027,0,0,0.02,0,0.02,0,0,0,359
0.15,0.4,1.41,0.023,0.02,0.01,0.02,0.04,0.024,0.005,0.11,0.0005,0.005,0.02,0,0.02,0,0,0,460
0.16,0.26,1.45,0.011,0.003,0.005,0.02,0.04,0.0051,0.005,0.026,0,0,0.02,0,0.02,0,0,0,345
0.16,0.26,1.45,0.011,0.003,0.005,0.02,0.038,0.0056,0.005,0.043,0,0,0.02,0,0.02,0,0,0,372
0.15,0.27,1.36,0.017,0.008,0.003,0.03,0.027,0.01,0.006,0.003,0,0.003,0.04,0,0.01,0,0,0.0054,385
0.15,0.27,1.36,0.017,0.008,0.003,0.03,0.027,0.01,0.006,0.003,0,0.003,0.04,0,0.01,0,0,0.0054,376
0.15,0.27,1.39,0.016,0.008,0.003,0.03,0.028,0.011,0.01,0.003,0,0.003,0.04,0,0.01,0,0,0.0057,360
0.15,0.27,1.39,0.016,0.008,0.003,0.03,0.028,0.011,0.01,0.003,0,0.003,0.04,0,0.01,0,0,0.0057,365
0.067,0.21,1.44,0.002,0.0017,0,0.49,0.027,0.0013,0.01,0,0,0,0,0,0,0,0,0,361
0.067,0.21,1.44,0.002,0.0017,0,0.49,0.027,0.0013,0.01,0,0,0,0,0,0,0,0,0,361
0.071,0.38,1.47,0.01,0.003,0,0,0.063,0.0045,0.01,0,0,0,0,0,0,0,0,0,418
0.071,0.38,1.47,0.01,0.003,0,0,0.063,0.0045,0.01,0,0,0,0,0,0,0,0,0,426
0.071,0.38,1.47,0.01,0.003,0,0,0.063,0.0045,0.01,0,0,0,0,0,0,0,0,0,414
0.079,0.42,1.46,0.01,0.003,0,0,0.034,0.004,0.01,0,0,0.01,0,0,0,0,0,0,428
0.079,0.42,1.46,0.01,0.003,0,0,0.034,0.004,0.01,0,0,0.01,0,0,0,0,0,0,392
0.079,0.42,1.46,0.01,0.003,0,0,0.034,0.004,0.01,0,0,0.01,0,0,0,0,0,0,407
0.07,0.35,1.47,0.01,0.004,0,0.51,0.038,0.0058,0.011,0,0,0.013,0,0,0,0,0,0,386
0.08,0,0.79,0,0,0,0,0,0.0055,0.013,0,0,0.045,0,0,0,0,0,0,439
0.074,0.21,1.44,0.017,0.0017,0,0.52,0.032,0.0015,0.014,0,0,0,0,0,0,0,0,0,356
0.067,0.21,1.44,0.002,0.0017,0,0.49,0.027,0.0013,0.014,0,0,0,0,0,0,0,0,0,361
0.061,0.21,1.45,0.007,0.0017,0,0.52,0.032,0.0021,0.014,0,0,0,0,0,0,0,0,0,348
0.067,0.21,1.44,0.002,0.0017,0,0.49,0.027,0.0013,0.014,0,0,0,0,0,0,0,0,0,361
0.08,0.21,1.45,0.002,0.0019,0,0.5,0.028,0.0012,0.015,0,0,0,0,0,0,0,0,0,369
0.078,0.21,1.46,0.002,0.0018,0,0.5,0.03,0.0014,0.015,0,0,0,0,0,0,0,0,0,364
0.076,0.2,1.44,0.002,0.004,0,0.51,0.029,0.0013,0.015,0,0,0,0,0,0,0,0,0,374
0.078,0.21,1.46,0.002,0.0018,0,0.5,0.03,0.0014,0.015,0,0,0,0,0,0,0,0,0,364
0.073,0.03,1.46,0.002,0.0016,0.005,0.005,0.027,0.0014,0.015,0.005,0,0,0.005,0,0,0,0,0,382
0.073,0.03,1.46,0.002,0.0016,0.005,0.005,0.027,0.0014,0.015,0.005,0,0,0.005,0,0,0,0,0,382
0.076,0.2,1.44,0.002,0.004,0,0.51,0.029,0.0013,0.015,0,0,0,0,0,0,0,0,0,374
0.078,0.21,1.46,0.002,0.0018,0,0.5,0.03,0.0014,0.015,0,0,0,0,0,0,0,0,0,364
0.078,0.21,1.46,0.002,0.0018,0,0.5,0.03,0.0014,0.015,0,0,0,0,0,0,0,0,0,364
0.08,0.21,1.45,0.002,0.0019,0,0.5,0.028,0.0012,0.015,0,0,0,0,0,0,0,0,0,369
0.081,0.41,1.41,0.015,0.002,0,0.5,0.034,0.005,0.016,0,0,0.022,0,0,0,0,0,0,378
0.081,0.41,1.41,0.015,0.002,0,0.5,0.034,0.005,0.016,0,0,0.022,0,0,0,0,0,0,391
0.081,0.41,1.41,0.015,0.002,0,0.5,0.034,0.005,0.016,0,0,0.022,0,0,0,0,0,0,342
0.081,0.41,1.41,0.015,0.002,0,0.5,0.034,0.005,0.016,0,0,0.022,0,0,0,0,0,0,354
0.087,0.18,1.43,0.009,0.005,0,0.52,0.026,0.0077,0.016,0,0,0,0,0,0,0,0,0,378
0.08,0.18,1.44,0.002,0.0018,0,0.52,0.026,0.0018,0.016,0,0,0,0,0,0,0,0,0,378
0.084,0.22,1.45,0.002,0.0017,0,0.51,0.027,0.0014,0.016,0,0,0,0,0,0,0,0,0,362
0.08,0.18,1.44,0.002,0.0018,0,0.52,0.026,0.0018,0.016,0,0,0,0,0,0,0,0,0,378
0.081,0.03,1.46,0.008,0.006,0.005,0.02,0.027,0.0069,0.016,0.008,0,0,0.012,0,0,0,0,0,402
0.081,0.03,1.46,0.008,0.006,0.005,0.016,0.027,0.0069,0.016,0.008,0,0,0.012,0,0,0,0,0,402
0.083,0.21,1.46,0.002,0.0017,0,0.51,0.027,0.0016,0.016,0,0,0,0,0,0,0,0,0,364
0.083,0.21,1.46,0.002,0.0017,0,0.51,0.027,0.0016,0.016,0,0,0,0,0,0,0,0,0,364
0.084,0.22,1.45,0.002,0.0017,0,0.51,0.027,0.0014,0.016,0,0,0,0,0,0,0,0,0,362
0.087,0.18,1.43,0.009,0.005,0,0.52,0.026,0.0077,0.016,0,0,0,0,0,0,0,0,0,378
0.1,0.44,1.42,0.015,0.004,0,0.5,0.033,0.0049,0.017,0,0,0.003,0,0,0,0,0,0,402
0.097,0.43,1.43,0.015,0.001,0,0.5,0.036,0.0049,0.017,0,0,0.01,0,0,0,0,0,0,363
0.097,0.43,1.43,0.015,0.001,0,0.5,0.036,0.0049,0.017,0,0,0.01,0,0,0,0,0,0,398
0.1,0.44,1.42,0.015,0.004,0,0.5,0.033,0.0049,0.017,0,0,0.003,0,0,0,0,0,0,365
0.097,0.43,1.43,0.015,0.001,0,0.5,0.036,0.0049,0.017,0,0,0.01,0,0,0,0,0,0,351
0.097,0.43,1.43,0.015,0.001,0,0.5,0.036,0.0049,0.017,0,0,0.01,0,0,0,0,0,0,356
0.08,0.2,1.39,0.003,0.0015,0,0.49,0.034,0.0025,0.017,0,0,0,0,0,0,0,0,0,372
0.078,0.2,1.39,0.003,0.002,0,0.49,0.034,0.0025,0.017,0,0,0,0,0,0,0,0,0,372
0.078,0.2,1.39,0.003,0.002,0,0.49,0.034,0.0025,0.017,0,0,0,0,0,0,0,0,0,372
0.08,0.2,1.39,0.003,0.0015,0,0.49,0.034,0.0025,0.017,0,0,0,0,0,0,0,0,0,372
0.083,0.22,1.47,0.003,0.006,0,0.5,0.03,0.0045,0.018,0,0,0,0,0,0,0,0,0,384
0.092,0.22,1.45,0.017,0.005,0,0.5,0.03,0.0042,0.018,0,0,0,0,0,0,0,0,0,376
0.081,0.21,1.45,0.009,0.006,0,0.51,0.03,0.0044,0.018,0,0,0,0,0,0,0,0,0,377
0.16,0.35,1.07,0.014,0.002,0.002,0.018,0.038,0.007,0.019,0.002,0.0002,0.001,0.014,0,0.013,0,0,0,369
0.091,0.21,1.43,0.016,0.004,0,0.52,0.037,0.0064,0.019,0,0,0,0,0,0,0,0,0,385
0.07,0.39,1.46,0.011,0.006,0.02,0.07,0.037,0.017,0.019,0.13,0,0.009,0.08,0,0.07,0,0,0,568
0.091,0.21,1.43,0.016,0.004,0,0.52,0.037,0.0064,0.019,0,0,0,0,0,0,0,0,0,385
0.072,0.11,1.45,0.009,0.005,0.15,0.49,0,0.0084,0.02,0,0.0042,0.01,0,0,0,0,0,0,419
0.066,0.37,1.44,0.009,0.004,0,0.51,0.068,0.0049,0.02,0,0,0.013,0,0,0,0,0,0,390
0.069,0.11,1.46,0.009,0.003,0,0.51,0.007,0.006,0.02,0,0.0023,0.011,0,0,0,0,0,0,361
0.078,0.08,1.45,0.009,0.003,0.14,0.5,0.006,0.0071,0.02,0,0.0025,0.011,0,0,0,0,0,0,407
0.084,0.22,1.45,0.002,0.0017,0,0.51,0.027,0.0014,0.02,0,0,0,0,0,0,0,0,0,362
0.083,0.21,1.46,0.002,0.0017,0,0.51,0.027,0.0016,0.02,0,0,0,0,0,0,0,0,0,364
0.08,0.21,1.45,0.002,0.0019,0,0.5,0.028,0.0012,0.02,0,0,0,0,0,0,0,0,0,369
0.065,0.31,1.43,0.009,0.005,0,0.5,0.039,0.002,0.02,0,0,0,0,0,0,0,0,0,372
0.062,0.44,1.46,0.013,0.007,0.02,0.09,0.027,0.015,0.02,0.11,0,0,0.07,0,0.07,0,0,0,525
0.065,0.31,1.43,0.009,0.005,0,0.5,0.039,0.002,0.02,0,0,0,0,0,0,0,0,0,372
0.065,0.45,1.43,0.013,0.007,0.02,0.09,0.027,0.015,0.02,0.11,0,0,0.07,0,0.07,0,0,0,509
0.065,0.37,1.32,0.013,0.006,0.02,0.07,0.026,0.015,0.02,0.12,0,0,0.07,0,0.07,0,0,0,558
0.065,0.35,1.35,0.013,0.006,0.02,0.07,0.022,0.015,0.02,0.12,0,0,0.08,0,0.07,0,0,0,560
0.066,0.38,1.45,0.012,0.006,0.02,0.07,0.037,0.017,0.02,0.13,0,0.009,0.08,0,0.07,0,0,0,528
0.067,0.39,1.37,0.013,0.005,0.03,0.08,0.022,0.018,0.02,0.11,0,0,0.1,0,0.07,0,0,0,498
0.08,0.21,1.45,0.002,0.0019,0,0.5,0.028,0.0012,0.02,0,0,0,0,0,0,0,0,0,369
0.083,0.21,1.46,0.002,0.0017,0,0.51,0.027,0.0016,0.02,0,0,0,0,0,0,0,0,0,364
0.084,0.22,1.45,0.002,0.0017,0,0.51,0.027,0.0014,0.02,0,0,0,0,0,0,0,0,0,362
0.14,0.4,1.36,0.013,0.008,0.002,0.019,0.027,0.004,0.021,0.004,0.0001,0.019,0.024,0,0.01,0,0,0,427
0.074,0.38,1.47,0.01,0.003,0,0.51,0.038,0.0061,0.021,0,0,0.012,0,0,0,0,0,0,382
0.075,0.11,1.49,0.01,0.003,0,0.51,0.034,0.0051,0.021,0,0,0.013,0,0,0,0,0,0,377
0.077,0.37,1.45,0.009,0.004,0,0.5,0.042,0.0031,0.021,0,0,0.013,0,0,0,0,0,0,406
0.07,0.11,1.45,0.01,0.004,0,0.5,0.064,0.0037,0.021,0,0,0.013,0,0,0,0,0,0,398
0.07,0.36,1.47,0.01,0.004,0,0.51,0.038,0.0058,0.021,0,0,0.014,0,0,0,0,0,0,394
0.094,0.2,1.41,0.003,0.004,0,0.51,0.041,0.0058,0.021,0,0,0,0,0,0,0,0,0,384
0.076,0.31,1.44,0.011,0.006,0,0.02,0.042,0.0047,0.021,0,0,0.01,0,0,0,0,0,0,353
0.08,0.3,1.4,0.011,0.005,0,0.02,0.036,0.0088,0.021,0,0,0.01,0,0,0,0,0,0,358
0.075,0.3,1.44,0.01,0.004,0,0.02,0.041,0.0006,0.021,0,0,0.009,0,0,0,0,0,0,372
0.078,0.3,1.45,0.01,0.006,0,0.02,0.039,0.0024,0.021,0,0,0.009,0,0,0,0,0,0,356
0.077,0.32,1.45,0.01,0.006,0,0.5,0.037,0.0006,0.021,0,0,0,0,0,0,0,0,0,397
0.071,0.31,1.54,0.01,0.006,0,0.5,0.036,0.004,0.021,0,0,0,0,0,0,0,0,0,393
0.078,0.34,1.44,0.01,0.006,0,0.5,0.035,0.0088,0.021,0,0,0,0,0,0,0,0,0,383
0.085,0.21,1.44,0.012,0.005,0,0.51,0.035,0.0059,0.021,0,0,0,0,0,0,0,0,0,388
0.085,0.22,1.45,0.005,0.005,0,0.52,0.029,0.0054,0.021,0,0,0,0,0,0,0,0,0,379
0.091,0.2,1.44,0.007,0.006,0,0.52,0.033,0.0062,0.021,0,0,0,0,0,0,0,0,0,382
0.076,0.2,1.42,0.003,0.003,0,0.52,0.036,0.0062,0.021,0,0,0,0,0,0,0,0,0,384
0.071,0.35,1.44,0.008,0.003,0,0.5,0.032,0.004,0.021,0,0,0.012,0,0,0,0,0,0,381
0.083,0.35,1.44,0.007,0.003,0,0.5,0.032,0.0076,0.021,0,0,0.01,0,0,0,0,0,0,398
0.063,0.35,1.45,0.009,0.003,0,0.5,0.034,0.0052,0.021,0,0,0.012,0,0,0,0,0,0,380
0.064,0.45,1.46,0.012,0.007,0.02,0.09,0.031,0.015,0.021,0.11,0,0,0.07,0,0.07,0,0,0,508
0.065,0.36,1.45,0.009,0.003,0,0.5,0.034,0.0038,0.021,0,0,0.012,0,0,0,0,0,0,409
0.071,0.31,1.54,0.01,0.006,0,0.5,0.036,0.004,0.021,0,0,0,0,0,0,0,0,0,393
0.075,0.3,1.44,0.01,0.004,0,0.02,0.041,0.0006,0.021,0,0,0.009,0,0,0,0,0,0,372
0.076,0.31,1.44,0.011,0.006,0,0.02,0.042,0.0047,0.021,0,0,0.01,0,0,0,0,0,0,353
0.076,0.2,1.42,0.003,0.003,0,0.52,0.036,0.0062,0.021,0,0,0,0,0,0,0,0,0,384
0.077,0.32,1.45,0.01,0.006,0,0.5,0.037,0.0006,0.021,0,0,0,0,0,0,0,0,0,397
0.078,0.3,1.45,0.01,0.006,0,0.02,0.039,0.0024,0.021,0,0,0.009,0,0,0,0,0,0,356
0.078,0.34,1.44,0.01,0.006,0,0.5,0.035,0.0088,0.021,0,0,0,0,0,0,0,0,0,383
0.08,0.3,1.4,0.011,0.005,0,0.02,0.036,0.0088,0.021,0,0,0.01,0,0,0,0,0,0,358
0.085,0.21,1.44,0.012,0.005,0,0.51,0.035,0.0059,0.021,0,0,0,0,0,0,0,0,0,388
0.085,0.22,1.45,0.005,0.005,0,0.52,0.029,0.0054,0.021,0,0,0,0,0,0,0,0,0,379
0.091,0.2,1.44,0.007,0.006,0,0.52,0.033,0.0062,0.021,0,0,0,0,0,0,0,0,0,382
0.094,0.2,1.41,0.003,0.004,0,0.51,0.041,0.0058,0.021,0,0,0,0,0,0,0,0,0,384
0.12,0.41,1.41,0.012,0.009,0.002,0.019,0.039,0.004,0.022,0.003,0.0002,0.018,0.019,0,0.012,0,0,0,444
0.08,0,0.75,0,0,0,0,0,0.0075,0.022,0,0,0.022,0,0,0,0,0,0,435
0.08,0,0.75,0,0,0,0,0,0.0075,0.022,0,0,0.022,0,0,0,0,0,0,455
0.1,0.21,1.48,0.016,0.007,0,0.51,0.033,0.0078,0.022,0,0,0,0,0,0,0,0,0,391
0.095,0.21,1.48,0.027,0.006,0,0.52,0.036,0.0063,0.022,0,0,0,0,0,0,0,0,0,382
0.077,0.32,1.44,0.013,0.003,0,0,0.034,0.0042,0.022,0.05,0,0,0,0,0.15,0,0,0,452
0.061,0.35,1.45,0.008,0.003,0,0.5,0.035,0.0038,0.022,0,0,0.011,0,0,0,0,0,0,391
0.071,0.35,1.45,0.008,0.003,0,0.51,0.036,0.0055,0.022,0,0,0.011,0,0,0,0,0,0,399
0.072,0.35,1.45,0.007,0.004,0,0.51,0.036,0.0036,0.022,0,0,0.012,0,0,0,0,0,0,403
0.075,0.34,1.45,0.008,0.003,0,0.5,0.032,0.0049,0.022,0,0,0.011,0,0,0,0,0,0,441
0.095,0.21,1.48,0.027,0.006,0,0.52,0.036,0.0063,0.022,0,0,0,0,0,0,0,0,0,382
0.1,0.21,1.48,0.016,0.007,0,0.51,0.033,0.0078,0.022,0,0,0,0,0,0,0,0,0,391
0.061,0.29,1.45,0.013,0.003,0,0.16,0.037,0.0047,0.023,0.05,0,0,0,0,0.15,0,0,0,442
0.067,0.29,1.45,0.01,0.003,0,0.16,0.04,0.0034,0.023,0.05,0,0,0,0,0,0,0,0,442
0.073,0.31,1.43,0.013,0.003,0.2,0,0.038,0.0053,0.023,0,0,0,0,0,0,0,0,0,441
0.06,0.35,1.45,0.008,0.003,0,0.51,0.035,0.0037,0.023,0,0,0.011,0,0,0,0,0,0,453
0.15,0.3,1.39,0.016,0.024,0,0,0,0.005,0.024,0,0,0,0,0,0,0,0,0,451
0.15,0.3,1.39,0.016,0.024,0,0,0,0.005,0.024,0,0,0,0,0,0,0,0,0,516
0.15,0.3,1.39,0.016,0.024,0,0,0,0.005,0.024,0,0,0,0,0,0,0,0,0,422
0.15,0.3,1.39,0.016,0.024,0,0,0,0.005,0.024,0,0,0,0,0,0,0,0,0,541
0.15,0.3,1.39,0.016,0.024,0,0,0,0.005,0.024,0,0,0,0,0,0,0,0,0,467
0.15,0.3,1.39,0.016,0.024,0,0,0,0.005,0.024,0,0,0,0,0,0,0,0,0,577
0.091,0.31,1.43,0,0.001,0,0,0,0,0.024,0,0,0,0,0,0,0,0,0,530
0.21,0.146,1.35,0.03,0.033,0,0,0,0,0.025,0,0,0,0,0,0,0,0,0,519.93
0.13,0,1.45,0,0,0,0,0,0.07,0.025,0,0,0.015,0,0,0,0,0,0,375
0.13,0,1.45,0,0,0,0,0,0.07,0.025,0,0,0.015,0,0,0,0,0,0,390
0.081,0.32,1.37,0.012,0.003,0,0,0.039,0.0047,0.025,0,0,0,0,0,0.02,0,0,0,359
0.097,0.33,1.38,0.01,0.003,0,0,0.039,0.0047,0.025,0,0,0,0,0,0.02,0,0,0,366
0.08,0.3,1.4,0.01,0.005,0,0,0.04,0.0048,0.025,0,0,0,0,0,0.02,0,0,0,349
0.092,0.29,1.41,0.015,0.004,0.21,0.3,0.029,0.009,0.025,0.05,0,0.0005,0,0,0,0,0,0,438
0.08,0.3,1.4,0.01,0.005,0,0,0.04,0.0048,0.025,0,0,0,0,0,0.02,0,0,0,349
0.081,0.32,1.37,0.012,0.003,0,0,0.039,0.0047,0.025,0,0,0,0,0,0.02,0,0,0,359
0.097,0.33,1.38,0.01,0.003,0,0,0.039,0.0047,0.025,0,0,0,0,0,0.02,0,0,0,366
0.15,0.4,1.37,0.02,0.007,0.002,0.02,0.033,0.004,0.026,0.002,0.0002,0.002,0.02,0,0.017,0,0,0,415
0.09,0.33,1.39,0.011,0.002,0,0,0.04,0.0049,0.026,0,0,0,0,0,0.02,0,0,0,376
0.092,0.31,1.39,0.011,0.002,0,0,0.04,0.0036,0.026,0,0,0,0,0,0.02,0,0,0,372
0.1,0.3,1.46,0.014,0.003,0,0.7,0.026,0.005,0.026,0.05,0,0.001,0,0,0.3,0,0,0,451
0.1,0.3,1.46,0.015,0.003,0,0.31,0.031,0.006,0.026,0.05,0,0.0005,0,0,0,0,0,0,431
0.097,0.3,1.45,0.014,0.004,0,0.42,0.03,0.007,0.026,0.05,0,0.0005,0,0,0.31,0,0,0,441
0.079,0.29,1.59,0.014,0.004,0,0.41,0.028,0.006,0.026,0.05,0,0.0005,0,0,0,0,0,0,432
0.1,0.31,1.46,0.015,0.002,0.08,0.31,0.025,0.005,0.026,0.05,0,0.0005,0,0,0,0,0,0,443
0.071,0.43,1.49,0.009,0.006,0.02,0.08,0.026,0.0089,0.026,0.12,0,0,0.07,0,0.07,0,0,0,579
0.09,0.33,1.39,0.011,0.002,0,0,0.04,0.0049,0.026,0,0,0,0,0,0.02,0,0,0,376
0.092,0.31,1.39,0.011,0.002,0,0,0.04,0.0036,0.026,0,0,0,0,0,0.02,0,0,0,372
0.15,0.38,1.41,0.013,0.013,0.002,0.023,0.041,0.005,0.027,0.002,0.0003,0.002,0.023,0,0.013,0,0,0,475
0.08,0,0.79,0,0,0,0,0,0.0055,0.027,0,0,0.027,0,0,0,0,0,0,450
0.09,0.3,1.39,0.011,0.002,0,0,0.041,0.0061,0.027,0,0,0,0,0,0.02,0,0,0,375
0.097,0.31,1.39,0.01,0.002,0,0,0.04,0.0054,0.027,0,0,0,0,0,0.26,0,0,0,388
0.073,0.29,1.45,0.014,0.004,0,0.41,0.028,0.01,0.027,0.05,0,0.0005,0,0,0,0,0,0,425
0.09,0.3,1.39,0.011,0.002,0,0,0.041,0.0061,0.027,0,0,0,0,0,0.02,0,0,0,375
0.097,0.31,1.39,0.01,0.002,0,0,0.04,0.0054,0.027,0,0,0,0,0,0.26,0,0,0,388
0.15,0.29,1.23,0.017,0.008,0.003,0.02,0.014,0.011,0.028,0.003,0,0.003,0.01,0,0.01,0,0,0.0077,360
0.15,0.29,1.25,0.018,0.008,0.003,0.02,0.016,0.01,0.028,0.003,0,0.003,0.01,0,0.01,0,0,0.0066,383
0.15,0.29,1.23,0.018,0.008,0.003,0.02,0.015,0.01,0.028,0.003,0,0.003,0.01,0,0.01,0,0,0.0069,381
0.15,0.29,1.23,0.017,0.008,0.003,0.02,0.014,0.011,0.028,0.003,0,0.003,0.01,0,0.01,0,0,0.0077,354
0.15,0.29,1.25,0.018,0.008,0.003,0.02,0.016,0.01,0.028,0.003,0,0.003,0.01,0,0.01,0,0,0.0066,360
0.15,0.29,1.23,0.018,0.008,0.003,0.02,0.015,0.01,0.028,0.003,0,0.003,0.01,0,0.01,0,0,0.0069,357
0.16,0.32,1.29,0.018,0.008,0.003,0.02,0.014,0.0097,0.029,0.003,0,0.003,0.01,0,0.01,0,0,0.0062,403
0.16,0.32,1.29,0.017,0.008,0.003,0.02,0.017,0.0095,0.029,0.003,0,0.003,0.01,0,0.01,0,0,0.0053,435
0.16,0.32,1.29,0.018,0.008,0.003,0.02,0.014,0.0097,0.029,0.003,0,0.003,0.01,0,0.01,0,0,0.0062,373
0.16,0.32,1.29,0.017,0.008,0.003,0.02,0.017,0.0095,0.029,0.003,0,0.003,0.01,0,0.01,0,0,0.0053,375
0.084,0.3,1.46,0.014,0.003,0,0.91,0.029,0.005,0.029,0,0,0.0005,0,0,0.3,0,0,0,427
0.06,0.4,1.5,0.015,0.005,0.02,0.07,0.025,0.01,0.03,0.1,0.0003,0,0.08,0,0.07,0,0,0,574
0.06,0.4,1.5,0.015,0.005,0.02,0.07,0.025,0.01,0.03,0.1,0.0003,0,0.08,0,0.07,0,0,0,544
0.06,0.4,1.5,0.015,0.005,0.02,0.07,0.025,0.01,0.03,0.1,0.0003,0,0.08,0,0.07,0,0,0,632
0.06,0.4,1.5,0.015,0.005,0.02,0.07,0.025,0.01,0.03,0.1,0.0003,0.007,0.08,0,0.07,0,0,0,487
0.06,0.4,1.5,0.015,0.005,0.02,0.07,0.025,0.01,0.03,0.1,0.0003,0.007,0.08,0,0.07,0,0,0,547
0.06,0.4,1.5,0.015,0.005,0.02,0.07,0.025,0.01,0.03,0.1,0.0003,0.007,0.08,0,0.07,0,0,0,590
0.061,0.48,1.48,0.015,0.005,0.02,0.09,0.035,0.011,0.03,0.11,0.0003,0.003,0.08,0,0.08,0,0,0.007,632
0.061,0.48,1.48,0.015,0.005,0.02,0.09,0.035,0.011,0.03,0.11,0.0003,0.003,0.08,0,0.08,0,0,0.007,543
0.061,0.48,1.48,0.015,0.005,0.02,0.09,0.035,0.011,0.03,0.11,0.0003,0.003,0.08,0,0.08,0,0,0.007,573
0.15,0.26,1.45,0.012,0.003,0.005,0.02,0.038,0.0059,0.03,0.005,0,0,0.02,0,0.02,0,0,0,388
0.091,0.3,1.42,0.013,0.003,0,0.89,0.026,0.006,0.03,0,0,0.002,0,0,0.3,0,0,0,415
0.068,0.43,1.23,0.012,0.014,0.005,0.24,0.074,0.0092,0.03,0,0,0,0.52,0,0.35,0,0,0,350
0.068,0.43,1.23,0.012,0.014,0.005,0.24,0.074,0.0092,0.03,0,0,0,0.52,0,0.35,0,0,0,382
0.068,0.43,1.23,0.012,0.014,0.005,0.24,0.074,0.0092,0.03,0,0,0,0.52,0,0.35,0,0,0,389
0.068,0.43,1.23,0.012,0.014,0.005,0.24,0.074,0.0092,0.03,0,0,0,0.52,0,0.35,0,0,0,384
0.11,0.43,1.16,0.012,0.014,0.01,0.24,0.069,0.01,0.03,0,0,0,0.53,0,0.35,0,0,0,355
0.11,0.43,1.16,0.012,0.014,0.01,0.24,0.069,0.01,0.03,0,0,0,0.53,0,0.35,0,0,0,381
0.11,0.43,1.16,0.012,0.014,0.01,0.24,0.069,0.01,0.03,0,0,0,0.53,0,0.35,0,0,0,407
0.11,0.43,1.16,0.012,0.014,0.01,0.24,0.069,0.01,0.03,0,0,0,0.53,0,0.35,0,0,0,411
0.11,0.41,1.43,0.015,0.012,0,0.02,0.039,0.0057,0.03,0.005,0,0,0,0,0.02,0,0,0,345
0.11,0.41,1.4,0.015,0.011,0,0.02,0.038,0.0057,0.03,0.005,0,0,0,0,0.02,0,0,0,303
0.15,0.26,1.45,0.012,0.003,0.005,0.02,0.038,0.0059,0.03,0.005,0,0,0.02,0,0.02,0,0,0,388
0.1,0.19,1.4,0.005,0.002,0,0,0.031,0.004,0.031,0.003,0.0006,0,0,0,0,0,0,0,358
0.1,0.36,1.36,0.011,0.003,0.002,0.019,0.036,0.004,0.031,0.002,0.0001,0.002,0.017,0,0.01,0,0,0,435
0.056,0.51,1.45,0.016,0.005,0.02,0.09,0.022,0.011,0.031,0.11,0.0003,0.008,0.08,0,0.07,0,0,0,590
0.056,0.51,1.45,0.016,0.005,0.02,0.09,0.022,0.011,0.031,0.11,0.0003,0.008,0.08,0,0.07,0,0,0,547
0.056,0.51,1.45,0.016,0.005,0.02,0.09,0.022,0.011,0.031,0.11,0.0003,0.008,0.08,0,0.07,0,0,0,496
0.1,0.02,0.91,0.011,0.008,0,0,0.04,0.007,0.031,0,0,0.041,0,0,0,0,0.005,0,412
0.1,0.02,0.91,0.011,0.008,0,0,0.04,0.007,0.031,0,0,0.041,0,0,0,0,0.005,0,339
0.1,0.02,0.91,0.011,0.008,0,0,0.04,0.007,0.031,0,0,0.041,0,0,0,0,0.005,0,357
0.1,0.02,0.91,0.011,0.008,0,0,0.04,0.007,0.031,0,0,0.041,0,0,0,0,0.005,0,395
0.1,0.02,0.91,0.011,0.008,0,0,0.04,0.007,0.031,0,0,0.041,0,0,0,0,0.005,0,434
0.1,0.02,0.91,0.011,0.008,0,0,0.04,0.007,0.031,0,0,0.041,0,0,0,0,0.005,0,399
0.1,0.02,0.91,0.011,0.008,0,0,0.04,0.007,0.031,0,0,0.041,0,0,0,0,0.005,0,382
0.1,0.02,0.91,0.011,0.008,0,0,0.04,0.007,0.031,0,0,0.041,0,0,0,0,0.005,0,375
0.1,0.02,0.91,0.011,0.008,0,0,0.04,0.007,0.031,0,0,0.041,0,0,0,0,0.005,0,373
0.1,0.02,0.91,0.011,0.008,0,0,0.04,0.007,0.031,0,0,0.041,0,0,0,0,0.005,0,435
0.1,0.02,0.91,0.011,0.008,0,0,0.04,0.007,0.031,0,0,0.041,0,0,0,0,0.005,0,448
0.1,0.02,0.91,0.011,0.008,0,0,0.04,0.007,0.031,0,0,0.041,0,0,0,0,0.005,0,423
0.1,0.02,0.91,0.011,0.008,0,0,0.04,0.007,0.031,0,0,0.041,0,0,0,0,0.005,0,411
0.1,0.02,0.91,0.011,0.008,0,0,0.04,0.007,0.031,0,0,0.041,0,0,0,0,0.005,0,403
0.1,0.02,0.91,0.011,0.008,0,0,0.04,0.007,0.031,0,0,0.041,0,0,0,0,0.005,0,385
0.1,0.02,0.91,0.011,0.008,0,0,0.04,0.007,0.031,0,0,0.041,0,0,0,0,0.005,0,376
0.1,0.02,0.91,0.011,0.008,0,0,0.04,0.007,0.031,0,0,0.041,0,0,0,0,0.005,0,378
0.1,0.02,0.91,0.011,0.008,0,0,0.04,0.007,0.031,0,0,0.041,0,0,0,0,0.005,0,358
0.1,0.02,0.91,0.011,0.008,0,0,0.04,0.007,0.031,0,0,0.041,0,0,0,0,0.005,0,357
0.1,0.02,0.91,0.011,0.008,0,0,0.04,0.007,0.031,0,0,0.041,0,0,0,0,0.005,0,292
0.1,0.27,1.45,0.011,0.004,0,0.016,0.025,0.0058,0.031,0.005,0,0,0,0,0.02,0,0,0,379
0.094,0.28,1.37,0.015,0.003,0,0.85,0.028,0.004,0.031,0,0,0.011,0,0,0.28,0,0,0,456
0.098,0.45,1.56,0.014,0.002,0,0.31,0.031,0.008,0.031,0.09,0,0.011,0,0,0.3,0,0,0,476
0.062,0.41,1.48,0.012,0.006,0.02,0.08,0.041,0.0087,0.031,0.13,0,0.007,0.07,0,0.07,0,0,0,520
0.1,0.27,1.45,0.011,0.004,0,0.016,0.025,0.0058,0.031,0.005,0,0,0,0,0.02,0,0,0,381
0.1,0.19,1.4,0.005,0.002,0.005,0.02,0.031,0.004,0.031,0.005,0,0,0.02,0,0.02,0,0,0,358
0.14,0.42,1.15,0.012,0.014,0.01,0.24,0.071,0.0084,0.031,0,0,0,0.54,0,0.35,0,0,0,364
0.14,0.42,1.15,0.012,0.014,0.01,0.24,0.071,0.0084,0.031,0,0,0,0.54,0,0.35,0,0,0,375
0.14,0.42,1.15,0.012,0.014,0.01,0.24,0.071,0.0084,0.031,0,0,0,0.54,0,0.35,0,0,0,383
0.14,0.42,1.15,0.012,0.014,0.01,0.24,0.071,0.0084,0.031,0,0,0,0.54,0,0.35,0,0,0,418
0.086,0.32,1.34,0.011,0.0065,0,0,0.035,0.0056,0.032,0,0,0,0,0.015,0,0,0,0,434
0.086,0.32,1.34,0.011,0.0065,0,0,0.035,0.0056,0.032,0,0,0,0,0.015,0,0,0,0,532
0.086,0.32,1.34,0.011,0.0065,0,0,0.035,0.0056,0.032,0,0,0,0,0.015,0,0,0,0,563
0.086,0.32,1.34,0.011,0.0065,0,0,0.035,0.0056,0.032,0,0,0,0,0.015,0,0,0,0,647
0.14,0.25,1.44,0.011,0.003,0,0.016,0.027,0.0049,0.032,0.005,0,0,0,0,0.02,0,0,0,391
0.11,0.29,1.41,0.015,0.003,0,0.3,0.027,0.005,0.032,0.05,0,0.011,0,0,0,0,0,0,444
0.099,0.45,1.56,0.016,0.002,0,0.31,0.03,0.007,0.032,0.09,0,0,0,0,0.3,0,0,0,467
0.12,0.27,1.41,0.014,0.002,0,0.31,0.028,0.008,0.032,0.09,0,0.012,0,0,0,0,0,0,445
0.14,0.25,1.44,0.011,0.003,0,0.016,0.027,0.0049,0.032,0.005,0,0,0,0,0.02,0,0,0,391
0.11,0.3,1.4,0,0,0,0,0,0,0.034,0,0,0,0,0,0,0,0,0,395
0.05,0.48,1.35,0.014,0.01,0.01,0.02,0.04,0.0055,0.036,0.005,0,0,0.02,0,0.02,0,0,0,307
0.051,0.5,1.4,0.014,0.011,0.01,0.02,0.04,0.0058,0.036,0.005,0,0,0.02,0,0.02,0,0,0,386
0.025,0.24,1.56,0.002,0.0006,0.32,2.99,0,0.0062,0.039,0.019,0,0,0,0,0,0,0,0,572
0.073,0.39,1.63,0,0,0.2,0,0,0,0.039,0,0,0.014,0.5,0,0,0,0,0,601
0.025,0.24,1.56,0.002,0.0006,0.32,0,0,0.0062,0.04,0.02,0,0,0,0,0,0,0,0.0043,530
0.07,0.25,0.9,0.007,0.0015,0,0.2,0,0.004,0.04,0.04,0,0.015,0,0,0.2,0,0,0.004,540
0.025,0.24,1.56,0.002,0.0006,0.32,0,0,0.0062,0.04,0.02,0,0,0,0,0,0,0,0.0043,530
0.07,0.25,0.9,0.007,0.0015,0,0.2,0,0.004,0.04,0.04,0,0.015,0,0,0.2,0,0,0.004,540
0.07,0.25,1.1,0,0,0,0,0.041,0.003,0.04,0,0,0.02,0,0,0,0,0,0,395
0.07,0.25,1.1,0,0,0,0,0.041,0.003,0.04,0,0,0.02,0,0,0,0,0,0,463
0.07,0.25,1.1,0,0,0,0,0.041,0.003,0.04,0,0,0.02,0,0,0,0,0,0,502
0.07,0.25,1.1,0,0,0,0,0.041,0.003,0.04,0,0,0.02,0,0,0,0,0,0,504
0.07,0.25,1.1,0,0,0,0,0.041,0.003,0.04,0,0,0.02,0,0,0,0,0,0,400
0.07,0.25,1.1,0,0,0,0,0.041,0.003,0.04,0,0,0.02,0,0,0,0,0,0,450
0.1,0.24,1.17,0.01,0.01,0,0,0.04,0,0.04,0.04,0,0.05,0,0,0,0,0,0,467.1
0.16,0.36,1.16,0.014,0.01,0.002,0.02,0.032,0.008,0.042,0.002,0.0001,0.002,0.23,0,0.016,0,0,0,406
0.14,0.32,1.55,0.009,0.016,0,0,0.02,0.0097,0.043,0.1,0,0.023,0,0,0,0,0,0,401
0.076,0.3,1.47,0.014,0.004,0,0.42,0.03,0.006,0.045,0.05,0,0.0005,0,0,0,0,0,0,449
0.089,0.31,1.42,0.016,0.006,0,0.33,0.043,0.007,0.045,0.05,0,0.0005,0,0,0,0,0,0,464
0.16,0.47,1.45,0.015,0.007,0.001,0.02,0.041,0.008,0.046,0.003,0.0002,0.011,0.017,0,0.012,0,0,0,441
0.086,0.3,1.46,0.014,0.002,0,0.42,0.028,0.009,0.046,0.09,0,0,0,0,0,0,0,0,469
0.14,0.3,1.54,0.009,0.02,0,0,0.03,0.0094,0.047,0.092,0,0,0,0,0,0,0,0,435
0.07,0.31,1.36,0,0.005,0.15,0,0,0.009,0.052,0,0,0.01,0,0,0,0,0,0,480
0.079,0,1.25,0,0,0,0,0,0.0057,0.054,0,0,0.014,0,0,0,0,0,0,402
0.079,0.25,1.36,0.008,0.003,0,0,0.03,0.0036,0.059,0,0,0,0,0,0,0,0,0,468
0.08,0,1.4,0,0,0,0,0,0.0046,0.059,0,0,0,0,0,0,0,0,0,442
0.048,0,1.19,0,0,0,0,0,0.006,0.076,0,0,0.001,0,0,0,0,0,0,574
0.048,0,1.19,0,0,0,0,0,0.006,0.076,0,0,0.012,0,0,0,0,0,0,569
0.048,0,1.19,0,0,0,0,0,0.005,0.076,0,0,0.025,0,0,0,0,0,0,606
0.048,0,1.19,0,0,0,0,0,0.001,0.076,0,0,0.001,0,0,0,0,0,0,600
0.06,0,1.5,0,0,0.15,0,0,0,0.08,0,0.001,0.075,0,0,0,0,0,0,798
0.006,0,1.5,0,0,0,0,0,0,0.08,0,0,0.07,0,0,0,0,0,0,607
0.03,0.16,1.49,0.013,0.001,0,0.16,0.024,0.005,0.086,0,0,0.011,0.27,0,0.25,0,0,0,470
0.07,0.14,1.35,0.009,0.003,0,0,0.044,0.007,0.086,0,0,0.047,0,0,0,0,0,0,648
0.12,0.14,1.15,0.01,0.01,0,0,0.02,0,0.1,0,0,0,0,0,0,0,0,0,408.7
0.08,0,0.79,0,0,0,0,0,0.0055,0.22,0,0,0.055,0,0,0,0,0,0,529
0.1,0.08,1.47,0,0,0,0,0,0,0.45,0,0,0.31,0,0,0,0,0,0,670
0.06,0,1.5,0,0,0,0,0,0,0.08,0,0,0.07,0,0,0,0,0,0,607
0.117,0.057,1.571,0.009,0.005,0.21,0.03,0.068,0.0046,0.05,0.06,0.002,0.003,0.5,0,0,0,0,0,722
0.117,0.057,1.571,0.009,0.005,0.21,0.03,0.068,0.0046,0.05,0.06,0.002,0.003,0.5,0,0,0,0,0,808
0.119,0.047,1.595,0.011,0.006,0.21,0.038,0.029,0.0055,0.05,0.06,0.002,0.028,0.5,0,0,0,0,0,670
0.119,0.047,1.595,0.011,0.006,0.21,0.038,0.029,0.0055,0.05,0.06,0.002,0.028,0.5,0,0,0,0,0,814
0.06,0.22,1.72,0.01,0.002,0.16,0.21,0.025,0.008,0.038,0.015,0,0.004,0.05,0,0.18,0,0,0,575
0.06,0.2,1.75,0.01,0.006,0.3,0.9,0,0.007,0.045,0.05,0,0.02,0.3,0,0,0,0,0,477
0.03,0.48,1.46,0.01,0.006,0.19,0,0.19,0.003,0.04,0.05,0.002,0.04,0,0,0,0,0,0,487
0.1,0.15,1.25,0.01,0.01,0,0,0.014,0.007,0.05,0,0,0.01,0,0,0,0,0,0,600
0.08,0.3,1.2,0.01,0.007,0.5,3.6,0,0.007,0,0.02,0,0.02,0.3,0,1.8,0,0,0,800
